ID,诗名,花名,朝代,赏析_preview,zh_top5,zh_top10,sk_top5,sk_top10,共同token数,共同tokens,一致率
2,咏梅花,梅花,南朝梁,这首《咏梅花》，从梅花的飘零写到人生的飘零，情调是凄婉的。起首“可怜”二字，即为,"回、随、""、还、度","回 随 "" 还 度 乍 我 纤 指 之","感、""、彩、去、度","感 "" 彩 去 度 飘 于 梅 的 写",2,"度、""",0.2
154,沁园春,虞美人,宋,宋代诗人、词人都爱咏梅，而刘克庄与梅花可谓最有缘分。其初为建阳令时，曾作<落梅》,"""、橘、却、得、山",""" 橘 却 得 山 敛 当 幸 谤 忤",香、昭、之、幸、梦,香 昭 之 幸 梦 柄 咏 的 舜 他,1,幸,0.1
150,疏 影,虞美人,宋,宋人喜梅。自林逋“疏影横斜水清浅，暗香浮动月黄昏”的传神妙笔之后，虽代有佳作，且,拟、梅、笔、唱、疏,"拟 梅 笔 唱 疏 "" 般 重 起 词",梅、地、的、般、奴,梅 地 的 般 奴 宋 象 于 她 味,2,梅、般,0.2
149,疏 影,虞美人,宋,《暗香》、〈疏影>两词为姊妹篇，作于同时同地，亦同负盛名。〈暗香>旨在忆旧怀人，,"种、想、""、似、缀","种 想 "" 似 缀 莫 修 层 矢 宿",旨、化、的、塞、环,旨 化 的 塞 环 美 苞 幅 客 篇,0,,0.0
146,一尊红,虞美人,元,这首词借咏盆梅，寄托山林之志。 上片写盆梅白天开放，寒夜飘落。前半由昼景写到夜景,须、试、字、后、融,须 试 字 后 融 玉 藓 脉 贯 堂,着、之、后、>、放,着 之 后 > 放 字 泛 露 起 睡,2,字、后,0.2
140,汉宫春,虞美人,宋,·这是一首咏梅言志之作。上片首三句，极力渲染江梅的潇洒之美，而这种美又是通过“竹,拍、司、那、片、堂,拍 司 那 片 堂 歇 两 承 这 上,故、美、片、拍、对,故 美 片 拍 对 > 的 白 特 转,2,拍、片,0.2
137,江梅引,虞美人,金,"这首咏梅词侧重于“赋青梅""。青梅就是梅实，俗称梅子。可见这时已是暮春时节，梅花已",修、比、合、用、绾,修 比 合 用 绾 指 华 荐 献 试,统、黄、倦、喻、玉,统 黄 倦 喻 玉 叫 萼 某 取 于,0,,0.0
136,孤雁儿,虞美人,宋,清照词以白描见长，能以淡雅之笔写出幽怨之情、深曲之意。这首词正可为其范例。 全词,"续、便、""、闲、起","续 便 "" 闲 起 梅 恰 - 慢 无",写、弊、词、于、为,写 弊 词 于 为 的 慢 之 照 片,1,慢,0.1
135,渔家傲,虞美人,宋,这首词写月下赏梅，景物清幽，意趣超然。作为主体形象的梅花，幽姿楚楚，清香暗度，已,"""、妆、处、淡、想",""" 妆 处 淡 想 月 成 美 常 通","的、表、照、,、片","的 表 照 , 片 于 之 仁 女 美",1,美,0.1
127,朝中措,梅花,宋,这首词并不着力刻画梅之形貌，但确实是一首咏梅词。全篇遣词造句，意趣神色之间，梅之,"争、场、人、""、美","争 场 人 "" 美 底 同 写 把 免",梅、>、于、的、之,梅 > 于 的 之 句 与 作 梦 从,0,,0.0
155,贺新郎,虞美人,宋,“履斋先生”，即南宋后期重臣吴潜，与吴文英很有交谊。“沧浪”，指沧浪亭，在苏州。,"访、-、""、乔、繚","访 - "" 乔 繚 越 华 时 均 巍",极、访、的、此、期,极 访 的 此 期 之 履 云 带 史,1,访,0.1
355,东风第一枝,棠梨花,清,仲春时节，菜花开放，淡黄色的花儿迎风摇动，卷起层层波浪，是诱人的。菜花散布在农民,上、遗、漫、仍、俏,上 遗 漫 仍 俏 钿 铺 不 阴 罗,地、卉、而、盛、的,地 卉 而 盛 的 妩 俏 仍 海 句,2,仍、俏,0.2
157,代迎春花招刘郎中,迎春花,唐,.公元828年(大和二年)春，白居易和刘禹锡先后自洛阳返长安，右迁赴任(刘除主客,除、>、写、日、冲,除 > 写 日 冲 折 植 带 周 皆,栽、日、的、长、>,栽 日 的 长 > 皆 公 说 于 幸,3,皆、日、>,0.3
5,和秦太虚梅花,梅花,宋,"东坡七古气势轩昂，若风檣阵马，一片神行，最能体现其“万斛泉源，不择地而出""，“滔","用、""、骨、建、坚","用 "" 骨 建 坚 和 观 患 恼 狂",章、忧、卷、拍、之,章 忧 卷 拍 之 难 的 经 于 虚,0,,0.0
6,十一月二十六日，松风亭下梅花盛开，,梅花,宋,宋哲宗绍圣元年(1094)，因御史虞策、来之邵等上言苏轼所作诰词多涉讥训，贬苏轼,律、随、女、正、度,律 随 女 正 度 裂 联 岐 因 佑,>、浑、淮、的、路,> 浑 淮 的 路 诗 律 余 为 他,1,律,0.1
7,再用前韵,梅花,宋,"这首诗与作者<松风亭下梅花盛开>一首(见前)可称姊妹篇。二诗用韵属“十三元""，本","""、来、韵、借、参",""" 来 韵 借 参 步 赠 疏 答 重",疏、属、苏、的、可,疏 属 苏 的 可 极 于 借 增 诗,2,借、疏,0.2
12,十一月中旬扶风界见梅花,梅花,唐,这首诗，据张采田《玉溪生年谱会笺》：“余按，此调尉时乞假赴泾西迎家室之作。”按商,匝、香、艳、方、饶,匝 香 艳 方 饶 与 挫 冀 非 调,光、簿、余、亮、艳,光 簿 余 亮 艳 神 科 方 惟 宜,2,艳、方,0.2
202,赏海棠三绝,樱桃花,宋,第一首交代了赏花的缘由，以及为赏花做的准备工作。 诗人不无感慨地说：百花盛开的春,修、占、含、断、观,修 占 含 断 观 独 字 聊 代 借,聊、对、赏、味、句,聊 对 赏 味 句 活 字 思 于 娇,2,字、聊,0.2
179,折海棠戏赠圣俞,樱桃花,宋,这是欧阳修与当时著名诗人梅尧臣唱和的一首诗。梅尧臣字圣俞，宣城人。宣城古名宛陵，,"众、""、砾、宛、片","众 "" 砾 宛 片 乱 摇 字 梅 短",貌、氛、和、的、差,貌 氛 和 的 差 修 命 即 造 曾,0,,0.0
181,寓居定惠院之东，杂花溝山，有海棠一株，土人不知贵也,樱桃花,宋,宋神宗元丰二年(1079)，王安石虽已罢相，但他所推行的新法仍在施行，朝中御史中,"相、古、藉、法、""","相 古 藉 法 "" 居 我 将 句 大",诗、的、于、花、盛,诗 的 于 花 盛 轼 相 乌 寂 >,1,相,0.1
182,张园海棠,樱桃花,宋,欲写海棠却先以极为名贵的洛阳牡丹和扬州芍药作为陪衬。这首诗的构思别开生面，颇为巧,"聚、肉、""、种、仁","聚 肉 "" 种 仁 簇 欲 造 间 药",之、育、映、叶、沙,之 育 映 叶 沙 来 品 种 发 用,1,种,0.1
183,海棠歌,樱桃花,宋,这首诗写于陆游离开四川“东归”以后。全诗贯穿着对西蜀海棠的回忆，也贯穿着对八年四,"""、发、-、鬓、血",""" 发 - 鬓 血 东 前 那 等 坊",离、集、盛、灿、段,离 集 盛 灿 段 于 诗 蜀 妙 对,0,,0.0
185,海 棠,樱桃花,宋,"前人曾称誉王维诗中有画。郭稹的这首七律也似…-幅画。试看：朱栏下,横塘边，几株海",繁、律、红、破、幅,繁 律 红 破 幅 君 墙 东 依 即,赞、歌、对、从、受,赞 歌 对 从 受 境 赏 意 派 的,0,,0.0
187,海棠,樱桃花,宋,刘子晕（hui)是南宋文学家，字彦冲，号病翁，福建崇安人。曾任兴化军通判，后退居,容、掉、翠、场、借,容 掉 翠 场 借 题 轻 洗 拂 想,夜、轻、诗、容、画,夜 轻 诗 容 画 的 格 越 从 拂,3,拂、容、轻,0.3
211,黄海棠,樱桃花,金,蔡松年，金文学家。字伯坚，号萧闲老人。真定(今河北正定)人。以宋人而随父降金，官,种、排、相、激、长,种 排 相 激 长 开 层 比 最 奇,种、蕊、斑、的、花,种 蕊 斑 的 花 且 蕾 子 叶 最,2,最、种,0.2
218,如梦令,樱桃花,宋,这首《如梦令>是李清照在她早年的一个暮春时节，抒发她对风雨中的海棠花的关切之情的,浓、看、消、词、美,浓 看 消 词 美 应 如 起 道 疏,浓、地、篇、之、观,浓 地 篇 之 观 们 急 些 内 余,1,浓,0.1
224,宴清都,樱桃花,宋,在吴文英二十几首咏花词中，咏梅词屡见，咏连理海棠则仅此一首，而这一首却是吴文英咏,交、合、盒、兼、瑶,交 合 盒 兼 瑶 倚 云 直 足 钿,仗、紧、词、写、典,仗 紧 词 写 典 交 绣 的 咏 低,1,交,0.1
221,南乡子,樱桃花,宋,这首词写的是冬日海棠。诗人通过静境与动境的对照，画出了一幅五彩缤纷的图画。 上片,半、岁、耐、秦、首,半 岁 耐 秦 首 小 点 转 冷 酥,叶、的、之、写、雾,叶 的 之 写 雾 天 半 > 艳 雨,1,半,0.1
223,二月二十四夜饮海棠下作,樱桃花,宋,清人李调元在(雨村诗话>中称：“刘后村克庄有<满江红>十二首，悲壮激烈，有敲碎唾,"""、颇、爱、成、均",""" 颇 爱 成 均 许 尚 眼 饮 己",词、惜、的、夜、中,词 惜 的 夜 中 义 咏 都 花 宋,0,,0.0
225,摸鱼儿,樱桃花,宋,老天爷象是有意和爱花的词人作对，人春以来气候反常，连续低温阴雨，海棠花迟迟不开。,-、句、词、遽、牵,- 句 词 遽 牵 易 老 标 佛 断,的、之、春、恨、断,的 之 春 恨 断 公 美 和 花 续,1,断,0.1
226,风雨看舟前落花戏为新句,桃花,唐,杜甫有着高超的艺术技巧，他的许多诗歌作品都以体物得神，描摹精微而赢得读者的喜爱。,"""、妒、遭、影、潜",""" 妒 遭 影 潜 解 履 诗 炼 便",逆、巧、解、态、妒,逆 巧 解 态 妒 之 画 诗 于 遭,4,诗、解、妒、遭,0.4
227,绯桃花歌,桃花,唐,欧阳修的这首七言占诗，将一树绯桃花与自己之间的感情表现得相当真切动人。 开头六句,书、把、虽、等、满,书 把 虽 等 满 朵 个 爱 占 说,朵、本、繁、满、希,朵 本 繁 满 希 之 的 开 往 玩,2,满、朵,0.2
219,如梦令,樱桃花,宋,吴潜是南宋大臣，理宗朝官至左丞相。主张加强战守之备以抗御元兵，对南宋朝廷的苟且偷,好、惊、循、宣、腔,好 惊 循 宣 腔 免 吴 善 晓 呵,呵、宣、那、园、的,呵 宣 那 园 的 定 令 志 念 着,2,呵、宣,0.2
495,柳花词三首,杨花,唐,柳花，又称杨花，色白而质轻，状如白絮，故俗称柳絮。在百花开过的晚春，柳花慢慢地从,散、远、条、却、写,散 远 条 却 写 红 能 丝 复 破,的、散、叶、远、貌,的 散 叶 远 貌 从 她 条 條 之,3,条、散、远,0.3
406,水龙吟,牡丹,宋,这是·首咏牡丹的词。起二句，是问花。词中主人公因“晓寒”而“慵揭珠帘”，但心中却,花、问、和、春、酒,"花 问 和 春 酒 "" 艳 把 字 院",醉、揭、用、慵、公,醉 揭 用 慵 公 开 字 意 花 落,2,字、花,0.2
481,喜迁莺,虞美人,元,这首词不从描摹琼花之姿容写起，而是以琼花落尽之“恨”开笔，极反衬作用，极有深婉刻,谪、信、怜、恨、写,谪 信 怜 恨 写 演 关 番 久 但,指、恨、之、早、但,指 恨 之 早 但 泛 番 候 的 风,3,但、恨、番,0.3
388,惜牡丹花,牡丹,唐,唐人特别喜爱牡丹花，据《国史补>记载，每年暮春时节，牡丹盛开，长安城里车马若狂，,补、花、芳、唐、惜,补 花 芳 唐 惜 片 残 剩 谢 段,里、的、旨、整、写,里 的 旨 整 写 余 品 借 涌 秉,0,,0.0
369,牡 丹,牡丹,唐,李商隐(812一858?)，字义山，号玉溪生，怀州河内(今河南沁阳县)人。开成二,被、越、修、嫌、犹,被 越 修 嫌 犹 原 耻 内 好 成,越、之、>、花、后,越 之 > 花 后 帐 句 知 的 訾,1,越,0.1
363,远公亭牡丹,牡丹,唐,首二句交代地点，并点出歌咏对象。东晋僧人慧远，雁门楼烦人，居庐山东林寺，世人称为,独、联、为、董、慧,独 联 为 董 慧 蚂 吟 居 顾 即,典、从、写、云、慧,典 从 写 云 慧 递 并 的 为 繁,2,为、慧,0.2
470,金沙花,金沙,宋,这是一首风趣的咏物小诗。诗的前两句以轻快俏皮的口气说：院中的两株松树相依相偎，象,分、杨、与、题、本,分 杨 与 题 本 长 向 说 迫 头,景、象、改、的、怀,景 象 改 的 怀 说 美 地 首 生,1,说,0.1
465,玲珑四犯,蔷薇,宋,好一架幽洁芬芳的茶䕷花呵，打从梅花开后，就数她最清雅脱俗了。挂着露珠的叶片，檀红,条、荼、数、最、矣,条 荼 数 最 矣 赋 好 比 架 向,象、数、花、的、极,象 数 花 的 极 她 叶 和 最 描,2,数、最,0.2
505,如梦,杨花,清,这是曹雪芹在(红楼梦>第七十回为书中人物史湘云拟写的--首小令，因而它实际上体现,去、半、笑、残、使,"去 半 笑 残 使 啼 香 鹃 向 """,香、诗、倒、蒙、的,香 诗 倒 蒙 的 因 雾 史 看 典,1,香,0.1
472,后土庙琼花诗二首,琼花,宋,扬州琼花，千余年来，极负盛名，历代文人为她写下了许多名篇佳什。“琼花”一名，首见,阿、观、璧、题、咏,阿 观 璧 题 咏 随 扬 芜 天 满,千、品、观、歌、于,千 品 观 歌 于 卉 咏 随 堤 的,3,随、观、咏,0.3
466,贺新郎,蔷薇,宋,荼䕷，一作酴醾。另有独步香、琼绶带、雪缨络等别名。从这些名称中已可窥见此花洁白如,荼、日、妾、也、相,荼 日 妾 也 相 蟾 姚 恍 络 梦,花、醾、从、作、的,花 醾 从 作 的 荼 诗 呢 寓 她,1,荼,0.1
440,六 丑,蔷薇,宋,周邦彦(六丑>是一首咏蔷薇的杰作。蒋敦复《芬陀利室词话>：“清真《六丑>一词，精,"""、惆、正、掷、平",""" 惆 正 掷 平 皆 记 归 谢 成",极、客、成、篇、地,极 客 成 篇 地 咏 首 怅 归 逆,2,归、成,0.2
479,扬州慢,虞美人,宋,此词盖因友人折赠琼花数枝，兴之所至，率尔而作。最初之创作意图只是赋花，不料写作过,分、拟、祠、禁、感,分 拟 祠 禁 感 辄 还 喻 词 写,她、之、闋、花、赋,她 之 闋 花 赋 友 质 咏 篇 短,0,,0.0
421,兰 花,兰花,清,兰花，赤节绿叶，柔韧光洁，历来为志士幽人所激赏。作为我国民主革命的先驱，秋瑾笔下,羞、树、兮、遂、齐,羞 树 兮 遂 齐 上 栽 指 等 种,羞、栽、化、余、德,羞 栽 化 余 德 的 戴 从 独 轩,2,羞、栽,0.2
512,声声慢,杨花,宋,周密的这首词以绮丽多姿之笔和爱怜赞赏之情，描绘暮春三月的柳花在韶风时吹、晴雨骤变,章、青、记、游、曾,章 青 记 游 曾 新 多 芳 最 词,韶、的、气、咏、挂,韶 的 气 咏 挂 或 典 给 沾 字,0,,0.0
515,水龙吟,杨花,宋,"苏轼<水龙吟>词，有一个题目:""次韵章质夫杨花词""。次韵就是按原作韵脚的次序来写",思、'、次、还、章,思 ' 次 还 章 夫 和 韵 唱 惹,词、韵、它、坠、飘,词 韵 它 坠 飘 香 话 从 别 才,1,韵,0.1
516,水龙吟,杨花,明,章质甫，即章质夫，名，北宋人，官至枢密院事，曾作《杨花词》，苏东坡和之。两词均传,全、-、恁、作、似,全 - 恁 作 似 解 才 阁 惨 轻,舞、的、惨、絮、日,舞 的 惨 絮 日 抒 晚 呢 吗 咏,1,惨,0.1
521,木棉花歌,木棉花,清,这首诗的作者陈恭尹是广东人，他的父亲在抗清斗争中英勇殉难。明亡后，他继承父志，拒,朱、象、蹄、酣、仰,"朱 象 蹄 酣 仰 参 "" 为 事 故",的、象、爵、般、诗,的 象 爵 般 诗 写 南 明 清 室,1,象,0.1
343,念奴娇,素馨,宋,这首词咏素馨花，是宋词中继.王灼后咏同类花中不可多得的佳什。素馨，又称耶悉茗。佛,调、丛、那、麽、上,调 丛 那 麽 上 首 悉 蕊 耶 花,销、咏、鬘、为、暑,销 咏 鬘 为 暑 的 仙 临 由 之,0,,0.0
346,木 兰,木兰,宋,木兰花，·名木莲，又名黄心。木本，树高五、六丈，枝叶扶疏，其叶厚大。因此，在诗人,其、本、杂、写、闻,其 本 杂 写 闻 心 俗 竟 似 他,重、叶、的、象、树,重 叶 的 象 树 诗 昂 炷 没 色,0,,0.0
345,剪春罗,剪春罗,清,剪春罗，柔茎绿叶，花深红而艳丽，若轻罗剪成，这名目便颇富诗意。聪颖灵秀的女诗人于,剪、唤、诗、似、织,剪 唤 诗 似 织 指 罗 春 这 便,呼、叶、剪、唤、想,呼 叶 剪 唤 想 那 尔 而 用 染,2,唤、剪,0.2
339,绣 球,绣球,明,nan,n、na,n na,n、na,n na,2,n、na,0.2
329,腊前月季,月季,宋,杨万里的这首咏月季诗并无多少新意。不过，其中“一尖已剥胭脂笔，四破犹包翡翠茸”-,尖、破、包、剥、联,尖 破 包 剥 联 常 已 犹 中 茸,剥、美、的、万、联,剥 美 的 万 联 之 性 尖 摹 颈,3,尖、剥、联,0.3
327,东风第一枝,玉兰,清,这首词描绘渲染了玉兰花雅淡皎洁之美，也显示出作者个人雅洁自好的志趣情怀。 词人一,爱、搓、白、犯、侵,爱 搓 白 犯 侵 闵 好 琼 即 总,微、的、玉、白、楼,微 的 玉 白 楼 透 之 花 也 首,1,白,0.1
321,梨 花,李花,元,轻柔，象纷扬飘落的花瓣；深沉，象一泓蓝色的春水；迷离，象幸福甜蜜的梦境；飘渺，象,轻、别、尽、渚、相,轻 别 尽 渚 相 长 霏 泓 柔 我,力、指、喻、想、的,力 指 喻 想 的 运 云 空 品 强,0,,0.0
228,桃 花,桃花,明,在这首诗中，作者没有正面写存天的桃花如何鲜艳动人，它如何在朝阳晨雾中依栏开放。对,颜、依、读、梳、匀,颜 依 读 梳 匀 比 搽 写 使 鬟,于、地、命、实、创,于 地 命 实 创 泼 拟 中 漓 抒,0,,0.0
291,画堂春,杏花,明,春天刚至，乍暖还寒。在一个轻阴微雨的日子里，在一座春水漫漫的小桥边，主人公驻足而,著、番、弄、歇、青,著 番 弄 歇 青 影 片 > 破 春,"之、""、堤、转、娇","之 "" 堤 转 娇 , 物 所 弄 山",1,弄,0.1
259,定风波,桃花,宋,此词咏桃花而辞涉艳情，可能有本事，也可能没有本事。不能起词人于九泉之下，问他一个,"""、应、结、华、用",""" 应 结 华 用 片 贪 叩 化 皂",辞、词、源、说、文,辞 词 源 说 文 咏 化 盖 涉 中,1,化,0.1
260,露 华,桃花,宋,这首咏碧桃词，以其取径曲、布势远的结构特点和创造拟人化的象征意象、反熟为生的特点,紺、记、裙、远、临,"紺 记 裙 远 临 咏 红 除 小 """,征、记、树、远、化,征 记 树 远 化 之 空 和 的 于,2,记、远,0.2
266,杏‘ 花,杏花,宋,王安石这首《杏花》，可能是他退居金陵之后所作。写他一次出外漫游，见到水中杏花倒影,"宝、""、条、度、古","宝 "" 条 度 古 脉 痕 色 联 写",的、里、痕、也、者,的 里 痕 也 者 栏 眼 之 他 题,1,痕,0.1
255,潘岳爱桃,桃花,明,潘岳，西晋时有名的诗赋家，字安仁，俗称潘安，这个特殊的历史人物，给后人的认识是复,花、掷、常、爱、亡,花 掷 常 爱 亡 潘 果 与 美 难,与、郎、诗、思、暗,与 郎 诗 思 暗 的 岳 美 仁 易,2,美、与,0.2
268,杏 花,杏花,唐,这是一首借咏花来写志抒情的七言古风。在此，先得简单回顾-下这诗的写作背景。众所共,哦、被、徙、愈、致,哦 被 徙 愈 致 诗 贬 连 便 所,的、展、诗、韩、于,的 展 诗 韩 于 算 使 之 花 物,1,诗,0.1
286,游园不值,杏花,宋,《游园不值>是南宋诗人叶绍翁(生平不详)的传世名篇。诗题既是《游园不值>，就非专,名、枝、澹、都、遮,名 枝 澹 都 遮 作 > 来 融 更,起、名、绍、发、能,起 名 绍 发 能 为 虽 陆 他 断,1,名,0.1
542,浪淘沙,芍药,宋,暮春时节，争芳斗艳的众花差不多已凋落殆尽。鹃鹪的声声啼叫哀怨凄切，闻之令人肠断。,规、故、望、妆、子,规 故 望 妆 子 看 抹 新 殿 好,叶、许、鶗、鹃、诗,叶 许 鶗 鹃 诗 殿 浓 写 的 窣,1,殿,0.1
543,水龙吟,芍药,宋,咏物词的结构通常是上片形容描绘物象本身，追求形似或神似的艺术效果；下片则结合所咏,眺、层、老、片、拟,眺 层 老 片 拟 典 词 低 蝉 带,射、的、du、云、地,射 的 du 云 地 化 象 通 被 或,0,,0.0
544,望海潮,芍药,宋,晁补之是苏轼门下四学士之一，甚有才名。<四库全书总目提要>说“其词神姿高秀，与轼,"""、闵、愈、肥、予",""" 闵 愈 肥 予 丛 困 吏 守 据",闋、词、的、翻、守,闋 词 的 翻 守 奇 以 株 之 诗,1,守,0.1
559,定风波,杜鹃,宋,以写豪放词著称的辛弃疾一生也写了不少咏花的词作。本篇就是其中的一首。 上闋写杜鹃,词、阵、却、似、写,词 阵 却 似 写 为 蜀 花 小 女,声、闋、写、花、的,声 闋 写 花 的 诗 从 海 描 却,3,写、却、花,0.3
564,赋虞美人草,虞美人,宋,姜夔是著名的词人，同时又写得一手好诗，这在古代文学史上是颇为难得的。这首诗前半写,"可、冢、日、""、披","可 冢 日 "" 披 兮 辞 浩 吹 力",之、指、兮、色、的,之 指 兮 色 的 显 怨 同 诗 帐,1,兮,0.1
569,虞美人,虞美人,清,虞美人花，本名丽春，因为花色美丽，后来，人们就以楚霸王项羽的爱妾虞姬一——虞美人,虞、和、凛、说、怜,虞 和 凛 说 怜 过 丽 春 东 美,宫、呼、王、她、项,宫 呼 王 她 项 歌 地 死 许 的,0,,0.0
610,石竹花,石竹,宋,作为一首咏物诗，作者对于所咏对象的态度往往是比较鲜明的，或者因喜好而赞美，或者由,霜、经、猷、姿、艳,"霜 经 猷 姿 艳 筠 常 "" 真 由",光、的、篇、之、率,光 的 篇 之 率 经 字 常 种 石,2,经、常,0.2
600,西园石榴开,榴花,宋,古往今来，因观花而伤春者多矣；借咏花而寄咏怀者亦多矣。然欧阳文忠公这首咏榴花诗却,密、初、观、极、美,密 初 观 极 美 之 攀 繁 春 觉,写、借、的、叶、之,写 借 的 叶 之 照 该 眼 呵 他,1,之,0.1
595,咏邻女东窗海石榴,榴花,唐,古今中外的诗史上，用花儿比美女，比心上人已成为惯例。好的比喻，妙的比喻，常为人借,比、榴、正、美、鲁,比 榴 正 美 鲁 娇 情 瑚 咏 者,之、致、儿、景、起,之 致 儿 景 起 优 史 作 些 情,1,情,0.1
596,赋园中所有,榴花,宋,这是一首寄意幽深的诗。写诗赋景，借物抒情，一般都选取成熟、美艳的标本来歌颂，而本,崎、病、岂、残、容,崎 病 岂 残 容 则 沉 借 堂 遮,色、遇、拿、力、当,色 遇 拿 力 当 的 华 以 质 写,0,,0.0
597,榴 花,榴花,明,这是一派美丽的景致，一幅绚丽的画图。一般人是不把榴花当作奇物和雅卉来供奉的，这儿,趣、盆、至、故、盘,趣 盆 至 故 盘 多 缚 竟 卉 魂,们、值、敏、儿、中,们 值 敏 儿 中 剧 力 市 她 此,0,,0.0
608,贺新郎,榴花,宋,关于苏轼《贺新郎>咏榴花词的写作背景，在宋代就有几种不同的说法:杨湜<古今词话>,缺、鸿、赋、疏、乳,缺 鸿 赋 疏 乳 比 说 榴 挂 也,疏、的、树、守、背,疏 的 树 守 背 之 于 和 用 美,1,疏,0.1
598,榴 花,榴花,金,诗的起首，诗人就用了四种花儿和榴花比较，这四种是山茶、桃花、戎葵、米囊(即罂粟花,诗、模、引、用、写,诗 模 引 用 写 即 粟 绯 挚 米,的、替、心、我、囊,的 替 心 我 囊 简 儿 写 诗 转,2,写、诗,0.2
615,栀 子,栀子花,宋,栀子花为常绿灌木，古人以为就是西域的薝蔔。也有人说薝蔔是金色花，而栀子花是白色的,"葡、白、""、玉、蔔","葡 白 "" 玉 蔔 寒 影 栀 仍 萄",的、宜、从、伪、皎,的 宜 从 伪 皎 古 蔔 质 法 人,1,蔔,0.1
599,海 榴,榴花,唐,单纯的咏花诗，即使写得再细致，刻画得再精微，也不会得到人们的钟爱，那只能是植物的,报、国、伤、词、应,报 国 伤 词 应 海 只 美 本 引,之、另、摹、乱、确,之 另 摹 乱 确 种 写 常 罗 于,0,,0.0
614,雨过山村,栀子花,唐,“竹溪村路板桥斜”。如果说首句已显出山村之“幽”，那么，次句就由曲径通幽的过程描,原、精、少、斜、深,原 精 少 斜 深 禁 龙 书 似 蚕,斜、深、去、么、的,"斜 深 去 么 的 "" 睦 美 来 种",2,深、斜,0.2
601,榴 花,榴花,宋,石榴花在众花中不是奇品名种，也不是天香国色，但它自是别具风韵。其叶青翠笼葱，其花,-、窈、邻、幽、石,- 窈 邻 幽 石 可 户 当 落 应,儿、真、种、但、花,儿 真 种 但 花 碎 落 用 的 来,1,落,0.1
603,榴 花,榴花,唐,韩愈《题张十一旅舍三咏>包括(榴花>、(井>、《葡萄>三篇，作于唐宪宗元和元年(,署、见、起、-、题,署 见 起 - 题 同 用 初 咏 愈,之、用、越、流、映,之 用 越 流 映 写 彩 的 最 叶,1,用,0.1
607,庆清朝,榴花,宋,“西邻窈窕，独怜人户飞红。前度绿荫载酒，枝头色比舞裙同。”接着换笔另起，写西邻淑,"""、攒、海、拟、-",""" 攒 海 拟 - 人 作 实 怜 同",的、落、唐、艳、下,的 落 唐 艳 下 了 孤 剪 呢 法,0,,0.0
612,赋石竹,石竹,元,"篱落多为庭院间物，以篱护院，其居处简陋可知，况且这又是一道“短篱”。“梢梢""既为",院、指、葱、点、短,院 指 葱 点 短 则 见 工 素 缀,落、貌、纤、指、么,落 貌 纤 指 么 庭 陌 的 出 素,2,素、指,0.2
609,石竹咏,石竹,唐,咏物诗大多是托物以言志或借物以抒情，而在这首诗中，诗人则干脆摇身一变，化而为石竹,常、情、垂、令、恐,常 情 垂 令 恐 咏 失 思 运 写,情、说、垂、思、地,情 说 垂 思 地 谁 恐 咏 象 貌,5,垂、恐、思、情、咏,0.5
611,石竹花,石竹,宋,王安石既是一位锐意改革的政治家，又是一位情感丰富的文学家。死后且不论，生前即多遭,"始、临、多、晚、""","始 临 多 晚 "" 即 车 浅 独 敷",某、落、怀、花、限,某 落 怀 花 限 归 种 点 来 明,0,,0.0
872,题菊花,菊花,唐,唐末诗人林宽有这样两句诗：“莫言马上得天下，自古英雄皆解诗。”古往今来，确有不少,种、写、劲、飒、开,种 写 劲 飒 开 这 韵 诗 标 伴,写、独、蝶、飒、象,写 独 蝶 飒 象 的 确 令 隐 值,2,写、飒,0.2
663,白 莲,木芙蓉,唐,清初，提倡“神韵说”的王渔洋非常欢喜这首诗。他说：“无情二语，恰是咏白莲诗，移用,我、写、说、却、恨,我 写 说 却 恨 莲 > 神 俗 药,?、但、位、于、问,? 但 位 于 问 恨 咏 纯 成 见,1,恨,0.1
642,张静婉采莲曲,荷花,唐,<张静婉采莲曲>是乐府旧题，属清商曲辞。据(梁书>说，张静婉是羊侃家舞女。其“容,"""、度、温、销、发",""" 度 温 销 发 即 客 珂 天 抛",鶒、施、诗、温、云,鶒 施 诗 温 云 > 的 写 这 晚,1,温,0.1
704,水龙吟白莲,虞美人,宋,·此词脉白。全词采用自然时序的过去—现在——将来的纵式结构形态。上片写，写白莲之,片、试、按、彻、脉,片 试 按 彻 脉 末 拟 寻 毕 写,叶、花、化、之、吹,叶 花 化 之 吹 于 天 遍 佳 彻,1,彻,0.1
639,奉酬卢给事云夫四兄曲江荷花行见寄并呈上钱七兄阁老张十八助教,荷花,唐,曲江千顷秋波净，平铺红云盖明镜。大明宫中给事，归，走马来看立不正。遗我明珠九十六,老、笞、即、籍、汀,老 笞 即 籍 汀 酬 明 我 阁 和,云、昆、诗、韩、之,云 昆 诗 韩 之 卢 院 都 崔 为,0,,0.0
638,采莲曲,荷花,唐,第一层可算相思发端。-个美丽的采莲女(从“桂棹兰桡”和“罗裙玉腕”可以想见)在一,少、敷、已、层、更,少 敷 已 层 更 秦 时 那 - 比,赏、揭、貌、层、光,赏 揭 貌 层 光 尊 的 香 阵 象,1,层,0.1
696,玉楼春,木芙蓉,明,王夫之是一位极负盛名的明末遗民诗人。他在明亡后，归隐衡阳石船山下，闭门著书，誓不,"涵、""、定、获、片","涵 "" 定 获 片 周 不 均 匀 钩",仕、的、片、窥、江,仕 的 片 窥 江 初 云 里 意 象,1,片,0.1
637,观鑫,荷花,清,这是一首观莲咏怀诗，可以分成三个部分来读。第一部分是前八句，写幽赏心会。“清池莹,块、谓、对、浣、会,块 谓 对 浣 会 写 赏 见 幽 朝,之、俯、余、背、日,之 俯 余 背 日 的 独 美 云 神,0,,0.0
636,采莲曲,荷花,金,这是一首充满生命活力，具有民歌风味的采莲曲。作者采用整齐的五言句式，在淡泊恬美的,斜、平、说、文、酣,斜 平 说 文 酣 层 曲 余 里 少,后、的、和、里、曲,后 的 和 里 曲 诗 吧 余 田 写,3,里、余、曲,0.3
699,踏莎行,虞美人,宋,年辈稍长于贺铸的北宋著名词人晏几道写过一首<蝶恋花>咏莲词：“笑艳秋莲生绿浦。红,分、与、小、别、回,分 与 小 别 回 右 论 浦 洵 竟,她、铸、也、别、词,她 铸 也 别 词 的 寄 之 贺 友,1,别,0.1
701,惜红衣,虞美人,宋,《惜红衣》为词人的自度曲，词牌取怜惜荷花之意。丁未，即淳熙十四年(1187)。是,弁、官、相、讯、夔,弁 官 相 讯 夔 词 无 姜 游 指,夔、词、的、之、首,夔 词 的 之 首 说 是 盛 宋 怜,2,词、夔,0.2
702,洞仙歌令,虞美人,宋,康与之的词大多是应制词。当时虽然曾受高宗、孝宗的赏识，极负盛名，但是由于缺乏思想,"""、耶、酣、别、欲",""" 耶 酣 别 欲 西 倚 平 彼 含",她、诗、之、的、象,她 诗 之 的 象 背 春 竟 酣 和,1,酣,0.1
703,水龙吟,虞美人,宋,这是一首咏物之词。南宋末许多词人处亡国之际，情绪消沉，相与结社，选调命题填词，借,"""、施、阙、兮、羞",""" 施 阙 兮 羞 仍 者 沐 静 调",闋、仁、同、般、词,闋 仁 同 般 词 端 的 于 羞 看,1,羞,0.1
706,迈陂塘,虞美人,金,在中国古典诗词的发展历程中，“情爱”和“忠爱”的表现长期处在既分流又复合的状态。,并、-、说、多、每,并 - 说 多 每 正 无 怨 侧 双,歌、处、露、展、于,歌 处 露 展 于 的 嬗 之 正 另,1,正,0.1
707,迈陂塘,虞美人,元,李冶的与元好问同调同题“双蕖怨”之作，是以自家的面貌迥异于遗山神韵的。其词的差异,天、衰、呈、雄、情,天 衰 呈 雄 情 并 韵 层 较 独,的、冶、好、于、宛,的 冶 好 于 宛 写 诗 词 来 地,0,,0.0
708,念奴娇,虞美人,宋,姜夔《念奴娇》词，前面有一篇文笔清丽的小序，说明他写此词的时间和经过，“予客武陵,记、化、常、萧、姜,"记 化 常 萧 姜 据 陂 白 闹 """,之、们、浴、临、姜,之 们 浴 临 姜 冬 塘 鸯 游 予,1,姜,0.1
759,南柯子,秋海棠,清,高士奇这首词，依传统的“海棠美人”立意，但因咏的是秋海棠，与春日海棠自有不同，作,派、得、称、偏、映,派 得 称 偏 映 半 红 - 染 生,云、咏、法、的、花,云 咏 法 的 花 描 地 缀 但 篇,0,,0.0
756,白秋海棠,秋海棠,清,诗写秋夜的白海棠，前二句写出了白海棠的风姿，后二句写女主人公看花的清态。清亮的秋,愈、日、素、诗、如,愈 日 素 诗 如 洁 独 帘 秋 影,寂、透、的、亮、弄,寂 透 的 亮 弄 背 切 幽 芬 独,1,独,0.1
749,咏槿花,木槿,唐,推月下门”还是“僧敲月下门”而苦思冥索，不觉冲撞了韩愈的仪仗。《红 楼梦中香菱学,怪、直、推、双、便,怪 直 推 双 便 而 咏 疑 圆 愈,他、实、怪、套、咏,他 实 怪 套 咏 中 争 想 把 词,2,咏、怪,0.2
782,同儿曹赋芦花,芦花,金,题为“赋芦花”，却全不用明写，只以暗笔摹出芦苇的神貌，并借此寄情，可见作者是咏物,题、拉、赋、哀、而,题 拉 赋 哀 而 典 霜 暗 觉 写,写、的、涵、最、诗,写 的 涵 最 诗 夜 思 反 以 沙,1,写,0.1
747,槿,木槿,明,这首五言古诗一共十六句，它抓住了木槿的两个特性来抒发感情。第一个特性是木槿可以编,知、故、贵、起、忘,知 故 贵 起 忘 忧 篱 而 编 度,抒、的、花、悟、为,抒 的 花 悟 为 律 忘 朵 萎 于,1,忘,0.1
746,白槿花,木槿,元,（白槿花>这首诗紧紧扣住了“白”字来写，赞扬了白槿花纯洁无瑕、冰清玉洁，与世无争,"分、""、-、指、衣","分 "" - 指 衣 弄 读 破 清 都",叶、里、指、地、碧,叶 里 指 地 碧 生 云 佳 的 她,1,指,0.1
760,蝶恋花,秋海棠,清,春天，百花盛开，万紫千红，而秋海棠却不愿和它们争春。“难位置”，真正的意思并不是,特、就、中、起、睡,特 就 中 起 睡 与 难 用 - 阴,片、的、布、和、象,片 的 布 和 象 字 之 气 被 态,0,,0.0
748,槿 花(其-),木槿,唐,花，不仅是作为他特别爱好和作为玩赏的特定审美对象，更值得人们深思的，是作为人间最,花、冠、笑、相、怜,花 冠 笑 相 怜 多 劫 这 居 体,征、正、已、槿、>,征 正 已 槿 > 象 咏 充 落 的,0,,0.0
764,蓼 花,蓼花,宋,这是一首咏花抒怀之作。咏花，则肖花；抒怀，则蕴藉。把明丽的形象与深沉的思索结合·,砌、写、体、蓼、秋,砌 写 体 蓼 秋 檐 观 媚 上 藉,的、用、诗、媚、砌,的 用 诗 媚 砌 叶 之 从 一 怀,2,砌、媚,0.2
783,芦 花,芦花,明,这首诗用兴的艺术手法，由深秋芦花，触发怀人感情。 “江畔洲前白渺茫，萧萧摵摵斗秋,旅、通、避、兴、云,旅 通 避 兴 云 经 瑟 清 哀 想,象、兴、的、中、是,象 兴 的 中 是 他 化 絮 苇 声,1,兴,0.1
789,金钗股,金银花,清,金钗股，即金银花。这种花初白后黄，有香气，可人药。可惜历代诗人很少注意它，因此吟,"也、""、-、分、出","也 "" - 分 出 芳 整 胎 号 股",之、颈、的、云、里,之 颈 的 云 里 转 用 在 末 也,1,也,0.1
791,曼陀罗,曼陀罗,宋,咏物诗，描其形易，拟其神难；独咏-物易，连带他物难。陈与义此诗，·舍易就难，在对,我、迷、他、俗、独,我 迷 他 俗 独 易 风 房 写 圃,之、叶、旨、的、咏,之 叶 旨 的 咏 蕖 调 敷 于 夜,0,,0.0
768,迷仙引,蓼花,清,这首词所咏之物是水蓼花。水蓼是一种草，多生于水边湿地，夏秋开淡红色或淡绿色小花。,爱、容、与、蓼、绿,爱 容 与 蓼 绿 冷 写 即 倚 皆,之、极、加、于、度,之 极 加 于 度 野 调 咏 的 续,0,,0.0
770,水龙吟蓼花,蓼花,清,·这首词所咏蓼花，是江南水乡常见的水蓼。她们漫生于湖畔河旁，每年夏秋之交，便纷纷,工、蓼、萝、等、script,工 蓼 萝 等 script prime $ 楚 点 闲,篇、于、从、他、的,篇 于 从 他 的 蓼 却 妙 缀 笔,1,蓼,0.1
774,题画鸡冠花,鸡冠花,元,这首诗活脱是写了·只勇武的雄鸡，它的巧妙处却在把鸡与花融为一体了。它已不是一幅精,"司、声、陵、""、五","司 声 陵 "" 五 喻 - 花 唤 点",感、偷、写、法、描,感 偷 写 法 描 整 灼 用 斗 他,0,,0.0
781,紫 薇,紫薇,宋,好的咏物诗，借物抒怀，咏物不滞于物。唐代曾把中书省改为紫微省，中书令即为紫徽令(,"""、清、徽、浸、改",""" 清 徽 浸 改 禁 样 少 妄 省",终、省、郎、于、的,终 省 郎 于 的 所 凡 昔 苑 浸,2,省、浸,0.2
800,八月十七日天竺山送桂花分贈元素,桂花,宋,此诗作于宋神宗熙宁七年(1074)杭州通判任上。天竺山在杭州西湖北。山中的桂花闻,原、缺、元、别、浓,原 缺 元 别 浓 霜 用 役 来 五,"飞、据、,、的、前","飞 据 , 的 前 说 落 蕊 圆 满",0,,0.0
804,东城桂,桂花,唐,《东城桂》共三首，此为第一首。诗前有序云：“苏之东城，古吴都城也，今为樵牧之场。,首、次、宿、词、堕,"首 次 宿 词 堕 "" 赋 子 绝 压",都、之、诗、的、写,都 之 诗 的 写 堕 任 桂 宿 处,2,堕、宿,0.2
817,古香慢,桂花,宋,沧浪，即苏州城东沧浪园，南宋初爱国名将韩世忠别墅。此词为梦窗晚年之作。梦窗又有(,"""、洪、讯、还、怨",""" 洪 讯 还 怨 沈 用 袅 滨 薄",把、之、问、风、小,把 之 问 风 小 降 的 看 游 细,0,,0.0
824,菩萨蛮,秋葵,宋,晏殊为北宋初期词坛一大家。冯煦称他为“北宋倚声家初祖”(<宋六十一词选例言》)。,"""、倚、同、侧、露",""" 倚 同 侧 露 写 最 插 重 深",喻、之、>、早、诗,喻 之 > 早 诗 生 篇 倚 坠 真,1,倚,0.1
827,滴滴金,滴滴金,宋,状物诗，有以“实”取胜者，有以“虚”取胜者。以实取胜，即实写某物状难写之景如在目,成、既、榆、虚、新,成 既 榆 虚 新 首 非 写 乘 露,写、之、命、物、的,写 之 命 物 的 老 胜 某 自 成,2,写、成,0.2
829,咏金钱花,金钱花,唐,这是一首政治讽刺诗。诗人借咏金钱花，辛辣而又带幽默地讽刺了封建统治者对人民残酷压,写、讽、附、任、具,写 讽 附 任 具 伸 币 却 即 刺,技、的、巧、呀、妙,技 的 巧 呀 妙 某 建 地 用 义,0,,0.0
832,蘋 花,蘋花,清,翠叶金花杂杜蘅， 湘湖千里最知名：秋风飒飒过南浦， 乡思无端一夕生。 蘋花生浅水,"蘋、杂、""、金、门","蘋 杂 "" 金 门 翠 若 常 以 白",的、杂、叶、蘋、夕,的 杂 叶 蘋 夕 望 说 故 所 遐,2,杂、蘋,0.2
857,晚香轩,菊花,明,"本诗以问句发响，议论起兴，开头便谓：“焉知老子非元亮""，笔势横逸奇绝，自有豪气鼓","""、屐、-、非、问",""" 屐 - 非 问 诗 称 反 章 登",的、显、之、借、遥,的 显 之 借 遥 高 反 露 地 本,1,反,0.1
856,晚香轩,菊花,明,菊花傲视风霜，寒秋留节，有着“不同桃李混芳尘”的独特个性。开头的“不畏风霜向晚欺,"拟、就、""、逃、存","拟 就 "" 逃 存 晚 径 地 荒 联",活、>、留、凌、的,活 > 留 凌 的 借 据 系 他 诗,0,,0.0
798,岩 桂,桂花,宋,首联状花叶。粟，俗称小米，子实小，卵圆形，黄白色。“粟玉”，形容桂花圆小，玲珑剔,黏、联、齐、岩、碧,黏 联 齐 岩 碧 剪 拭 称 对 首,叶、才、刻、或、卵,叶 才 刻 或 卵 匀 整 的 下 象,0,,0.0
853,刘员外寄移菊,菊花,唐,秋来缘树复缘墙，怕共平芜一例荒。颜色不能随地变， 风流唯解逐人香。烟含细叶交加碧,"使、拆、含、""、骅","使 拆 含 "" 骅 墙 解 画 缘 但",力、的、于、荒、命,力 的 于 荒 命 始 秋 写 插 菊,0,,0.0
796,桂 花,桂花,元,这首诗写的是由于桂花开放，而引起的故园之思。首联，写傍晚桂花开放，桂影映在窗帘上,参、斜、罢、阑、玉,参 斜 罢 阑 玉 低 干 晓 摇 貌,低、貌、吹、写、的,低 貌 吹 写 的 用 思 府 家 指,2,低、貌,0.2
850,九 日,菊花,明,“每逢佳节倍思亲”，这是世代人们的普遍心理。而诗人离乡日久，亲友阻隔，则未免意不,倍、应、重、岁、洒,倍 应 重 岁 洒 却 均 幽 年 故,故、倍、云、居、很,故 倍 云 居 很 的 所 明 境 活,2,故、倍,0.2
793,咏 桂,桂花,唐,此首《李太白全集》列在《咏槿二首》题下，《文苑英华》等本作《咏桂二首》。实则前首,"""、攀、咏、截、属",""" 攀 咏 截 属 争 许 桂 等 窘",之、引、指、的、史,之 引 指 的 史 泛 咏 于 兮 伯,1,咏,0.1
792,春桂问答二首,桂花,唐,春来了，万物复苏，百花斗艳。在千姿万态的花卉中，最浓艳、最惹人注目的，莫过于桃李,"常、""、久、华、视","常 "" 久 华 视 秘 青 南 矣 如",绕、的、于、落、日,绕 的 于 落 日 桂 之 吗 呢 青,1,青,0.1
813,霜天晓角,桂花,宋,这是首咏物抒怀的词作。 上片赞美桂花的“香与韵、两清洁”。 开头两句，以“绿云”,"护、""、词、剪、低","护 "" 词 剪 低 借 垄 以 懋 中",之、云、叶、种、的,之 云 叶 种 的 地 底 宋 咏 客,0,,0.0
839,墨菊二首(其二),菊花,明,这是一首题画诗。按照---般写法，当由阐发画意人手，而本作不然，首先涌人诗人毫楮,"堪、""、尚、画、怪","堪 "" 尚 画 怪 其 书 歇 骨 论",之、气、肖、画、花,之 气 肖 画 花 上 古 的 詎 重,1,画,0.1
903,绛都春,雁来红,清,这首词先从他物写起，慢慢将笔墨转向吟咏对象，艺术构思上颇为巧妙。开篇即云：“芳丛,高、槛、带、绳、围,高 槛 带 绳 围 画 曲 成 红 线,画、种、篇、平、霞,画 种 篇 平 霞 丛 斓 的 高 杆,2,画、高,0.2
840,采菊篇,菊花,南朝梁,"梁简文帝萧纲，尝自称""七岁有诗癖，长而不倦”，主张""文章且须放荡。(《诫当阳公大","精、""、都、治、轻","精 "" 都 治 轻 尝 诫 珠 丽 日",叶、京、指、的、着,叶 京 指 的 着 向 本 之 丽 治,2,丽、治,0.2
899,南乡子,菊花,宋,满园菊花盛开，使词人情怀振作，豪兴大发，立即偕同友人“携壶上翠微”。这里，以景语,-、怨、微、携、枝,- 怨 微 携 枝 空 语 日 萧 响,友、来、词、节、诗,友 来 词 节 诗 味 偕 - 的 叹,1,-,0.1
841,山园草间菊数枝开，席地独酌,菊花,宋,为人们所乐道的菊花，它出现在不同诗人的笔下，便呈现出不同的感情色彩。在本诗中，一,"藉、""、金、枝、小","藉 "" 金 枝 小 长 出 曾 草 篱",写、却、的、花、于,写 却 的 花 于 杯 惜 秋 廷 骨,0,,0.0
837,菊 花,菊花,宋,此诗原以小序代题，云：“陶渊明云：‘三径就荒，松菊犹存。(按：见《归去来兮辞》),兮、端、纪、坠、以,兮 端 纪 坠 以 配 操 拟 寒 餐,德、的、就、籍、转,德 的 就 籍 转 文 效 接 诗 锋,0,,0.0
843,万年厉员外宅赏残菊,菊花,唐,"重阳节，正是菊花盛开之时，孟浩然有“待到重阳日，还来就菊花""(《过故人庄>)的名",将、经、重、晚、惋,将 经 重 晚 惋 销 即 过 怜 色,从、故、于、减、的,从 故 于 减 的 霜 女 写 > 暮,0,,0.0
847,八月二十八日子容过对菊,菊花,明,沈德符<万历野获编>载有一首<四喜>诗，谓：“久旱逢甘雨，他乡遇故知，洞房花烛夜,便、喜、联、四、多,便 喜 联 四 多 应 军 怜 则 共,倒、樽、放、的、着,倒 樽 放 的 着 席 夜 中 友 盛,0,,0.0
835,舟上采菊,菊花,宋,波平如镜，水流无声，空中冷月将银辉慷慨地洒向水面。月明，水静，风轻，舟孤，作品开,若、演、漾、便、采,若 演 漾 便 采 分 容 貌 共 下,貌、>、的、诗、免,貌 > 的 诗 免 洒 地 本 河 品,1,貌,0.1
898,鹪鸪天,菊花,宋,"高濂《遵生八笺·燕闲清赏笺》，将桃花菊列为“菊之名品""。以其艳若桃花，为历代人们","解、""、重、红、喜","解 "" 重 红 喜 种 闲 色 见 咏",的、解、流、但、之,的 解 流 但 之 于 便 人 菊 古,1,解,0.1
834,饮 酒（其五）,菊花,晋,此还有真意， 欲辨已忘言。 本诗开头称“结庐在人境”，按照一般人写法，接下来便是,偏、静、言、>、酌,偏 静 言 > 酌 避 此 平 给 忘,的、他、静、恬、象,的 他 静 恬 象 来 是 闻 转 睹,1,静,0.1
833,和郭主簿二首(其二),菊花,晋,本篇写秋景肃杀，却从春雨和润写起，春、秋对比，见出节令变化之速。“和泽”谓雨水调,周、-、逸、游、开,周 - 逸 游 开 和 陵 泽 冠 岑,耀、于、高、振、青,耀 于 高 振 青 之 的 集 轟 美,0,,0.0
900,小桃红,菊花,清,小桃红菊花，以菊色似桃红而得名。作者又特意选取{小桃红>词牌与之关合，调名与题目,调、天、美、相、照,调 天 美 相 照 源 猩 颂 词 便,篇、片、魁、的、他,篇 片 魁 的 他 了 照 番 认 之,1,照,0.1
895,阮郎归,菊花,清,此花开后更无花，问谁偏爱些？忆从九日伴陶家，诗人今尚夸。 堪酿酒，佐烹茶，餐英古,-、杀、尚、片、留,- 杀 尚 片 留 中 弘 至 意 此,赞、儿、词、忆、之,赞 儿 词 忆 之 很 回 的 所 用,0,,0.0
897,鹧鸪天,菊花,宋,秋菊带雾含霜冲晓寒而怒放的画面，本词以“破晓寒”展现，首句便奇崛警拔，出语不凡。,秋、干、把、而、簪,秋 干 把 而 簪 效 破 寒 便 加,友、的、写、秋、菊,友 的 写 秋 菊 健 赏 于 片 他,1,秋,0.1
896,卖花声,菊花,清,这首咏菊词的小序，大致点明了词的作意。当时，人们普遍喜爱的是色彩绚烂(纷红骇绿，,"""、犀、尾、纷、东",""" 犀 尾 纷 东 西 貌 青 同 挥",为、尾、菊、之、刻,为 尾 菊 之 刻 貌 引 每 犀 的,3,犀、貌、尾,0.3
943,如梦令,野菊,宋,这首小词，一开始便写出野菊的超逸情态。野菊为多年生草本，茎直立，高约三尺。以“亭,便、反、东、采、放,便 反 东 采 放 孤 显 仍 否 含,菊、显、采、它、首,菊 显 采 它 首 的 潢 力 但 篱,2,显、采,0.2
938,野菊座主闲闲公命作,野菊,金,陶渊明曾满手把菊，痛饮菊丛，这给“殿岁夺春华”的秋菊平添了一段佳话。渊明为浔阳柴,横、教、荒、共、断,横 教 荒 共 断 争 畦 也 藉 便,去、的、沉、象、写,去 的 沉 象 写 感 态 于 曾 诗,0,,0.0
939,野菊再奉座主闲闲公命作,野菊,金,本作意在赋菊，却不拘泥于菊，开头便荡开笔势，真实地描绘出万木凋零、平野草枯的暮秋,却、兮、遇、独、晚,却 兮 遇 独 晚 餐 出 坠 故 状,触、的、于、荒、象,触 的 于 荒 象 隐 菊 兮 野 笔,1,兮,0.1
934,叹庭前甘菊花,甘菊,唐,，杜甫诗中以专题咏花，这首诗可以说是最早的一首。前此，杜集中的写景之作，只是把花,日、集、庭、仕、异,日 集 庭 仕 异 诗 悲 犹 未 专,感、云、咏、共、易,感 云 咏 共 易 抒 写 却 之 的,0,,0.0
933,咏甘菊,甘菊,宋,杭州古属越国之地。越山，指杭州一带的山。晚唐释处默在(圣果寺>诗中写道：“到江吴,细、晚、多、隔、到,细 晚 多 隔 到 谤 肌 愈 触 处,之、显、所、些、甘,之 显 所 些 甘 从 > 的 于 菊,0,,0.0
932,酷相思,木芙蓉,清,“--簇花光楼角倚”。劈头句，描绘出一幅木芙蓉盛开的景象。楼旁一角，木芙蓉正在开,倚、正、帶、递、渐,倚 正 帶 递 渐 落 簇 先 角 酣,的、切、都、拟、倚,的 切 都 拟 倚 劈 说 递 沓 幅,2,递、倚,0.2
905,茶轩为陈惟寅赋,雁来红,明,道衍是明初的著名僧人，即明成祖朱棣的心腹谋臣姚广孝。此诗系为其友陈汝秩(字惟寅),秩、道、几、衍、树,秩 道 几 衍 树 从 汝 观 理 待,叶、从、的、凛、诗,叶 从 的 凛 诗 僧 衍 王 某 树,3,衍、树、从,0.3
906,茶轩为陈惟寅赋,雁来红,宋,神宗初年，苏轼任殿中丞直史馆判官告院，两次上书批评新法，熙宁四年（1071)，有,辙、恨、干、联、共,辙 恨 干 联 共 序 日 健 守 颇,"之、叶、切、,、子","之 叶 切 , 子 生 于 引 开 厚",0,,0.0
909,邵伯梵行寺山茶,山茶,宋,这是诗人游览江都县北邵伯镇的梵行寺时写下的记游之作。游庙逛寺的人或烧香礼佛、或求,逛、至、栽、把、到,逛 至 栽 把 到 都 游 阿 或 无,雅、火、明、爱、尤,雅 火 明 爱 尤 切 于 种 的 地,0,,0.0
915,木兰花慢,山茶花,清,山茶花是·种名贵花卉。我国以云南茶花最著名。山茶花有多种颜色，本篇写的是红山茶花,爱、权、虬、谱、第,爱 权 虬 谱 第 重 笑 枝 认 -,地、篇、叶、云、重,地 篇 叶 云 重 爱 形 卉 的 蔚,2,爱、重,0.2
917,王伯扬所藏赵昌芙蓉,木芙蓉,宋,这是一首题画诗。苏轼曾有一首七绝咏过木芙蓉：“千林扫作--番黄，只有芙蓉独自芳。,"""、宜、书、清、拒",""" 宜 书 清 拒 番 霜 拂 昌 称",的、强、拒、从、严,的 强 拒 从 严 为 赵 等 好 潦,1,拒,0.1
919,芙蓉,木芙蓉,明,“芙蓉”就是长满了木芙蓉的水边。沂pān，同泮，水涯。这首五言律诗，以咏木芙蓉写,"""、同、花、傲、照",""" 同 花 傲 照 独 拒 霜 偏 摇",象、之、照、咏、莲,象 之 照 咏 莲 晰 花 的 正 而,2,照、花,0.2
925,芙 蓉,木芙蓉,宋,“年年岁岁花相似，岁岁年年人不同”，这是唐代诗人刘希夷的名句。因花而感叹人生，这,"""、聊、照、憔、闲",""" 聊 照 憔 闲 真 因 更 成 红",红、满、却、慨、翁,红 满 却 慨 翁 明 法 照 之 体,2,照、红,0.2
931,婆罗门引,木芙蓉,宋,陈藏一《话腴>:“赵昂总管始肆业临安府学，因无聊赖，遂脱儒冠从禁弁，升御前应对。,意、诏、构、等、抢,意 诏 构 等 抢 缀 弁 春 呈 拒,的、词、名、用、因,的 词 名 用 因 赵 长 习 > 之,0,,0.0
937,野菊,野菊,唐,《野菊》这首七律就是诗人的藉菊喻人以抒发他的忧愁和怨愤的力作。既典型地描绘了处于,坞、椒、律、涧、-,坞 椒 律 涧 - 于 底 联 低 寸,菊、园、明、愤、写,菊 园 明 愤 写 的 凉 他 诗 低,1,低,0.1
926,窗前木芙蓉,木芙蓉,宋,窗前一枝木芙蓉破寒而放，引起了诗人无限的感慨。诗人作客异地，心情悲酸，望着窗外的,拒、怨、酸、此、得,"拒 怨 酸 此 得 当 "" 更 悲 神",叶、似、此、诗、明,叶 似 此 诗 明 奋 的 命 后 可,1,此,0.1
954,题红梅,红梅,明,和尚访问西湖处士林和靖遗址，由梅树之稀疏顿生吊古伤今之叹，遂命笔成此七绝一首。 ,"合、'、""、望、本","合 ' "" 望 本 和 旗 藓 帘 尚",的、家、从、雪、苔,的 家 从 雪 苔 于 云 德 诗 藓,1,藓,0.1
960,定风波,红梅,宋,苏轼贬官黄州期间，曾写过《红梅>一律。其诗云：“怕愁贪睡独开迟，自恐冰容不入时。,独、老、贪、层、迟,独 老 贪 层 迟 敷 脸 姿 慵 容,雅、她、之、的、说,雅 她 之 的 说 入 红 原 观 放,0,,0.0
959,小重山,红梅,宋,这是姜白石留居潭州(在今之湖南长沙--带)期间歌咏红梅的一首佳作。词分上下两片。,新、带、篇、鸟、度,新 带 篇 鸟 度 事 蒙 西 即 思,写、篇、的、密、恋,写 篇 的 密 恋 綰 之 离 梅 隐,1,篇,0.1
956,留春 令,红梅,宋,高观国，字宾王，号竹屋。山阴(今浙江绍兴)人。著《竹屋痴语》一卷。《云韶集》认为,堕、词、赠、香、痴,堕 词 赠 香 痴 馆 消 娃 吹 独,之、酒、于、风、的,之 酒 于 风 的 所 越 堕 馆 除,2,馆、堕,0.2
957,玉楼春,红梅,宋,毛滂，字泽民，北宋江山(今属浙江)人。清人陈廷焯以为其词“意境不深，间有雅调”。,"""、元、伫、端、淡",""" 元 伫 端 淡 毛 词 妒 层 晕",试、词、关、和、答,试 词 关 和 答 妒 篇 妆 她 层,3,词、妒、层,0.3
944,红 梅,红梅,宋,这是全诗基调，又是全诗题旨。面对如此名花，面对如此风月良宵，风雅的主人别具怀抱，,度、晓、于、塞、绛,度 晓 于 塞 绛 止 听 洗 钞 映,刻、之、调、诗、她,刻 之 调 诗 她 般 亮 的 他 在,0,,0.0
945,岭上红梅,红梅,宋,岭，指大庾岭，为粵赣之分野。古又有台岭、东峤等称。汉武帝时，传有将军姓庾者曾于岭,"台、""、梅、峤、日","台 "" 梅 峤 日 足 > 庾 岭 幽",从、台、之、>、城,从 台 之 > 城 化 峤 的 后 大,3,>、台、峤,0.3
946,红 梅,红梅,宋,梅尧臣这首五言律诗，自溪畔梅花写起，中经一番描叙，最后落到自己所要表达的意愿上，,层、接、邻、舍、杂,层 接 邻 舍 杂 樱 写 曲 同 说,她、他、篇、野、之,她 他 篇 野 之 近 希 联 櫻 的,0,,0.0
947,红 梅,红梅,宋,苏轼这首诗咏的是红梅，而-般咏梅诗大多是咏白梅，因为白色的梅花象征高洁不俗，红梅,认、-、已、替、无,认 - 已 替 无 本 寒 即 般 心,气、些、说、叶、哲,气 些 说 叶 哲 很 的 之 酒 把,0,,0.0
958,蝶恋花,红梅,宋,真德秀(1178一1235)，初字景元，旋易字景希。南宋浦城(今福建之县) 人。,言、层、-、吐、误,言 层 - 吐 误 种 类 半 近 片,叶、的、之、秀、言,叶 的 之 秀 言 误 近 开 词 典,3,近、误、言,0.3
949,红 梅,红梅,明,清初钱谦益《列朝诗集小传》称黄肃“字子邕，新城人。元季官礼部主事，自北平来见，上,隐、秀、至、上、日,隐 秀 至 上 日 词 情 口 借 在,肃、写、故、许、溢,肃 写 故 许 溢 和 口 落 隐 几,2,隐、口,0.2
951,红梅四首(其一),红梅,元,王冕此诗第一首山眼前梅花联想到罗浮山梅，诗篇即围绕罗浮山梅而展开。罗浮山纵横二百,观、窗、紫、吻、苔,观 窗 紫 吻 苔 径 般 啄 指 之,指、的、梦、自、非,指 的 梦 自 非 篇 增 尺 观 用,2,指、观,0.2
948,红 梅,红梅,宋,清人钱泳言：“咏物诗最难工，太切题则粘皮带骨，不切题则捕风捉影，须在不即不离之间,"""、题、即、切、非",""" 题 即 切 非 绝 太 潮 输 冲",脸、朝、透、明、并,脸 朝 透 明 并 的 他 咏 诗 从,0,,0.0
955,种红梅一株于竹下赋此,红梅,清,这首咏梅之作，词采清丽，构思风趣而奇特。毕竟是龚定庵之作，出手不凡。本来不怕严寒,棱、静、龙、状、:,棱 静 龙 状 : 筍 袅 名 碧 写,貌、从、地、活、的,貌 从 地 活 的 梅 转 文 之 写,1,写,0.1
953,题延平刘郎中廷信所藏红梅,红梅,明,诗题中的“延平”系明代地方行政机构——府的名称，治南平，即今之福建南平市。郎中，,滨、忌、浅、花、艳,滨 忌 浅 花 艳 妒 梅 郎 如 司,之、力、府、郎、浅,之 力 府 郎 浅 于 的 互 要 调,2,郎、浅,0.2
952,红梅四首(其二),红梅,元,诗人在“西湖处士”家痛饮，喝得酩酊大醉。“西湖处士”原指北宋著名诗人林逋，隐居西,合、断、知、香、种,合 断 知 香 种 穿 中 粉 丛 志,典、的、种、于、余,典 的 种 于 余 暗 蝶 > 在 冕,1,种,0.1
974,水 仙,水仙花,明,文征明的这首咏水仙诗不同于一般人写水仙，他用一段凄艳的故事来勾画水仙的多情与哀伤,斑、殉、伤、祠、侵,斑 殉 伤 祠 侵 尽 妃 微 投 之,的、舜、酷、古、咏,的 舜 酷 古 咏 于 契 花 丽 诗,0,,0.0
999,西江月,瑞香,宋,这首词是东坡在杭州知州任上时的作品。当时福州路转运判官曹辅权(字子方)回京过杭，,观、酷、智、异、中,观 酷 智 异 中 词 起 用 那 如,智、观、风、于、系,智 观 风 于 系 之 飘 拂 的 香,2,智、观,0.2
997,咏瑞香,瑞香,宋,诗人以真挚丰富的感情和女子细腻幽深的心理体验，精细刻划了瑞香花的艳姿娇态，表达出,初、著、令、妆、诗,初 著 令 妆 诗 好 蹙 那 带 东,说、气、地、把、写,说 气 地 把 写 的 瑞 她 着 极,0,,0.0
996,瑞香花新开(五首之一),瑞香,宋,瑞香花向有“花中祥瑞”的美称，它色彩艳丽，芳香酷烈，深受赏花人的喜爱。杨万里的这,三、著、索、旋、裁,三 著 索 旋 裁 两 被 森 中 喜,写、叶、笥、裁、之,写 叶 笥 裁 之 把 绫 的 穿 宛,1,裁,0.1
995,瑞香花,瑞香,宋,在冰雪残存、余寒未消的冬春之交，在幽深隐曲的庭院内室，瑞香花悄悄地喷芳吐艳了。光,被、叠、笼、闭、紫,被 叠 笼 闭 紫 曲 中 诗 锦 破,笼、晚、迭、被、的,笼 晚 迭 被 的 花 叶 承 杂 地,2,笼、被,0.2
961,王充道送水仙花五十枝,水仙花,宋,水仙，是素洁和美的象征。它形象高雅，娴静而秀美，体态娇袅，令人爱怜；然而，它的美,独、子、新、魂、典,独 子 新 魂 典 援 水 寒 染 美,貌、花、的、夜、素,貌 花 的 夜 素 染 荷 他 样 么,1,染,0.1
962,水仙花,水仙花,宋,名家写景状物自有他独到的视角，独特的见解。同是咏水仙，同样写它的孤独与高标幽洁，,绝、倔、以、川、杀,绝 倔 以 川 杀 一 清 畔 见 名,写、拿、力、咏、的,写 拿 力 咏 的 字 此 来 比 评,0,,0.0
987,戏咏蜡梅二首,蜡梅,宋,第一首写蜡梅含苞未放。严冬方过，春寒犹烈，蜡梅枝上生出点点金黄的蓓蕾，透露着盎然,"讲、恼、""、雄、生","讲 恼 "" 雄 生 写 腺 下 锁 放",喜、着、爽、的、帛,喜 着 爽 的 帛 说 下 了 力 驱,1,下,0.1
985,蜡梅一首贈赵景貺,蜡梅,宋,这首诗写于元祐六年(1091)，时苏轼正任颖州知州。赵令時，字景貺，当时为签判颖,"""、酥、口、采、磬",""" 酥 口 采 磬 景 次 心 言 黄",叶、吗、写、呢、之,叶 吗 写 呢 之 诗 的 僧 喻 蕊,0,,0.0
986,荀秀才送蜡梅十枝奇甚为赋此诗,蜡梅,宋,荀秀才，未详。从诗题及诗意来看，这首诗乃专咏壶中所插之蜡梅。 范成大有<范村梅谱,'、欺、谱、顾、乃,' 欺 谱 顾 乃 读 贮 黄 大 藏,长、日、之、典、说,长 日 之 典 说 娇 集 言 叠 小,0,,0.0
984,贺新郎,水仙花,宋,"首句“云卧衣裳冷""，下手便写出水仙神态，用的是杜甫<游龙门奉先寺>成句，卧云空翠",-、袜、解、微、挑,"- 袜 解 微 挑 空 生 "" 与 记",的、运、>、化、卧,的 运 > 化 卧 典 于 裳 花 冷,0,,0.0
983,庆宫春,水仙花,宋,“岁华相误，记前度湘皋怨别。哀弦重听，都是凄凉，未须弹彻。”用有关湘妃的传说，再,"""、别、误、边、度",""" 别 误 边 度 听 记 特 怨 哀",紧、的、谁、把、用,紧 的 谁 把 用 金 更 花 之 吗,0,,0.0
982,金人捧露盘,水仙花,宋,这是首咏物寄意的词。 上片以湘水女仙、洛水女神比喻水仙之美姿。 开头三句造语不凡,"轻、整、""、弱、铢","轻 整 "" 弱 铢 心 极 步 衣 月",的、舜、后、云、尖,的 舜 后 云 尖 之 洛 来 月 本,1,月,0.1
979,菩萨蛮,水仙花,宋,这首小词实际上是借写水仙花而起兴的。上片它简炼地写了水仙花的情态，而在下片则借题,枝、悠、煞、已、苦,枝 悠 煞 已 苦 似 同 黄 相 须,叶、之、兮、花、的,叶 之 兮 花 的 他 从 片 它 地,0,,0.0
975,水仙花,水仙,清,古希腊流传这样一个动人的神话：水仙花原是河神的儿子、一位美少年变成的。这位美少年,言、条、回、兴、倒,言 条 回 兴 倒 萧 盛 澧 影 伍,兮、她、诗、象、名,兮 她 诗 象 名 情 言 赏 典 湘,1,言,0.1
966,水仙花,水仙花,宋,这是一首十分清丽而又具有鲜明的画面特征的小诗。尽管起首平平，但结语非凡，特别是它,藐、它、姑、用、霭,藐 它 姑 用 霭 后 绝 射 夜 好,诗、刻、使、之、她,诗 刻 使 之 她 > 宫 特 耐 境,0,,0.0
