row_idx,ID,诗名,花名,朝代
0,1,早 梅,梅花,南朝梁
1,2,咏梅花,梅花,南朝梁
2,3,梅 花,梅花,北朝周
3,4,梅花落,梅花,南朝宋
4,5,和秦太虚梅花,梅花,宋
5,6,十一月二十六日，松风亭下梅花盛开,梅花,宋
6,7,再用前韵,梅花,宋
7,8,江 梅,梅花,唐
8,9,山路梅,梅花,唐
9,10,.看早梅,梅花,唐
10,11,早 梅,梅花,唐
11,12,十一月中旬扶风界见梅花,梅花,唐
12,13,早 梅,梅花,宋
13,14,梅 花,梅花,宋
14,15,探 梅,梅花,宋
15,16,铜坑看梅,梅花,明
16,17,梅 花(其一),梅花,清
17,18,梅 花(其二),梅花,清
18,19,和裴迪登蜀州东亭送客逢早梅相忆见寄,梅花,唐
19,20,酬崔八早梅有赠兼示之作,梅花,唐
20,21,梅,梅花,唐
21,22,梅,梅花,唐
22,23,山园小梅,梅花,宋
23,24,山园小梅,梅花,宋
24,25,咏小梅,梅花,宋
25,26,歧亭道上见梅花戏赠季常,梅花,宋
26,27,次韵赏梅,梅花,宋
27,28,梅 花,梅花,宋
28,29,梅 花,梅花,宋
29,30,浣花赏梅,梅花,宋
30,31,山亭观梅,梅花,宋
31,32,怀古堂前小梅渐开,梅花,宋
32,33,梅花下小饮,梅花,宋
33,34,梅 花,梅花,宋
34,35,落 梅,梅花,宋
35,36,渔舍观梅,梅花,宋
36,37,梅 魂,梅花,元
37,38,水中梅影,梅花,元
38,39,梅花九首(其一),梅花,明
39,40,梅花九首(其三),梅花,明
40,41,梅 涧,梅花,明
41,42,赠范蔚宗,梅花,南朝宋
42,43,咏 梅,梅花,南朝梁
43,44,江滨梅,梅花,唐
44,45,杂 诗（其二）,梅花,唐
45,46,忆 梅,梅花,唐
46,47,梅 花,梅花,宋
47,48,梅 花,梅花,宋
48,49,梅 花,梅花,宋
49,50,早 梅,梅花,宋
50,51,寒 梅,梅花,宋
51,52,岭 梅,梅花,宋
52,53,咏 梅,梅花,金
53,54,邻墙梅花,梅花,元
54,55,梅 花,梅花,清
55,56,梅 花,梅花,清
56,57,梅花坞坐月,梅花,清
57,58,灵谷寺梅花坞,梅花,明
58,59,新栽梅,梅花,唐
59,60,春女怨,梅花,唐
60,61,早 梅,梅花,唐
61,62,竹里梅,梅花,唐
62,63,山驿梅花,梅花,唐
63,64,梅 花,梅花,唐
64,65,京师逢卖梅花,梅花,宋
65,66,梅 花,梅花,宋
66,67,梅花二首,梅花,宋
67,68,次韵杨公济奉议梅花,梅花,宋
68,69,梅 花,梅花,宋
69,70,十一月后庭梅花盛开,梅花,宋
70,71,梅,梅花,宋
71,72,和张规臣水墨梅五绝(其三),梅花,宋
72,73,和张规臣水墨梅五绝（其五）,梅花,宋
73,74,绿萼梅,梅花,宋
74,75,落 梅,梅花,宋
75,76,梅 花,梅花,宋
76,77,梅 花,梅花,宋
77,78,梅 花,梅花,宋
78,79,江上寻梅,梅花,宋
79,80,折梅花,梅花,宋
80,81,雪后寻梅,梅花,宋
81,82,池亭双树梅花,梅花,宋
82,83,南斋梅花,梅花,宋
83,84,梅影上有寒雀来往,梅花,宋
84,85,昌英知县叔作岁，坐上赋瓶里梅花，时坐上九人,梅花,宋
85,86,庆长叔招饮花下,梅花,宋
86,87,瓶里梅花,梅花,宋
87,88,除夜自石湖归苕溪(其一),梅花,宋
88,89,水边早梅,梅花,宋
89,90,久客买舟西还,梅花,宋
90,91,梅 花,梅花,宋
91,92,武夷山中,梅花,宋
92,93,夜 坐,梅花,宋
93,94,窗外梅蕾,梅花,金
94,95,墨 梅,梅花,金
95,96,梅,梅花,金
96,97,观梅有感,梅花,元
97,98,白 梅,梅花,元
98,99,梅 花,梅花,元
99,100,梅 花,梅花,元
100,101,风 梅,梅花,元
101,102,王元章倒枝画梅,梅花,明
102,103,吉祥寺古梅,梅花,清
103,104,百嘉村见梅花,梅花,清
104,105,梅 花,梅花,清
105,106,枯 梅,梅花,清
106,107,浣溪沙,梅花,宋
107,108,浣溪沙,梅花,清
108,109,长相思,梅花,宋
109,110,鬲溪梅令,梅花,宋
110,111,卜算子,梅花,宋
111,112,卜算子,梅花,宋
112,113,诉衷情,梅花,宋
113,114,霜天晓角,梅花,宋
114,115,霜天晓角,梅花,宋
115,116,霜天晓角,梅花,宋
116,117,霜天晓角,梅花,清
117,118,清平乐,梅花,宋
118,119,清平乐,梅花,宋
119,120,好事近,梅花,宋
120,121,忆秦娥,梅花,宋
121,122,忆少年,梅花,宋
122,123,阮郎归,梅花,宋
123,124,善萨蛮,梅花,宋
124,125,菩萨蛮,梅花,宋
125,126,菩萨蛮,梅花,宋
126,127,朝中措,梅花,宋
127,128,虞美人,梅花,宋
128,129,西江月,梅花,宋
129,130,盐角儿,梅花,宋
130,131,踏莎行,梅花,宋
131,132,临江仙,梅花,宋
132,133,临江仙,梅花,宋
133,134,临江仙,梅花,宋
134,135,渔家傲,梅花,宋
135,136,孤雁儿,梅花,宋
136,137,江梅引,梅花,金
137,138,望 梅,梅花,宋
138,139,最高楼,梅花,宋
139,140,汉宫春,梅花,宋
140,141,东风第一枝,梅花,明
141,142,满江红,梅花,宋
142,143,花心动,梅花,宋
143,144,孤 鸾,梅花,宋
144,145,赏南枝,梅花,宋
145,146,一尊红,梅花,元
146,147,暗香,梅花,宋
147,148,暗香,梅花,清
148,149,疏 影,梅花,宋
149,150,疏 影,梅花,宋
150,151,疏 影,梅花,宋
151,152,扬州慢,梅花,清
152,153,沁园春,梅花,宋
153,154,沁园春,梅花,宋
154,155,贺新郎,梅花,宋
155,156,六州歌头,梅花,元
156,157,代迎春花招刘郎中,迎春花,唐
157,158,刘敞阁前迎春花,迎春花,宋
158,159,中书东厅迎春,迎春花,宋
159,160,嘲迎春花,迎春花,清
160,161,清平乐,迎春花,宋
161,162,和乐天宴李美周中丞宅池中赏櫻桃花,樱桃花,唐
162,163,櫻桃花下有感而作,樱桃花,唐
163,164,履信池櫻桃岛上醉后走笔送别舒员外兼寄宗正李卿考功崔郎中,樱桃花,唐
164,165,同诸客携酒早看櫻桃花,樱桃花,唐
165,166,二月十五日櫻桃花盛开,樱桃花,唐
166,167,和永叔同游上林院后亭见櫻桃花悉已披谢,樱桃花,宋
167,168,酬韩侍郎张博士雨后游曲江见寄,樱桃花,唐
168,169,題东楼前李使君所种樱桃花,樱桃花,唐
169,170,折枝花赠行,樱桃花,唐
170,171,和裴仆射看櫻桃花,樱桃花,唐
171,172,山寺看櫻桃花題僧壁,樱桃花,唐
172,173,题樱桃,樱桃花,唐
173,174,樱桃树,樱桃花,唐
174,175,买带花樱桃,樱桃花,唐
175,176,樱桃花,樱桃花,宋
176,177,樱桃花,樱桃花,元
177,178,红窗睡,樱桃花,清
178,179,折海棠戏赠圣俞,海棠,宋
179,180,张园观海棠,海棠,宋
180,181,寓居定惠院之东，杂花溝山，有海棠一株，土人不知贵也,海棠,宋
181,182,张园海棠,海棠,宋
182,183,海棠歌,海棠,宋
183,184,游海棠西山示赵彦成,海棠,宋
184,185,海 棠,海棠,宋
185,186,陪粹翁举酒君子亭寧下海棠方开,海棠,宋
186,187,海棠,海棠,宋
187,188,夜宴赏海棠醉书,海棠,宋
188,189,怀成都海棠,海棠,宋
189,190,垂丝海棠,海棠,宋
190,191,海 棠(其一),海棠,宋
191,192,海 棠(其二),海棠,宋
192,193,祁阳道中见海棠,海棠,明
193,194,咏白海棠,海棠,清
194,195,垂丝海棠,海棠,宋
195,196,海 棠,海棠,唐
196,197,海 棠,海棠,宋
197,198,海棠三首(其一),海棠,宋
198,199,海棠三首(其二),海棠,宋
199,200,海棠三首(其三),海棠,宋
200,201,海 棠,海棠,宋
201,202,赏海棠三绝,海棠,宋
202,203,闻石湖海棠盛开亟携家过之,海棠,宋
203,204,花时遍游诸家园,海棠,宋
204,205,海 棠,海棠,宋
205,206,题苦竹寺海棠洞,海棠,宋
206,207,海棠三首(其一),海棠,宋
207,208,海棠三首(其二),海棠,宋
208,209,海棠三首(其三),海棠,宋
209,210,雨中海棠,海棠,宋
210,211,黄海棠,海棠,金
211,212,同儿辈赋未开海棠,海棠,金
212,213,海 棠,海棠,元
213,214,腊月海棠,海棠,元
214,215,西斋庭前海棠,海棠,明
215,216,兴教寺海棠,海棠,明
216,217,海棠词,海棠,清
217,218,如梦令,海棠,宋
218,219,如梦令,海棠,宋
219,220,卜算子,海棠,宋
220,221,南乡子（十月海棠）,海棠,宋
221,222,殢人娇,海棠,清
222,223,满江红（二月二十四夜饮海棠下作）,海棠,宋
223,224,宴清都（连理海棠）,海棠,宋
224,225,摸鱼儿,海棠,宋
225,226,风雨看舟前落花戏为新句,桃花,唐
226,227,绯桃花歌,桃花,唐
227,1005-01,驿舍见故屏风画海棠有感,海棠,宋
228,1006-01,和泽民求海棠,海棠,宋
229,1007,菩萨蛮,海棠,宋
230,1008,四月九日幽谷见绯桃盛开,桃花,宋
231,1009,忆左掖千叶桃花,桃花,明
232,228,桃 花,桃花,明
233,229,晚 桃,桃花,唐
234,230,敷水小桃盛开,桃花,唐
235,231,百井路山桃,桃花,宋
236,232,桃·花,桃花,明
237,233,晚桃花,桃花,唐
238,234,咏庭前桃,桃花,唐
239,235,绯桃花,桃花,唐
240,236,连日至梅仙坞及花径观桃花二首(其一),桃花,宋
241,237,连日至梅仙坞及花径观桃花二首(其二),桃花,宋
242,238,桃 花,桃花,元
243,239,山中看桃花,桃花,明
244,240,粉红桃花,桃花,明
245,241,桃 花,桃花,清
246,242,白桃花次乾斋侍读韵,桃花,清
247,243,歧下桃花,桃花,宋
248,244,江畔独步寻花绝句,桃花,唐
249,245,听邻家吹笙,桃花,唐
250,246,亚枝红,桃花,唐
251,247,元和十年自朗州承召至京戏赠看花诸君子,桃花,唐
252,248,竹枝词(其二),桃花,唐
253,249,竹枝词(其九),桃花,唐
254,250,宫 词,桃花,唐
255,251,题都城南庄,桃花,唐
256,252,春游湖,桃花,宋
257,253,绯碧两桃花,桃花,宋
258,254,杨 柳,桃花,金
259,255,潘岳爱桃,桃花,明
260,1012,杭州半山看桃,桃花,清
261,256,桃 花,桃花,清
262,257,乘马與行正定真道中,桃花,清
263,258,画堂春,桃花,清
264,1013,点绛唇（桃花）,桃花,清
265,259,定风波,桃花,宋
266,260,露 华,桃花,宋
267,261,六幺令（咏桃）,桃花,清
268,262,花心动（同章酌亭刘氏庄看桃花）,桃花,清
269,263,瑶花慢,桃花,清
270,264,水龙吟,桃花,宋
271,265,风流子（出关见桃花）,桃花,清
272,266,杏花,杏花,宋
273,267,江路见杏花,杏花,宋
274,268,杏 花,杏花,唐
275,269,月夜与客饮杏花下,杏花,宋
276,270,古苑杏花,杏花,唐
277,271,杏 花,杏花,唐
278,272,依韵和王几道途次杏花有感,杏花,宋
279,273,杏 花,杏花,唐
280,274,初见杏花,杏花,宋
281,275,和梅圣俞杏花,杏花,宋
282,276,杏 花,杏花,宋
283,277,苏溪亭,杏花,唐
284,278,曲江红杏,杏花,唐
285,279,杏 花(其一),杏花,宋
286,280,杏 花(其二),杏花,宋
287,281,杏 花(其三),杏花,宋
288,282,田家,杏花,宋
289,283,北陂杏花,杏花,宋
290,284,杏 花,杏花,宋
291,285,春 晚,杏花,宋
292,286,游园不值,杏花,宋
293,287,杏 花,杏花,金
294,288,杏 花,杏花,明
295,289,浣溪沙,杏花,清
296,290,酒泉子,杏花,唐
297,291,画堂春,杏花,明
298,292,忆秦娥,杏花,宋
299,293,忆汉月,杏花,宋
300,1016,干秋岁,杏花,宋
301,294,水龙吟,杏花,宋
302,295,燕山亭,杏花,宋
303,296,念奴娇,杏花,宋
304,297,金缕曲,杏花,清
305,298,沁园春,杏花,清
306,299,李花赠张十一署,李花,唐
307,300,李花二首(其二),李花,唐
308,301,丙戌上元后和昌英叔李花,李花,宋
309,302,李 花,李花,明
310,303,李花二首,李花,宋
311,304,遣 兴,梨花,唐
312,305,梨 花,梨花,金
313,306,梨 花,梨花,唐
314,307,梨 花,梨花,金
315,308,梨 花,梨花,清
316,309,咏池上梨花,梨花,南朝齐
317,310,左掖梨花,梨花,唐
318,311,梨 花,梨花,唐
319,312,鄂杜郊居,梨花,唐
320,313,和孔密州东栏梨花,梨花,宋
321,314,和王拱辰观梨花,梨花,宋
322,315,梨 花,梨花,宋
323,316,梨花二首,梨花,宋
324,317,梨 花,梨花,宋
325,318,宫 词,梨花,宋
326,319,梨 花,梨花,宋
327,320,梨 花,梨花,金
328,321,梨 花,梨花,元
329,322,玉楼春,梨花,宋
330,323,玉 兰,玉兰,明
331,324,题玉兰,玉兰,明
332,325,雪中玉兰盛开,玉兰,清
333,326,大风惜玉兰花,玉兰,清
334,327,东风第一枝,玉兰,清
335,328,月季花,月季,明
336,329,腊前月季,月季,宋
337,330,长春花,月季,宋
338,331,月季花,月季,宋
339,332,东厅月季,月季,宋
340,333,长春花,月季,宋
341,334,月季花,月季,清
342,335,一落索,月季,宋
343,336,更漏子,月季,清
344,337,绣球花次元颜廉使韵,绣球花,元
345,338,绣 球,绣球花,明
346,339,绣 球,绣球,明
347,340,素 馨,素馨,宋
348,341,丑奴儿,素馨,宋
349,342,菩萨蛮,素馨,宋
350,343,念奴娇,素馨,宋
351,344,剪春罗,剪春罗,宋
352,345,剪春罗,剪春罗,清
353,346,木 兰,木兰,宋
354,347,戏题木兰花,木兰,唐
355,348,题令狐家木兰花,木兰,唐
356,349,棠梨白练图,棠梨花,元
357,350,正月十八日甘棠院,棠梨花,宋
358,351,碧 瓦,棠梨花,宋
359,352,秦邮舟中望菜花,菜花,清
360,353,菜 花,菜花,清
361,354,宿新市徐公店,菜花,宋
362,355,东风第一枝,菜花,清
363,1000-01,梅花落,梅花,南朝陈
364,1001-01,与诸人用东坡韵共赋梅花，适得元履书，有怀其人，因复赋此以寄意焉,梅花,宋
365,1002-01,柳梢青,梅花,宋
366,1003-01,望梅花,梅花,宋
367,1004-01,花犯,梅花,宋
368,356,和钱学士白牡丹,牡丹,唐
369,357,买 花,牡丹,唐
370,358,秋题牡丹丛,牡丹,唐
371,359,雨中看牡丹(其一),牡丹,宋
372,360,雨中看牡丹(其二),牡丹,宋
373,361,雨中看牡丹(其三),牡丹,宋
374,362,牡丹种曲,牡丹,唐
375,363,远公亭牡丹,牡丹,唐
376,364,惜 花,牡丹,宋
377,365,题益公丞相天香堂,牡丹,宋
378,366,白牡丹,牡丹,明
379,367,题所赁宅牡丹花,牡丹,唐
380,368,戏题牡丹,牡丹,唐
381,369,牡 丹,牡丹,唐
382,370,回中牡丹为雨所败二首(其一),牡丹,唐
383,371,回中牡丹为雨所败二首(其二),牡丹,唐
384,372,牡 丹,牡丹,唐
385,373,红白牡丹,牡丹,唐
386,374,牡 丹,牡丹,唐
387,375,卖残牡丹,牡丹,唐
388,376,咏重台九心淡紫牡丹,牡丹,宋
389,377,水晶球,牡丹,宋
390,378,寿安红,牡丹,宋
391,379,叠罗红,牡丹,宋
392,380,崇宁红,牡丹,宋
393,381,清平调(其二),牡丹,唐
394,382,白牡丹,牡丹,唐
395,383,牡 丹,牡丹,唐
396,384,赏牡丹二首(其一),牡丹,唐
397,385,酬胡三凭人问牡丹,牡丹,唐
398,386,赠李十二牡丹花片因以饯行,牡丹,唐
399,387,移牡丹栽,牡丹,唐
400,388,惜牡丹花,牡丹,唐
401,389,白牡丹,牡丹,唐
402,390,和僧咏牡丹,牡丹,唐
403,391,山僧送牡丹,牡丹,宋
404,392,雨中闻姚黄开呈子骏尧夫,牡丹,宋
405,393,效王仲至少监咏姚花用其韵四首(选二首),牡丹,宋
406,394,牡 丹,牡丹,宋
407,395,偶得牡丹数本移植窗外将有著花意,牡丹,宋
408,396,奉陪颖叔赋锁院牡丹,牡丹,宋
409,397,昔日杂兴,牡丹,元
410,398,牡 丹,牡丹,明
411,399,牡 丹,牡丹,明
412,400,二色牡丹(二首),牡丹,明
413,401,并头牡丹诗,牡丹,清
414,402,牡 丹,牡丹,清
415,403,点绛唇,牡丹,宋
416,404,江城子,牡丹,金
417,405,汉宫春,牡丹,宋
418,406,水龙吟,牡丹,宋
419,407,平韵满江红（牡丹）,牡丹,宋
420,408,感 遇,兰花,唐
421,409,题杨次公春兰,兰花,宋
422,410,明上人画兰图,兰花,元
423,411,幽 兰,兰花,唐
424,412,咏 兰,兰花,唐
425,413,兰 涧,兰花,宋
426,414,春 兰,兰花,元
427,415,咏 兰,兰花,元
428,416,咏幽兰,兰花,清
429,417,破盆兰花,兰花,清
430,418,折枝兰,兰花,清
431,419,题画兰,兰花,清
432,420,画 兰,兰花,清
433,421,兰 花,兰花,清
434,422,蕙兰芳引,兰花,清
435,423,看美人摘蔷薇,蔷薇,南朝梁
436,424,蔷薇洞,蔷薇,明
437,425,蔷薇歌,蔷薇,唐
438,426,蔷薇正开，春酒初熟，因招刘十九张大夫崔二十四同饮,蔷薇,唐
439,427,咏七姊妹花,蔷薇,明
440,428,咏蔷薇,蔷薇,南朝梁
441,429,蔷 薇,蔷薇,唐
442,430,饮蔷薇下,蔷薇,明
443,431,题兴化寺园亭,蔷薇,唐
444,432,山亭夏日,蔷薇,唐
445,433,重题蔷薇,蔷薇,唐
446,434,蔷 薇,蔷薇,唐
447,435,蔷 薇,蔷薇,唐
448,436,锦被堆(其一),蔷薇,宋
449,437,野蔷薇,蔷薇,宋
450,438,黄蔷薇,蔷薇,明
451,439,对窗前十姊妹花,蔷薇,清
452,440,六 丑,蔷薇,宋
453,441,酴醾依柏引蔓上冒其顛,酴醿,宋
454,442,茶䕷架,酴醿,元
455,443,次韵咏酴醛,酴醿,宋
456,444,观主簿家酴醾,酴醿,宋
457,445,酴醾,酴醿,宋
458,446,咏酴醾,酴醿,宋
459,447,酴,酴醿,宋
460,448,酴 醾,酴醿,宋
461,449,茶䕷花,酴醿,宋
462,450,惜荼䕷,酴醿,宋
463,451,和文与可洋州园池酴醾洞,酴醿,宋
464,452,赏茶䕷有感,酴醿,宋
465,453,酴 醾,酴醿,宋
466,454,披香阁上观茶蕨,酴醿,宋
467,455,酴醾花谢有感,酴醿,宋
468,456,荼蘼,酴醿,宋
469,457,荼蘼,酴醿,宋
470,458,荼蘼,酴醿,宋
471,459,荼蘼 (其一),酴醿,宋
472,460,荼蘼（其二）,酴醿,宋
473,461,点绛唇,酴醿,宋
474,462,点绛唇,酴醿,宋
475,463,鹪鸪天,酴醿,宋
476,464,洞仙歌,酴醿,宋
477,465,玲珑四犯,酴醿,宋
478,466,贺新郎,酴醿,宋
479,467,池上看金沙花数枝过酴醾架盛开,金沙,宋
480,468,池上看金沙花数枝过酴醾架盛开,金沙,宋
481,469,池上看金沙花,金沙,宋
482,470,金沙花,金沙,宋
483,471,琼 花,琼花,清
484,472,后土庙琼花诗二首,琼花,宋
485,473,琼 花,琼花,宋
486,474,琼 花,琼花,元
487,475,题扬州琼花,琼花,元
488,476,昭君怨,琼花,宋
489,477,丑奴儿,琼花,宋
490,478,虞美人,琼花,宋
491,479,扬州慢,琼花,宋
492,480,贺新郎,琼花,宋
493,481,喜迁莺,琼花,元
494,482,杨白花,杨花,魏
495,483,杨花落,杨花,唐
496,484,杨花吟,杨花,元
497,485,杨花篇,杨花,明
498,486,柳 絮,杨花,唐
499,487,柳 絮,杨花,宋
500,488,柳 絮,杨花,明
501,489,杨花咏,杨花,明
502,490,柳 絮,杨花,唐
503,491,柳絮,杨花,宋
504,492,杨 花,杨花,明
505,493,杨花诗,杨花,清
506,494,妆 成,杨花,隋
507,495,柳花词三首,杨花,唐
508,496,即 事,杨花,元
509,497,晚 春,杨花,唐
510,498,杨柳枝词,杨花,唐
511,499,柳 絮,杨花,唐
512,500,杨 花,杨花,唐
513,501,城上晚思,杨花,宋
514,502,柳 絮,杨花,宋
515,503,柳 絮,杨花,宋
516,504,飞 絮,杨花,元
517,505,如梦令,杨花,清
518,506,柳梢青,杨花,宋
519,507,减 兰,杨花,清
520,508,忆秦娥,杨花,清
521,509,南柯子,杨花,清
522,510,唐多令,杨花,清
523,511,临江仙,杨花,清
524,512,声声慢,杨花,宋
525,513,木兰花慢,杨花,清
526,514,水龙吟,杨花,宋
527,515,水龙吟,杨花,宋
528,516,水龙吟,杨花,明
529,517,清 明,杨花,宋
530,518,来禽花,杨花,宋
531,519,雨后同干誉、才卿置酒来禽花下作,虞美人,宋
532,520,念奴娇,虞美人,宋
533,521,木棉花歌,木棉花,清
534,522,咏木棉花,木棉花,清
535,523,春日杂诗,木棉花,清
536,524,红 荆,紫荆,唐
537,525,惜郁李花,郁李花,唐
538,526,次韵郁李花,郁李花,宋
539,527,楝花,楝花,宋
540,528,寄 友,郁李花,元
541,529,褐金门,郁李花,清
542,1022,浣溪沙,杨花,明
543,1023,渡江云,杨花,清
544,1018,洛阳牡丹图,牡丹,宋
545,1019,浣溪沙（兰花）,兰花,清
546,1020,锦被堆(其二),蔷薇,宋
547,1021,瑶华,琼花,宋
548,530,题阶前芍药,芍药,唐
549,531,送芍药与公择,芍药,宋
550,532,芍药歌,芍药,唐
551,533,黄修职雨中送芍药五枝,芍药,宋
552,534,七里湾得朱表臣寄千叶楼子髻子芍药,芍药,宋
553,535,芙蓉渡酒店前金沙芍药盛开,芍药,宋
554,536,咏芍药,芍药,金
555,537,芍 药,芍药,唐
556,538,华严院西轩见芍药,芍药,宋
557,539,谢赵生惠芍药(其三),芍药,宋
558,540,咏一捻红芍药,芍药,清
559,541,白芍药,芍药,清
560,542,浪淘沙,芍药,宋
561,543,水龙吟,芍药,宋
562,544,望海潮,芍药,宋
563,545,紫躑躅,杜鹃,唐
564,546,山石榴寄元九,杜鹃,唐
565,547,杜鹃花,杜鹃,唐
566,548,玉泉寺南三里涧下多深红躑躅，繁艳殊常,杜鹃,唐
567,549,杜鹃花,杜鹃,宋
568,550,宣城见杜鹃花,杜鹃,唐
569,551,寄李渤,杜鹃,唐
570,552,戏问山石榴,杜鹃,唐
571,553,山石榴,杜鹃,唐
572,554,叹灵鹫寺山石榴,杜鹃,唐
573,555,送杜鹃花,杜鹃,唐
574,556,杜鹃花,杜鹃,宋
575,557,杜鹃花,杜鹃,清
576,558,浪淘沙,杜鹃,宋
577,559,定风波,杜鹃,宋
578,560,山枇杷,杜鹃,唐
579,561,唐昌观玉蕊花拆，有仙人游，怅然成二绝(其二),玉蕊花,唐
580,562,和严给事闻唐昌观玉蕊花下有游仙二首(其一),玉蕊花,唐
581,563,唐昌观玉蕊花,玉蕊花,唐
582,564,赋虞美人草,虞美人,宋
583,565,虞美人花,虞美人,清
584,566,咏虞美人草,虞美人,明
585,567,咏虞美人草,虞美人,宋
586,568,咏虞美人草,虞美人,宋
587,569,虞美人,虞美人,清
588,570,虞美人,虞美人,宋
589,571,浪淘沙,虞美人,宋
590,572,米囊花,罂粟,宋
591,573,罂粟花,罂粟,清
592,574,含笑花,含笑,宋
593,575,含 笑,含笑,宋
594,576,闻傅氏庄紫笑花开，急棹小舟观之,含笑,宋
595,577,含笑花,含笑,宋
596,578,咏慎郎中园木香,木香,宋
597,579,木 香,木香,宋
598,580,司直巡官无绪移到玫瑰花,玫瑰,唐
599,581,红玫瑰,玫瑰,宋
600,582,合欢诗,合欢,晋
601,583,东墙夜合树去秋为风雨所摧，今年花时，帐然有感,合欢,唐
602,584,中书东厅夜合,合欢,宋
603,585,夜合花,合欢,明
604,586,合欢花,合欢,明
605,587,夜合花,合欢,清
606,588,辛夷坞,辛夷,唐
607,589,辛 夷,辛夷,明
608,590,木莲花,辛夷,清
609,591,题灵隐寺红辛夷戏酬光上人,辛夷,唐
610,592,二辛夷,辛夷,唐
611,593,木笔花,辛夷,明
612,594,路旁棣棠花,棣棠,宋
613,1024,贺新郎（客赠芍药）,芍药,宋
614,1026,虞美人草行,虞美人,宋
615,1027,虞美人,虞美人,宋
616,1025,山枇杷,山枇杷,唐
617,1017,蝶恋花,梨花,宋
618,1015,清平乐,杏花,金
619,1014,南圃杏花,棣棠,唐
620,1010,桃花行,桃花,清
621,595,咏邻女东窗海石榴,榴花,唐
622,596,赋园中所有,榴花,宋
623,597,榴 花,榴花,明
624,598,榴 花,榴花,金
625,599,海 榴,榴花,唐
626,600,西园石榴开,榴花,宋
627,601,榴 花,榴花,宋
628,602,咏石榴花,榴花,元
629,603,榴 花,榴花,唐
630,604,山寺看海榴花,榴花,唐
631,605,榴 花,榴花,元
632,606,南歌子,榴花,元
633,607,庆清朝,榴花,宋
634,608,贺新郎,榴花,宋
635,609,石竹咏,石竹,唐
636,610,石竹花,石竹,宋
637,611,石竹花,石竹,宋
638,612,赋石竹,石竹,元
639,613,咏栀子花,栀子花,明
640,614,雨过山村,栀子花,唐
641,615,栀 子,栀子花,宋
642,616,蜀 葵,蜀葵,明
643,617,春日忆山中故居,桐花,清
644,618,桐,桐花,清
645,619,采莲曲,莲花,南朝梁
646,620,采莲,莲花,南朝梁
647,621,采莲曲,莲花,南朝梁
648,622,咏江南可采莲,莲花,南朝梁
649,623,赋得涉江采芙蓉,莲花,南朝陈
650,624,咏同心芙蓉,莲花,隋
651,625,采莲曲,莲花,隋
652,626,秋池一株莲,莲花,隋
653,627,古 风(其二十六),莲花,唐
654,628,折荷有赠,莲花,唐
655,629,子夜吴歌(其二),莲花,唐
656,630,越 女,莲花,唐
657,631,东林寺白莲,莲花,唐
658,632,京兆府新栽莲·,莲花,唐
659,633,与王郎昆仲及儿子迈绕城观荷,莲花,宋
660,634,荷花,莲花,宋
661,635,玉井事观荷,荷花,宋
662,636,采莲曲,荷花,金
663,637,观鑫,荷花,清
664,638,采莲曲,荷花,唐
665,639,奉酬卢给事云夫四兄曲江荷花行见寄并呈上钱七兄阁老张十八助教,荷花,唐
666,640,古 意,荷花,唐
667,641,赠荷花,荷花,唐
668,642,张静婉采莲曲,荷花,唐
669,643,古采莲,荷花,元
670,644,莲塘曲,荷花,元
671,645,徐两山寄莲花,荷花,明
672,646,晚 莲,荷花,唐
673,647,莲塘霁望,荷花,唐
674,648,新荷出水,荷花,宋
675,649,三益堂芙蓉,荷花,元
676,650,并·蒂莲花,荷花,明
677,651,芙藻,荷花,晋
678,652,曲池荷,荷花,唐
679,653,莲 叶,荷花,唐
680,654,芙 蓉,荷花,唐
681,655,白 莲,木芙蓉,宋
682,656,莲 塘,木芙蓉,宋
683,657,和文与可菡萏轩,木芙蓉,宋
684,658,采莲曲,木芙蓉,明
685,659,采莲曲,木芙蓉,明
686,660,秋 荷,木芙蓉,清
687,661,采莲曲二首(其二),木芙蓉,唐
688,662,莲 叶,木芙蓉,唐
689,663,白 莲,木芙蓉,唐
690,664,采 莲,木芙蓉,五代
691,665,雨中荷花,木芙蓉,宋
692,666,荷 叶,木芙蓉,宋
693,667,荷 花,木芙蓉,宋
694,668,横 湖,荷花,宋
695,669,晓出净慈寺送林子方,荷花,宋
696,670,再赋郡沼双莲,荷花,宋
697,671,立秋后二日泛舟越来溪,荷花,宋
698,672,荷 花,荷花,宋
699,673,梦行荷花万顷中,荷花,宋
700,674,荷 亭,荷花,宋
701,675,新 荷,荷花,宋
702,676,荷 叶,荷花,宋
703,677,荷 花,荷花,金
704,678,荷叶露,荷花,金
705,679,藕 花,荷花,明
706,680,再过露筋祠,荷花,清
707,681,芙 蓉,荷花,清
708,682,临平道中看荷花，同朱冰壑、陈渔沂,木芙蓉,清
709,683,如梦令,木芙蓉,宋
710,684,乌夜啼,木芙蓉,宋
711,685,昭君怨,木芙蓉,宋
712,686,采桑子,木芙蓉,宋
713,687,菩萨蛮,木芙蓉,宋
714,688,清平乐,木芙蓉,宋
715,689,摊破浣溪沙,木芙蓉,五代
716,690,太常引,木芙蓉,元
717,691,鹪鸪天,木芙蓉,金
718,692,，荷叶杯,木芙蓉,清
719,693,蝶恋花,木芙蓉,宋
720,694,渔家傲,木芙蓉,宋
721,695,浪淘沙,木芙蓉,清
722,696,玉楼春,木芙蓉,明
723,697,苏幕遮,虞美人,宋
724,698,燕归梁,虞美人,宋
725,699,踏莎行,虞美人,宋
726,700,隔浦莲近拍,虞美人,清
727,701,惜红衣,虞美人,宋
728,702,洞仙歌令,虞美人,宋
729,703,水龙吟,虞美人,宋
730,704,水龙吟白莲,虞美人,宋
731,705,水龙吟,虞美人,宋
732,706,"《迈陂塘》摸
鱼
儿
·
问
莲
根
有
丝
多
少",莲花,金
733,707,迈陂塘,虞美人,元
734,708,念奴娇,虞美人,宋
735,709,抹丽花,茉莉,清
736,710,莱 莉,茉莉,宋
737,711,茉莉花,茉莉,宋
738,712,莱 莉,茉莉,宋
739,713,莱 莉,茉莉,清
740,714,莱莉花,茉莉,明
741,715,题茉莉,茉莉,明
742,716,莱 莉,茉莉,宋
743,717,莱 莉,茉莉,宋
744,718,莱 莉,茉莉,宋
745,719,莱 莉,茉莉,宋
746,720,莱 莉,茉莉,元
747,721,南柯子,茉莉,宋
748,722,玉 簪,玉簪花,元
749,723,玉,玉簪花,唐
750,724,玉 簪,玉簪花,宋
751,725,玉 簪,玉簪花,宋
752,726,玉簪花,玉簪花,宋
753,727,玉 簪,玉簪花,明
754,728,玉簪花,玉簪花,清
755,729,柳梢青,玉簪花,清
756,730,东风第一枝,玉簪花,元
757,731,有木诗,玉簪花,唐
758,732,瞻木轩,玉簪花,明
759,733,凌霄花,玉簪花,宋
760,734,凌霄花,凌霄花,宋
761,735,对萱草,萱草,唐
762,736,萱 草,萱草,明
763,737,萱 草,萱草,唐
764,738,酬梦得比萱草见赠,萱草,唐
765,739,游子吟,萱草,唐
766,740,萱 草,萱草,宋
767,741,忘忧花,萱草,唐
768,742,凤仙花,凤仙花,唐
769,743,金凤花,凤仙花,宋
770,744,山丹花,凤仙花,宋
771,745,秋 槿,木槿,唐
772,746,白槿花,木槿,元
773,747,槿,木槿,明
774,748,槿 花(其-),木槿,唐
775,749,咏槿花,木槿,唐
776,750,咏木槿树題武进文明府厅,木槿,唐
777,751,题槿花,木槿,唐
778,752,红槿花,木槿,唐
779,753,槿 花,木槿,唐
780,754,秋海棠,木槿,清
781,755,白秋海棠,秋海棠,清
782,756,白秋海棠,秋海棠,清
783,757,大悲寺秋海棠,秋海棠,清
784,758,秋海棠,秋海棠,清
785,759,南柯子,秋海棠,清
786,760,蝶恋花,秋海棠,清
787,761,蓼 滩,蓼花,明
788,762,蓼 花,蓼花,唐
789,763,水 药,蓼花,宋
790,764,蓼 花,蓼花,宋
791,765,和文与可蓼屿,蓼花,宋
792,766,水 药,蓼花,宋
793,767,行香子,蓼花,宋
794,768,迷仙引,蓼花,清
795,769,广陵送客，次郑兰玉赋蓼花韵,蓼花,元
796,770,水龙吟蓼花,蓼花,清
797,771,鸡冠花.,鸡冠花,唐
798,772,白鸡冠,鸡冠花,宋
799,773,咏鸡冠花,鸡冠花,宋
800,774,题画鸡冠花,鸡冠花,元
801,775,牵牛花,牵牛花,宋
802,776,牵牛花(其一),牵牛花,宋
803,777,牵牛花(其二),牵牛花,宋
804,778,牵牛花,牵牛花,宋
805,779-01,牵牛花,牵牛花,宋
806,779-02,紫 薇,紫薇,明
807,780,紫薇花,紫薇,唐
808,781,紫 薇,紫薇,宋
809,782,同儿曹赋芦花,芦花,金
810,783,芦 花,芦花,明
811,784,芦花,芦花,唐
812,785,渔 翁,芦花,元
813,786,葵,向日葵,宋
814,787,秋日杂兴,向日葵,宋
815,788,秋 葵,向日葵,明
816,789,金钗股,金银花,清
817,790,金银花,金银花,清
818,791,曼陀罗,曼陀罗,宋
819,792,春桂问答二首,桂花,唐
820,793,咏 桂,桂花,唐
821,794,临轩桂,桂花,宋
822,795,谢人寄双桂树子,桂花,宋
823,796,桂 花,桂花,元
824,797,山中桂,桂花,唐
825,798,岩 桂,桂花,宋
826,799,岩 桂,桂花,宋
827,800,八月十七日天竺山送桂花分贈元素,桂花,宋
828,801,昨日访子上不遇，徘徊庭砌，观木犀而归，再以七言乞数枝,桂花,宋
829,802,岩 桂,桂花,宋
830,803,月 桂,桂花,明
831,804,东城桂,桂花,唐
832,805,双桂咏,桂花,唐
833,806,天竺寺八月十五日夜桂子,桂花,唐
834,807,微雨中赏月桂独酌,桂花,宋
835,808,凝露堂木犀,桂花,宋
836,809,桂花二首,桂花,宋
837,810,咏岩桂,桂花,宋
838,811,浣溪沙,桂花,宋
839,812,绍兴戊午姑苏郡斋怀归赋,桂花,宋
840,813,霜天晓角,桂花,宋
841,814,清平乐,桂花,宋
842,815,清平乐,桂花,宋
843,816,水调歌头,桂花,元
844,817,古香慢,桂花,宋
845,818,黄蜀葵,秋葵,唐
846,819,黄蜀葵,秋葵,清
847,820,黄葵,秋葵,唐
848,821,黄蜀葵花,秋葵,唐
849,822,秋，,秋葵,宋
850,823,黄蜀葵,秋葵,宋
851,824,菩萨蛮,秋葵,宋
852,825,园榭秋光都占尽， 故应冰雪有奇文。,秋兰,宋
853,826,题郑所南兰,秋兰,元
854,827,滴滴金,滴滴金,宋
855,828,金钱花,金钱花,唐
856,829,咏金钱花,金钱花,唐
857,830,金钱花,金钱花,清
858,831,采莲曲,蘋花,宋
859,832,蘋 花,蘋花,清
860,848-01,汝济夜过同以行对菊花,菊花,明
861,849-01,前菊会,菊花,明
862,850-01,九 日,菊花,明
863,851-01,同程穆倩访周元亮司农，留饮寓园观菊，兼示所藏书册,菊花,清
864,852-01,酬皇甫郎中对新菊花见忆,菊花,唐
865,853-01,刘员外寄移菊,菊花,唐
866,854-01,和鲁望白菊,菊花,唐
867,855-01,戏题菊花,菊花,宋
868,856-01,晚香轩,菊花,明
869,857-01,晚香轩,菊花,明
870,858-01,六月菊,菊花,清
871,859-01,菊花诗,菊花,清
872,860-01,咏 菊,菊花,晋
873,861-01,江行无题(其四),菊花,唐
874,862-01,江行无题(其九),菊花,唐
875,863-01,残 菊,菊花,宋
876,864-01,菊,菊花,宋
877,865-01,菊 躁,菊花,明
878,866-01,对 菊,菊花,明
879,867-01,周镐送白菊乞诗(其一),菊花,明
880,868-01,周镐送白菊乞诗(其二),菊花,明
881,869-01,菊 花,菊花,唐
882,870-01,华下对酒,菊花,唐
883,871-01,庭前菊,菊花,唐
884,872-01,题菊花,菊花,唐
885,873-01,菊 花,菊花,唐
886,874-01,咏 菊,菊花,宋
887,875-01,城东寺菊,菊花,宋
888,876-01,残 菊,菊花,宋
889,877-01,黄 花,菊花,宋
890,878-01,重阳后看菊花,菊花,宋
891,879-01,枯 菊,菊花,宋
892,880-01,菊,菊花,宋
893,881-01,咏 菊,菊花,宋
894,882-01,咏 菊(其一),菊花,宋
895,883-01,咏 菊(其二),菊花,宋
896,884-01,画 菊,菊花,宋
897,885-01,九 日,菊花,金
898,886-01,酴醾菊,菊花,金
899,887-01,九日月中对菊，同禧伯郎中赋,菊花,金
900,888-01,九月八日对菊,菊花,明
901,833,和郭主簿二首(其二),菊花,晋
902,834,饮 酒（其五）,菊花,晋
903,835,舟上采菊,菊花,宋
904,836,黄菊有至性,菊花,宋
905,837,菊 花,菊花,宋
906,838,菊二首(其二),菊花,元
907,839,墨菊二首(其二),菊花,明
908,840,采菊篇,菊花,南朝梁
909,841,山园草间菊数枝开，席地独酌,菊花,宋
910,842,感 遇,菊花,唐
911,843,万年厉员外宅赏残菊,菊花,唐
912,844,菊,菊花,唐
913,845,对菊有怀郎祖仁,菊花,宋
914,846,王公子宅五丹菊,菊花,明
915,847,八月二十八日子容过对菊,菊花,明
916,848-02,汝济夜过同以行对菊花,菊花,明
917,849-02,前菊会,菊花,明
918,850-02,九 日,菊花,明
919,851-02,同程穆倩访周元亮司农，留饮寓园观菊，兼示所藏书册,菊花,清
920,852-02,酬皇甫郎中对新菊花见忆,菊花,唐
921,853-02,刘员外寄移菊,菊花,唐
922,854-02,和鲁望白菊,菊花,唐
923,855-02,戏题菊花,菊花,宋
924,856-02,晚香轩,菊花,明
925,857-02,九日晚对菊次容处士韵，是日县主曹侯、二尹邵侯持酒过白沙，李九渊、容贯各馆乡中未还,菊花,明
926,858-02,六月菊,菊花,清
927,859-02,菊花诗,菊花,清
928,860-02,咏 菊,菊花,晋
929,861-02,江行无题(其四),菊花,唐
930,862-02,江行无题(其九),菊花,唐
931,863-02,残 菊,菊花,宋
932,864-02,菊,菊花,宋
933,865-02,菊 蹊,菊花,明
934,866-02,对 菊,菊花,明
935,867-02,周镐送白菊乞诗(其一),菊花,明
936,868-02,周镐送白菊乞诗(其二),菊花,明
937,869-02,菊 花,菊花,唐
938,870-02,华下对酒,菊花,唐
939,871-02,庭前菊,菊花,唐
940,872-02,题菊花,菊花,唐
941,873-02,菊 花,菊花,唐
942,874-02,咏 菊,菊花,宋
943,875-02,城东寺菊,菊花,宋
944,876-02,残 菊,菊花,宋
945,877-02,黄 花,菊花,宋
946,878-02,重阳后看菊花,菊花,宋
947,879-02,枯 菊,菊花,宋
948,880-02,菊,菊花,宋
949,881-02,咏 菊,菊花,宋
950,882-02,咏 菊(其一),菊花,宋
951,883-02,咏 菊(其二),菊花,宋
952,884-02,画 菊,菊花,宋
953,885-02,九 日,菊花,金
954,886-02,酴醾菊,菊花,金
955,887-02,九日月中对菊，同禧伯郎中赋,菊花,金
956,888-02,九月八日对菊,菊花,明
957,889,野人饷菊有感,菊花,明
958,890,题画菊,菊花,清
959,891,十日菊,菊花,清
960,892,浣溪沙 乾菊,菊花,清
961,893,好事近,菊花,宋
962,894,一落索 九日,菊花,宋
963,895,阮郎归 菊花,菊花,清
964,896,卖花声,菊花,清
965,897,鹧鸪天,菊花,宋
966,898,鹧鸪天 桃花菊,菊花,宋
967,899,南乡子,菊花,宋
968,900,小桃红 咏小桃红菊花,菊花,清
969,901,老少年,雁来红,明
970,902,雁来红,雁来红,清
971,903,绛都春 雁来红,雁来红,清
972,904,山茶花树子贈李延老,山茶花,宋
973,905,茶轩为陈惟寅赋,山茶花,明
974,906,和子由柳湖久涸，忽有水，开元寺山茶旧无花，今岁盛开二首 （其二）,山茶花,宋
975,907,山 茶,山茶花,明
976,908,山 茶,山茶花,明
977,909,邵伯梵行寺山茶,山茶花,宋
978,910,玉茗花,山茶花,宋
979,911,山 茶,山茶花,宋
980,912,阻风南露筋过罗汉寺登楼看山茶,山茶花,元
981,913,白山茶,山茶花,明
982,914,山茶花,山茶花,明
983,915,木兰花慢 红山茶,山茶花,清
984,916,拒霜花,木芙蓉,宋
985,917,王伯扬所藏赵昌芙蓉,木芙蓉,宋
986,918,拒 霜,木芙蓉,宋
987,919,芙蓉沜,木芙蓉,明
988,920,木芙蓉,木芙蓉,宋
989,921,木芙蓉,木芙蓉,宋
990,922,木芙蓉下招客饮,木芙蓉,唐
991,923,木芙蓉,木芙蓉,宋
992,924,木芙蓉,木芙蓉,宋
993,925,芙 蓉,木芙蓉,宋
994,926,拒 霜,木芙蓉,宋
995,927,窗前木芙蓉,木芙蓉,宋
996,928,木芙蓉,木芙蓉,宋
997,929,木芙蓉,木芙蓉,元
998,930,少年游,木芙蓉,宋
999,931,卜算子 并涧顷种木芙蓉九月旦盛开,木芙蓉,宋
1000,932,菩萨蛮 苏堤芙蓉,木芙蓉,宋
1001,933,婆罗门引,木芙蓉,宋
1002,934,酷相思,木芙蓉,清
1003,935,咏甘菊,甘菊,宋
1004,936,叹庭前甘菊花,甘菊,唐
1005,937,野 菊,野菊,宋
1006,938,十日取野菊从酒,野菊,宋
1007,939,野菊,野菊,唐
1008,940,野菊座主闲闲公命作,野菊,金
1009,941,野菊再奉座主闲闲公命作,野菊,金
1010,942,野 菊,野菊,唐
1011,943,戏 笔,野菊,宋
1012,944,野 菊,野菊,清
1013,945,如梦令,野菊,宋
1014,946,红 梅,红梅,宋
1015,947,岭上红梅,红梅,宋
1016,948,红 梅,红梅,宋
1017,949,红 梅,红梅,宋
1018,950,红 梅,红梅,宋
1019,951,红 梅,红梅,元
1020,952,红 梅,红梅,明
1021,953,红 梅,红梅,宋
1022,954,红 梅,红梅,宋
1023,955,红 梅,红梅,金
1024,956,红梅四首(其一),红梅,元
1025,957,红梅四首(其二),红梅,元
1026,958,红梅四首(其三),红梅,元
1027,959,题延平刘郎中廷信所藏红梅,红梅,明
1028,960,题红梅,红梅,明
1029,961,鹊桥仙 种红梅一株于竹下赋此,红梅,清
1030,962,留春 令,红梅,宋
1031,963,玉楼春,红梅,宋
1032,964,蝶恋花,红梅,宋
1033,965,小重山令 赋潭州红梅,红梅,宋
1034,966,定风波 咏红梅,红梅,宋
1035,967,王充道送水仙花五十枝,水仙花,宋
1036,968,水仙花,水仙花,宋
1037,969,题赵子固水墨双钩水仙卷,水仙花,元
1038,970,水 仙(其一),水仙花,明
1039,971,水 仙(其二),水仙花,明
1040,972,水仙花,水仙花,宋
1041,973,以水仙供都运判院,水仙花,宋
1042,974,水仙花,水仙花,宋
1043,975,送水仙花,水仙花,宋
1044,976,水仙花,水仙花,宋
1045,977,水仙花,水仙花,宋
1046,978,题虞瑞岩描水仙花,水仙花,元
1047,979,水仙花,水仙花,元
1048,980,水 仙,水仙花,明
1049,981,水仙花,水仙,清
1050,982,长相思,水仙花,宋
1051,983,卜算子 水仙,水仙花,宋
1052,984,卜算子 水仙花,水仙花,清
1053,985,菩萨蛮 水仙,水仙花,宋
1054,986,朝中措 水仙,水仙花,宋
1055,987,南歌子 水仙,水仙花,宋
1056,988,金人捧露盘 水仙,水仙花,宋
1057,989,庆宫春,水仙花,宋
1058,990,贺新郎 赋水仙,水仙花,宋
1059,991,蜡梅一首贈赵景貺,蜡梅,宋
1060,992,荀秀才送蜡梅十枝奇甚为赋此诗,蜡梅,宋
1061,993,蜡梅,蜡梅,宋
1062,994,戏咏蜡梅二首,蜡梅,宋
1063,995,蜡 梅,蜡梅,宋
1064,996,蜡梅,蜡梅,宋
1065,997,蜡 梅,蜡梅,宋
1066,998,蜡 梅,蜡梅,宋
1067,999,蜡 梅,蜡梅,宋
1068,1000-02,次韵汉卿舅蜡梅,蜡梅,宋
1069,1001-02,浪淘沙,蜡梅,宋
1070,1002-02,瑞香花,瑞香,宋
1071,1003-02,瑞香花新开(五首之一),瑞香,宋
1072,1004-02,咏瑞香,瑞香,宋
1073,1005-02,瑞香花,瑞香,宋
1074,1006-02,西江月 真觉赏瑞香,瑞香,宋
