ID,sample_id,花名,月份,朝代,作者,诗名,正文,赏析,tfidf_top5,textrank_top5,textrank_top10,dominant_topic,dominant_topic_score,kmeans_cluster,snow_polarity_analysis,snow_sentiment_analysis,dominant_emotion_analysis,dominant_score_analysis,emo_joy,emo_sorrow,emo_longing,emo_bold,emo_elegant,emo_serene,emo_resentment,emo_anxiety,occasion,occasion_cn,occasion_conf,relation,relation_cn,relation_conf,symbolism_preview,overall_conf,is_high_conf,needs_review,label_occasion,label_relation,label_emotion_tone,label_symbolism,label_color,llm_occasion,llm_relation,llm_emotion,llm_symbolism,human_review_note,final_occasion,final_relation,final_emotion,final_symbolism,annotation_status
202,18,樱桃花,二月,宋,范成大,赏海棠三绝,"芳春随分到贫家， 儿女多情惜岁华。
聊为海棠修故事， 去年灯烛去年花。烛光花影两相宜， 占断风光二月时。
但得常如妃子醉， 何妨独欠少陵诗。忆向宣华夜倚栏， 花光妍暖月光寒。
如今蹋飒嫌风露， 且只铜瓶满插看。
范成大赏海棠三绝，约写于晚年，退居石湖期间。","第一首交代了赏花的缘由，以及为赏花做的准备工作。
诗人不无感慨地说：百花盛开的春天照样来到了我这个贫寒之家。儿女们珍惜无限美好的春光，所以全家饶有兴致地料理着夜赏海棠，搬出了去年的灯烛，观赏的还是那些熟悉的海棠。第三句中的“修故事”有重理旧事的意思。一个“聊”字，含有自嘲的意味。想来往年是经常夜赏海棠的，然而世事变迁，今年的心境已别有一番况味了。为了不扫儿女们的雅兴，诗人勉强地答应再来举办一次夜赏海棠的活动。
第二首才真正拉开序幕，写出了观海棠的情景。
在烛光的照耀下，海棠显得更加红艳。“烛光花影两相宜”·-句写出了灯红花艳，灯光花影交相辉映的美景。这海棠带来十分春意，十分春色。第二句中的“占断”有独占之意。春二月盛开的鲜花当然不止海棠一种，但此时此刻，诗人完全陶醉在海棠的美景中，他觉得这娇艳的海棠似乎就是一切，就足以代表整个春天了。
三四句是诗人对海棠的评价。诗人认为海棠之美，在于它艳红的颜色，犹如酒醉的杨贵妃，脸上漾起鲜艳的红霞。对于海棠来说，只要能永远保持这迷人的容貌就可以无憾了，何必为杜甫没有写过海棠的诗篇而耿耿于怀呢？最后--句针对杜甫人蜀后没有写过海棠诗而言，其中充满劝慰之情。也借海棠的遭遇委婉表达了诗人自己不随流俗、甘于寂寞、洁身自好的思想。
第三首重在追忆往事。同时，通过今昔对比引出无限感慨。
-二句写往日观赏海棠的情景。那是在完全不同的地点，完全不同的时间，完全不同的心情中对海棠的观赏。海棠也因此呈现一种完全不同的风姿和情调。
“向”即从前，往昔之意。“宣华”即宣化，县名。宋宣和六年(1119)置。在今四川宜宾西北。诗人曾在四川任制置使，参知政事等职。在宣化他曾于月夜中倚着栏杆观赏过著名的西蜀海棠。那是何等美好的令人怀念的夜晚呵。月光皎洁，大地洒满银辉，栏杆外一片艳红的海棠流光溢彩，给人带来春夜温馨的气息。
回忆是美好的，然而这一切毕竟一一去不复返了。今天的诗人已经衰老了，也不敢再坐在夜晚的风露下赏花了，只能坐在厅中看看那满插在铜瓶中的海棠。第三句中的“蹋讽”形容衰老。因为年老体弱，所以才怕风露；因为怕风露所以只能看看儿女们折来插在铜瓶中的海棠。
如果说第--二句情不自禁地流露了豪气未泯的壮志；那么，第三四句则只能面对现实，发出老年人无可奈何的感慨。
这三首绝句虽然主旨不同，各有侧重，却有着内在的紧密联系。它们层层相扣，脉络分明，较为细腻地写出了观赏海棠的经过以及诗人在观赏海棠时不同的心绪变化。分则各具特色，合则俨然成一整体。妙处在于诗人不仅以眼观花，而且以心观花，时时处处揉进了自己的主观感情色彩。情景交融，意真味浓。
(孙展）",海棠、观赏、完全、不同、赏花,海棠、观赏、不同、完全、美好,海棠、观赏、不同、完全、美好、儿女、感慨、只能、写出、赏花,4,0.9927,6,1.0,positive,anxiety,0.0104,0.006957,0.0,0.006522,0.007826,0.0,0.0,0.0,0.010435,,,0.0,,,0.0,,0.0,False,True,,,anxiety,,,,,,,,,,,,needs_llm
226,31,桃花,二月,唐,杜甫,风雨看舟前落花戏为新句,"江上人家桃树枝， 春寒细雨入疏篱。
影遭碧水潜勾引， 风妒红花却倒吹。
吹花困懒旁舟楫， 水光风力俱相怯。
赤憎轻薄遮入怀， 珍重分明不来接。
湿久飞迟半欲高， 萦沙惹草细于毛。
蜜蜂蝴蝶生情性， 偷眼蜻蜓避百劳。","杜甫有着高超的艺术技巧，他的许多诗歌作品都以体物得神，描摹精微而赢得读者的喜爱。诗人常常是以画家的眼光来观察各种事物，“以画法为诗法""，根据自己独特的感受“随类赋形”，把自然美逼真地绘制出来，并使之升华为艺术美。
这首七言歌行，作于暮年人湘时。从诗题来看是风雨中停舟江上，看到桃花飘落的情景而写下的诗句。诗作在艺术表现上有两个鲜明的特色：一是在动态中描写景物，形象鲜明生动；二是“从无情中看出有情”(仇兆鳌评语)，状写景物出神入化，用笔精工细腻。
映入眼帘的景物全处于动态之中一——春天的寒风细雨洒人疏疏落落的竹篱，江边人家桃树的枝条在风雨中不停地摇曳，它的美好影子倒映在清澈的江水之中，随着碧水--块儿波动；江风似乎嫉妒桃花开放得太艳丽动人，因而好象是故意逆着方向向它吹去。诗人在“影遭碧水潜勾引，风妒红花却倒吹”一联诗句中，用了一个动词“遭”字和-个动词“妒”字，便把桃花、江水、春风三者巧妙地组织在充满了动感的画面之中。而碧水竟能勾引花影，逆风亦解妒嫉桃花，无情皆化为有情，更是匪夷所思，令人叫绝。“勾引”之前更加一“潜”字，意为暗中偷偷勾引，确实把花影在水中荡漾的景象写活了。孙奕在<履斋诗话·炼字>中说：“诗人嘲弄万象，每句必须炼字,子美工巧尤多。""杜甫精心锤炼出了准确而传神的动词,在动态之中生动地表现了自然美。这是前四句，写水边桃花，风雨中的桃花。
中间四句专写飞花。不说水上风势渐弱，而说“风力相怯""；不说飞花在风静时坠落到船上，而说它们困倦了，懒懒地想倚靠着船桨。有几片桃花向人飞来，又好象讨厌被人讥为“轻薄”，不愿意扑人人怀，似乎想自珍自重，不来接近人，从诗人身边飞走了。（按“赤憎”即“生憎”，意为“讨厌”。）这里写得尤为风趣可喜，从揣摩飞花的“心理”着手，对风中花片飘洒小船、起落盘旋的动态作了工笔细描。杜甫本人就有""轻薄桃花逐水流""之句,难怪桃花讨厌""轻薄""的恶名！
后四句写落花。被细雨打湿的花瓣儿在空中渐渐飞舞不起来，渐渐向下落,有的还想往高处飞一飞，终于掉了下来，或飘落在沙滩上，或沾惹在小草上，成了凄凉的点缀。恋花的蜂蝶，见到落花堕于沙草，蜂蝶也不来光顾了(生性情，即感情生疏)。蜻蜓偶尔飞过这里，只是偷眼旁观，忽遇伯劳鸟飞来，也连忙逃走了。飞花经过一翻挣扎，终于落得这个不幸的结局!
如果没有对生活、对大自然的热爱，没有对事物的精细观察和准确把握，绝对写不出这样工巧的诗句。本篇是一时戏作，为杜诗中的别体。王嗣奭《杜臆》评为：“纤浓绮丽，遂为后来词曲之祖。”
（徐荣街）",桃花、风雨、杜甫、景物、落花,桃花、飞花、勾引、动态、风雨,桃花、飞花、勾引、动态、风雨、碧水、讨厌、景物、轻薄、动词,6,0.9895,4,1.0,positive,sorrow,0.0058,0.0,0.005769,0.0,0.0,0.0,0.0,0.0,0.0,,,0.0,,,0.0,爱情、美人、春天,0.0,False,True,,,sorrow,爱情、美人、春天,,,,,,,,,,,needs_llm
343,52,素馨,四月,宋,刘镇,念奴娇,调冰弄雪，想花神清梦，徘徊南土。一夏天香收不起，付与蕊仙无语。秀入精神，凉生肌骨，销尽人间暑。稼轩愁绝，惜花还胜儿女。 长记歌酒阑珊，开时向晚，笑浥金茎露。月浸栏干天似水，谁伴秋娘窗户。困殢云鬟，醉敧风帽，总是牽情处。返魂何在，玉川风味如许。,"这首词咏素馨花，是宋词中继.王灼后咏同类花中不可多得的佳什。素馨，又称耶悉茗。佛书中称鬘花，为梵文苏摩那的省译。宋人吴曾《能改斋漫录》卷十五“素馨花”条载：“岭外素馨花，本名耶悉茗花。丛么麽，似不足贵。唯花洁白，南人极重之。以白而香，故易其名。”又陈止斋《素馨记》云：“香清而体白，郁郁盈盈，可掬可佩。”素馨花以白香姿韵，受南人珍视，被誉为“南汉之美人”，明乎此，方能深人体味刘氏词境。
词之首，由虚写实，幻想出仙人在“调冰弄雪”，制造出现实中以冰为骨、以雪为肤的洁白高雅的素馨之花。此处不言花生南上，而谓“想花神清梦，徘徊南士”，为其花的诞育创造了神奇气氛。这是仙境中的素馨，而其转人现实间又是如何呢？“一夏天香收不起，付与蕊仙无语。”香气四溢，经历全夏而不绝，这正是花神素馨对人的默默馈赠。但其奉献不仅于此，因该花是由仙人用冰雪调弄而成，故其“秀入精神，凉生肌骨”，并能“销尽人间暑”。由此可见，素馨对人类的贡献已不限于观赏，而是为了人类的幸福才降临人间的；也正因此，素馨在人的心日中已具有超乎观赏的美的价值，所以当她在为人类消暑的同时亦自消，词人对此焉能不愁绪万千呢！“稼轩愁绝，惜花还胜儿女。”在这里，词人以稼轩(辛弃疾)惜花喻写自已惜花之情，以花之无私奉献的高尚品格喻稼轩的“忧世”而不“忧身”（儿女之情)的人生品格，再转而表现作者自身的爱国忧时情绪。
词的下片写人由观花而生联想。“长记”数句，从回忆中写出，词人于歌残梦断时，看向晚花开，怜花而自怜之情，溢于楮墨间。然“笑浥金茎露”一句，又从惆怅中写出喜悦，以花之润泽状花之笑屩，此…层意义。“金茎”即铜柱，此处用汉武帝以铜柱擎承露盘，接甘露，以为饮之可以延年的故事，充分想象素馨饮甘露以延年，此又一层意义。合此两层意义，词人怜花惜花之情又深人一步。“月浸栏干天似水，谁伴秋娘窗户”旬，描绘出在如水的皓月之中，美人独守窗前的情景，感叹无人怜其寂寞；而俗称“秋娘”为妇女年老色衰者，故此中又寓人衰花残之意。尽管如此，美人和花虽“困帶云鬓，醉风帽”，却仍别有风韵，而在此将衰之时，尤能牵动人情，使人倍加怜惜。词至此，陡起一大跨度煞尾：“返魂何在，玉川风味如许”。此从怜花将衰跳过花落阶段，却在花落渺茫之中企求“返魂”，而“返魂”与前面“长记”呼应，使下片词境始终在记忆与现实的时空交错中展开。“返魂”是香名，旧题东方朔《海内十洲记》、张华《博物志》均载：汉武帝时，西域月氏国贡返魂香三枚。大如燕卵，黑如桑棋。燃此香，病者闻之即起，死未日者，熏之即活。“玉川”，井名。在河南济源县泷水北，一名玉泉。唐诗人卢全喜饮茶，尝汲井泉煎煮，因自号玉川子。卢个有诗云：“·碗喉吻润。两碗破孤闷。三碗搜枯肠，唯有文字五千卷。四碗发轻汗，平生不平事，尽向毛孔散。五碗肌骨清。六碗通仙灵。七碗吃不得也，唯觉两腋习习清风生。”(《走笔谢孟谏议新茶>)据此两段故实，可见该词结尾亦有明、暗两重意思：其明意是，返魂香无处尋觅，唯有喝茶消遺而已；其暗意是，返魂香乃神灵之物，喝玉川茶可通仙灵，以仙化之身入乎仙境，神灵之物抑或可求。明、暗之间，虚实之际，更加烘托出词人爱花惜花之情。结句“玉川风味如许”，点题含蓄灵妙。晋稽含《南方草木状》上：“耶悉茗(素馨别名)花、茉莉花，
皆胡人自西国移植于南海，南人怜其芳香，竞植之。”后常以之与茉莉花人茶作饮料。此处只用“王川风味”，既不点明卢仝，又不点明素馨，而使人如见卢仝以素馨烹茶，痛饮七碗，御清风挟蕊仙而上升，入花神之清梦，相与调冰弄雪以怡情。如此--收，包纳万境，通体灵动。
可以说，“惜花”之情贯串于全词描写过程，而其过程又分仙人造花、花香浓郁、花残将尽希冀返魂四阶段，结构井然，词心深婉。
（许总许结）
剪春 罗
亦称“剪红罗”、“碎剪罗”等。多年生草本。叶椭圆形，与冬青相似而稍小。春季开花，有深红、红黄等色。花朵如铜钱大小，一般为六瓣，状如剪成，茸茸可爱。产于我国中部，是一种观赏性植物。",词人、现实、点明、品格、观赏,返魂、玉川、词人、素馨花、耶悉茗,返魂、玉川、词人、素馨花、耶悉茗、花神、现实、人类、惜花、意义,2,0.5861,11,1.0,positive,resentment,0.0087,0.004373,0.0,0.0,0.0,0.004665,0.0,0.008746,0.004373,,,0.0,,,0.0,,0.0,False,True,,,resentment,,,,,,,,,,,,needs_llm
346,53,木兰,四月,宋,刘,木 兰,"晓来随手抹新妆， 丰额蛾眉宫样黄。
铢衣洗就蔷薇露， 触处闻香不炷香。
君不见同时素馨与茉莉，究竟带些脂粉气。
又不见钱塘欲语娇荷花，粗枝大叶忒铅华。
何如个样隐君子， 色香不俗真有味。根苗在处傲炎凉， 敢与松柏争雪霜。
椒桂夷获君杂处， 小窗相对无相忘。","木兰花，·名木莲，又名黄心。木本，树高五、六丈，枝叶扶疏，其叶厚大。因此，在诗人眼里，木兰树就象一个丰姿绰约的女子。清晨起来随意妆扮。“丰额蛾眉”上贴着宫中样式的花黄。衣服上散发出蔷薇露的香味，所到之处都留下馨人的芳香。在诗人看来，木兰的好处就在于有一种朴素自然的美。相比之下，素馨兰与茉莉花多少带有脂粉气。就连江南水乡巧解人意的荷花，虽然清香娇艳，但是毕竟“粗枝大叶”，浓妆艳抹。（铅华，搽脸的粉。)在诗人看来，唯有眼前的木兰花，才是色不艳、香不俗的花中君子。她清雅、高洁，自有一种挺拔不群的品格。木兰花有四季常开者，其花有红、黄、白数种颜色。无论是严霜还是酷暑，她都能傲然挺立，昂首怒放。因此诗人称其“根苗在处傲炎凉，敢与松柏争雪霜”。写到这里，诗人不禁由衷的赞叹：无论木兰花与什么其他杂色花树长在一起，而使我久久相对不能忘怀的仍然是木兰。
这首咏花诗，不重在状物写景。咏写木兰，不写木兰的花枝繁茂而重在写其品格。全诗就扣住木兰花“色香不俗”的特点，不求形似，专取神韵。色不俗，“随手抹新妆”；香不俗，“闻香不炷香”。不带脂粉气，没有媚态。尤其难能可贵的，是木兰花傲然处世，不惧炎凉，如松柏傲然而立。诗人描写的，就是木兰花的这种秉性，诗人看重的也正是这种秉性。全诗很自然地引出结尾一句：“小窗相对无相忘”。
诗人对木兰花秉性的描写与赞美，实际上是对人世间一切“傲世不俗”的人格的赞美。这也正是诗人所仰慕的--种人格。与木兰相对，自然会引起诗人无限的遐想；不忘木兰花的品格，也就陶冶了诗人自已的情操。结尾…句把全诗的意境升华到…个新的高度。
（陈建生）",相对、品格、结尾、赞美、看来,木兰花、木兰、不俗、品格、自然,木兰花、木兰、不俗、品格、自然、相对、秉性、结尾、看来、脂粉气,5,0.8294,11,1.0,positive,elegant,0.0354,0.030556,0.0,0.0,0.0,0.035417,0.026389,0.0,0.0,,,0.0,,,0.0,,0.0,False,True,,,elegant,,,,,,,,,,,,needs_llm
345,54,剪春罗,四月,清,秋瑾,剪春罗,二月春风机杼劳， 嫣红染就不胜娇。而今花样多翻覆， 劝尔留心下剪刀！,"剪春罗，柔茎绿叶，花深红而艳丽，若轻罗剪成，这名目便颇富诗意。聪颖灵秀的女诗人于是据此展开她想象的翅膀，设想那娇美的花儿真是春风织剪而成。唐代诗人贺知章不是说过“二月春风似剪刀”吗？当然，他“剪”的是柳叶，而我这里“剪”的是春花，不，还有一颗少女欢跃的春心，一段蓬蓬勃勃的春情。那么，这“剪”字上就有奥秘，就有机巧，就能敷展出…篇别具风致的好诗来。
“二月春风机抒劳，嫣红染就不胜娇。”机杼，指织机。那和煦的春风如同勤劳的织女，用巧手织就一幅幅精美的春罗，又给她染上嫣红的颜色，望去鲜润佼妍，不胜娇艳。诗着意渲染春罗的美丽、珍贵，就为下文的护花呼请作了充分的铺垫。“而今花样多翻覆，劝尔留心下剪刀!”而今春罗盛开，花样翻新，下剪刀时可得留神，千万别伤了那云霞般的锦缎，玲珑似的芳心！这两句情急意切的呼唤，充满了少女善良敏感、天真活泼的意趣，同时也显然别有寓意在。唐代诗人李商隐在席间吃到鲜嫩的竹笋，曾感叹说：“皇都陆海应无数，忍剪凌云一寸心!”(《初食笋呈座中》)那是一位初出茅庐、血性方刚的青年，要求解除社会对新生力量的压抑摧残，要求得到理解和尊重而发出的呐喊。秋瑾在这里化用之，同样表述了一位青春少女对个性舒展、精神自由的真诚向往。秋瑾早年即胸怀大志，要推翻封建磐石的重压，贏得妇女的解放，并进而建立自由平等的民主共和国。这首《剪春罗>，可说是她自我意识觉醒的第一声响亮的呼喊。如此看来，这首诗就不仅是带有少女的娇嗔，青春的热情，还充溢着一个反封建女战士向世俗抗争的勇气和对理想的追求。这，就是诗歌构思以“剪”为眼的“神光”之所在，就是女诗人在精神境界上高人--筹的地方。
后二句，我们又不妨作别解。而今花样翻新，乱人眼日，到底剪成什么花样，可要留心选择。晚清政界，新说蜂起，莫衷是，作者借此告诫人们：何去何从，切须慎重！中国旧体诗歌语言的多义性，由此亦可见。
(蔡毅）
木 兰
木兰，木本，树形似楠树，高五、六丈，枝叶稀疏。其叶似菌桂，较之厚大且无脊。其花如莲，内白外紫心黄。春季开放，也有四季开花者。",春风、就是、诗歌、构思、地方,春风、少女、剪刀、剪成、要求,春风、少女、剪刀、剪成、要求、自由、秋瑾、女诗人、就是、不胜,3,0.5045,0,1.0,positive,resentment,0.0062,0.004124,0.0,0.0,0.004124,0.0,0.0,0.006186,0.0,,,0.0,,,0.0,,0.0,False,True,,,resentment,,,,,,,,,,,,needs_llm
339,55,绣球,四月,明,张新,绣 球,"散作千花簇作团， 玲珑如琢巧如攒。
风来似欲拟明月， 好与三郎醉后看。
是东君，还是花神，幻出这团团簇拥的千花？朵朵绣球，只只易透，玲珑如琢，又如巧手攒聚而成。首句远观，落笔浑然；次句近察，画细腻。
开合之间，摹尽花姿花色。后两句则神思飞跃笔酣墨饱。风来之际，千花摇曳，浑白一色，莹光温润，似欲拟作明洁圆！，付于风流醉眼看。“三郎”，谓唐玄宗。《唐诗纪事》郑嵎·《津阳门》有云：三郎紫笛弄烟月，怨如别鹤呼羁雌。”自注：“内中皆以上为三郎。”又明人陈鸿《咏雪球花》白：“惟有三郎儿戏甚，还疑蹋踘绕丛看。”大约杨玉环归真后，唐玄宗常好对月愁思。这事不意被诗人括来写花，真是兴会无端，风雅超绝。透过·层看，或许是诗人借此事发己感伤之意。
诗中以“明月”拟千花如团、玲珑似玉之态，水到渠成。“醉”字下得最有韵味。醉人眼中，无物不可变，万物齐同。否则，“欲拟明月”就显得无理了。
绝句诗多从某一灵感出发，点到则止。这个灵感须出奇制胜。反之，诗便索然无味。若此诗，将花比玉珠，人人能作。然而三郎醉眼出明月，则非同凡响。此亦直逼唐音。
（陈洪）
素 馨
素馨，常绿直立亚灌木。春季开花，花有白黄二色，富香气。叶纤花瘦，妩态媚人。畏寒，岭南有栽培。",,,,,0,0.1429,8,0.5,neutral,joy,0.0,0.0,0.0,0.0,0.0,0.0,0.0,0.0,0.0,,,0.0,,,0.0,,0.0,False,True,,,joy,,,,,,,,,,,,needs_llm
329,56,月季,四月,宋,杨万里,腊前月季,"只道花无十日红， 此花无日不春风。
一尖已剥胭脂笔， 四破犹包翡翠茸。
别有香超桃李外， 更同梅斗雪霜中。
折来喜作新年看， 忘却今晨是季冬。","杨万里的这首咏月季诗并无多少新意。不过，其中“一尖已剥胭脂笔，四破犹包翡翠茸”--联，堪称妙句；突出月季“更同梅斗雪霜中”，表现月季的气节，比附自己的高蹈心志，也不失骚人之旨；作品所表现出来的审美愉悦，更令人受到感染。
首联“只道花无十日红，此花无日不春风。”冠冕全诗，统摄下文，下面的“胭脂笔”、“翡翠茸”、“斗雪霜”都是“无日不春风”的注脚。只有道其色、姿的形之美，才能追究其内在的神之美，赞叹它傲霜斗雪的劲骨刚心，因此，首联扣住月季妖娆怒放，四季不绝的特点，强调其超过群芳的地方。一般说来，滥用极端的赞赏，反难显示所咏之物的可贵。但因月季确有月月常新的特性，因此，这里以极端语出之，并不显得夸诞，反而显得精警醒目。
入冬天寒，百花凋零，白雪纷飞之后，万物更见萧疏。在这样隆冬的早晨，忽然于残花败卉丛中，绽开猩红的月季，将会使人怎样的兴奋、欣喜？诗人以“胭脂笔”摹其含苞待放时的神情意态，又借助妙用的动词“剥”，表现月季绽开时顷刻间的动作，化静态的物象为动态美，再以“破”、“包”两词，状写花萼托蕊，傲然而开。其观察之仔细，描写之逼真，堪称独步，难怪姜白石有“处处山川怕见君”之语。
花不在艳，有香则远。颈联首句写到月季“香超桃李”，是一种弱此强彼的正面摹写。月季虽不比桃李的春华秋实，但其异香馥郁，桃李难及。较之色、味，中国人的审美理想更强调事物内在的品性，所以，对句“更同梅斗雪霜中""，显然是对月季的进一步赞美。月季遇严寒而悠然自得，迎寒雪而泰定自若，和耐于苦寒的梅花一样，寄寓着诗人的志趣理想。杨万里何以赞吟月季？也许是为了表现他孤臣的傲骨吧！
尾联：“折来喜作新年看，忘却今晨是季冬。”表达了作者的审美愉悦。诗人以“独与天地往来，而不傲睨于万物”的精神，达到了“天地与我并生，万物与我为一”的境界，竟然于凌寒而开的月季身上，感得温暖的春意，忘却了周遭的隆冬严寒。真正的美感经验都是如此，在聚精会神之中，我的情趣与物的情趣的往复回流，往往能达到物我同-一的境界。而从修辞上看，是夸饰，却又不使人觉其虚妄，因为上文已有“此花无日不春风”的铺排实写，是灿若胭脂红，香超桃李外，同梅斗雪中的情景，诱发了诗人的移步观赏，折枝喜看，喜之过甚，便会于花外之境，一无所知。人境后见人，而人与境又融而化-，这样一种审美所产生的愉悦，不仅悦已，也可感人。
(李时人黄毓任)",桃李、胭脂、春风、情趣、境界,审美、桃李、梅斗雪、春风、胭脂,审美、桃李、梅斗雪、春风、胭脂、愉悦、万物、极端、绽开、堪称,1,0.9828,0,1.0,positive,joy,0.013,0.012973,0.0,0.0,0.008649,0.0,0.0,0.0,0.0,,,0.0,,,0.0,,0.0,False,True,,,joy,,,,,,,,,,,,needs_llm
327,57,玉兰,四月,清,陈维崧,东风第一枝,细雨摶酥，好风搓粉，枝枝斜压阑槛。墙边无限玲珑，楼头许多掩冉。琼姿檐外，总不受，蜂侵蝶犯。自生成，别样心情，谁耐风光浓艳。 隔著水，盈盈飘颭。笼著雾，亭亭雅淡。似憎杏把红薰，微嫌桃将绛染。空濛皎洁，来相伴，空房小胆。罨玉楼，一片花光，逼得盘龙镜暗。,"这首词描绘渲染了玉兰花雅淡皎洁之美，也显示出作者个人雅洁自好的志趣情怀。
词人一落笔，就为我们展示出团团盛开的玉兰花在轻风细雨中摇曳的风姿：“细雨摶酥，好风搓粉，枝枝斜压阑槛。”词人将玉兰放入细雨轻洒、微风轻拂的特殊环境之中，仿佛说玉兰钟天地灵秀之气，为此风雨所造化生成。
“摶酥”、“搓粉”二句相对，比喻虽然拙朴，然而工整形象。接着，“墙边”两句，互为对偶，谓楼头墙边，玉兰精巧透剔，如人「雕琢而成，竞相开放，交相映辉，极具玲珑掩映之美。至此，主要是描形状物，刻画玉兰之形。以下则转而议论发挥，渲染玉兰的高雅风神。“琼姿檐外，总不受，蜂侵蝶犯。”琼姿，即玉兰玲珑剔透的美好丰姿，虽然花枝伸出檐外，然而，她从来不受蜂蝶的“侵犯”。蜂蝶向来并称为狂蜂浪蝶，春夏之时多穿行奔忙于桃李芳园之中，而被视为轻狂之辈，所谓，“身似何郎全傅粉，心如韩寿爱偷香，天赋与轻狂。”(欧阳修《望江南》以玉兰之冰心玉洁、纯净美丽，不染一点俗气，当然也就与蜂蝶无缘。此处词人将玉兰人格化，以喻其端庄高雅、不容侵犯的风神韵致。有了以上形神两个方面的铺垫，歇拍三旬，很自然地为上闵作结：“白生成，别样心情，谁耐风光浓艳。”点出玉不耐浓艳风光，原来有其与生俱来的“别样心情”，下闋就此进一步展开。
“隔著水，盈盈飘颭。笼著雾，亭亭雅淡。”玉兰自有其雅淡之美，隔着一池碧水，由于水面好风轻拂，玉兰微微颤动；薄雾升起，笼罩着周围的景物，在一片朦胧之中，玉兰似世外仙姝，亭亭袅袅，一副安闲幽雅之状，这是其“别样心情”的外在表现。接着，又紧扣前文，转而议论，“似憎杏把红薰，微嫌桃将绛染。”绛，大红色，桃杏作为浓艳风光的代表，著色浓丽妖艳，与玉兰相比，只不过是失其天然本色，薰染了红绛之色而已，故尔既“嫌”且“憎”。这两句议论具体申说了玉兰的“别样心情”，其实正是作者本人审美主体意识的流露体现。桃杏等花都是俗艳之物，玉不屑与之为伍，那么，有谁可以相伴呢？“空濛皎洁，来相伴，空房小胆。罨玉楼， 片花光，逼得盘龙镜暗。”小胆，插花之胆瓶，形如悬胆，故名。词人偏爱玉兰，折之插入胆瓶，夜来明月高悬，月光掩楼，皎沽空濛，与此花相伴，花光月色，互相映辉，使得盘龙宝镜也黯然失色。（罨yan，覆盖)
本词咏物而不滞于物，作者并未对玉兰形貌作过多的精描细刻，而是开阖甚大，能放能收。·方面，玉兰斜压阑檻，盛开于墙边、楼头、檐外，另…方面，它又处于好风细雨的大环境之中，并且隔水、笼雾、伴月。在优美的景语之中，交错融入议论，突出其超出群花、憎嫌桃杏、远拒蜂蝶、不耐浓艳的“别样心情”。全词风格端雅，意境优美。其语言的运用，尤有特色，作者多用对偶句来描绘景物，全词就更显得整齐精丽，与词境的雅淡端庄恰好吻合，收到很好的艺术效果。
月 季
月季，一名长春花，俗称月月红。直立落叶灌木。花期特长， 花朵有红、橙、黄、白各色，色泽艳丽，香气浓郁。久经栽培， 为我国著名观赏花卉，园艺上变种极多。",议论、心情、方面、词人、全词,玉兰、心情、蜂蝶、议论、雅淡,玉兰、心情、蜂蝶、议论、雅淡、词人、细雨、浓艳、相伴、桃杏,2,0.5802,8,1.0,positive,serene,0.0058,0.0,0.0,0.0,0.0,0.004096,0.005802,0.0,0.0,,,0.0,,,0.0,,0.0,False,True,,,serene,,,,,,,,,,,,needs_llm
291,60,杏花,四月,明,陈子龙,画堂春,轻阴池馆水平桥， 一番弄雨花梢。微寒著处不胜娇，此际魂销。 忆昔青门堤外， 粉香零乱朝朝。玉颜寂寞淡红飘， 无那今宵！,"春天刚至，乍暖还寒。在一个轻阴微雨的日子里，在一座春水漫漫的小桥边，主人公驻足而立，观赏着簇簇杏花。在中国古代抒情诗中，抒情主体往往通过客体得以显现。词的首句，虽是写客观景物，但却是从主人公的眼睛中反映出的，因此，时、地、人三者都得以交代，并为下面转入描绘杏花进行了铺垫。二、三两句，围绕词题，着重写""雨中杏花""。一个""弄""字,下得非常精彩，它上承唐张旭(山行留客>:“山光物态弄春晖""、宋张先《天仙子>：""云破月来花弄影""等名句后，又写出了特有的审美感受。这里，人们很难分清到底是雨弄花还是花弄雨，只看到绵绵春雨中，杏花显得格外明艳、妩媚。同时，“一番""二字，既写出了春雨的特点，又与弄字相呼应，写出了杏花的风姿变化，以及这种变化所显示的动态美。而""微寒""一句又续足此意，使其更为丰富。微寒，是雨之征候，也是雨之借代，如此，则不仅“著""字落在实处，即""不胜娇""之意，也蕴有娇弱和娇美的内涵，更符合雨中杏花的特点。歇拍一句，由写景转而写情，总括上片的感受，同时，又开启下片的抒写。
下片前二句由今及昔，回忆往事。青门，汉长安城东南门，本名霸城门，以其色青，俗呼为青门。面对眼前千娇百媚的杏花，词人不禁想起往日青门堤外之所见，那""粉香零乱""的景象曾引起他多少感慨和惋惜。所谓""朝朝”，犹言年年，可见，杏花年年凋零，而词人惜花之情年年依旧，这些，已成为挥之不去的精神压抑，时时折磨着词人。此时此刻，更觉难耐。当人们进行由盛而衰的追溯时，是不难体会到这种感情的。然而，词人沉重的感情负担不止于此。末二句由现在及未来的悬想，使得全词的情感积蕴突然爆发，时间跨度也拉得更长。那""弄雨花梢”、“不胜娇""的杏花，很快就会“玉颜寂寞淡红飘""了，而令人无可奈何的是，这一悲惨景象，就要发生在今宵！极言美之所驻的短暂以及在词人心中引起的强烈感应。词人巧妙地将昔日杏花与明日杏花合写，暗示其中的相关性，从而将今日杏花推向一个更为突出的位置，使其含义更加丰富。
这首小词虽然短，但历史感很强。它将过去、现在和未来融为一体，虽也流露了…-种虚无意识，但对美好事物的珍爱与惋惜之情却表现得更为强烈。作者为明末著名爱国志士，民族气节很强，从词中所反映的感情看，似有家国之痛蕴于其中。
清平乐
今年春早，到处花开了。只有此枝春恰好，月底轻浅笑。 风流全似梅花，承当疏影横斜。梦想溪南溪北，竹篱茅舍人家。
这是一首疏爽清丽的小词。首句写时间。今年春早，特出时令，暗与往年对比。次句写空间。到处花开，见出春色已浓，也暗示往年此时，不过花开几枝，了无生气。由今年春早而到处花开，自然顺接，已推出--幅早春图。然而，接下来，词人笔调一转，翻却前意，出之以""只有此枝春恰好”。如果说，二、三两句皆为前溯否定的话，那么，第二句是整体否定局部，第三句却是局部否定整体，二者既有时间的差异，也有空间的不同，笔致峭折，富有层次。歇拍专释“春恰好""三字。杏花怎样压倒群芳，独占春光？这很难表现，于是将其人格化。环境氛围是朦胧的月色，喻体是轻顰浅笑的美人。轻顰浅笑已含蕴了可以充分想象的美，而又笼罩在朦胧的月色中，更平添几分神秘。中国古典美学以含蓄美为较高的境界，此写杏花，纯用衬托，更可体现其独具的特色。
换头二句，平行作比。由于风姿的相似，杏花也完全可以当得起“疏影横斜水清浅，暗香浮动月黄昏""的赞美。这里，词人借用林逋咏梅名联中的一句，其暗含着的另一句当然也可以使我们体会到，更妙的是，后者又与上片歇拍相照应，显得自然生趣。末二句转而从人事上去写。词人爱花情浓，则幻想着遁出世外，围几道竹篱，搭几间茅舍，溪旁遍种杏花，在这种幽美的环境中，度过余生。全词从暗比到明比，从现实到悬想，一波三折，耐人回味，而又明白如话，毫无生涩之感。
金代自立国始，一百二十年间，几乎都是处于征战动乱中。这种严峻的现实，在文人作品中不能没有表现。王庭筠的这首词赞美杏花的艳丽，由此而向往着“竹篱茅舍人家""的田园生活，乃是想对现实社会进行逃避，因此，也就略为表现一点批判现实的精神。",杏花、词人、现实、更为、主人公,杏花、词人、现实、浅笑、进行,杏花、词人、现实、浅笑、进行、更为、青门、感情、恰好、写出,2,0.6926,11,1.0,positive,anxiety,0.0084,0.006723,0.003361,0.0,0.002801,0.002801,0.005602,0.003361,0.008403,,,0.0,,,0.0,春天、喜悦、美好,0.0,False,True,,,anxiety,春天、喜悦、美好,,,,,,,,,,,needs_llm
286,66,杏花,四月,宋,叶绍翁,游园不值,"应嫌屐齿印苍苔， 十扣柴扉九不开。
春色满园关不住， 一枝红杏出墙来。","《游园不值>是南宋诗人叶绍翁(生平不详)的传世名篇。诗题既是《游园不值>，就非专写杏花。但诗人的画龙点睛之笔，却是把杏花作为艺术构思的核心，作为春色的代表，正如北宋诗人宋祁的名句“绿杨烟外晓寒轻，红杏枝头春意闹”(《玉楼春》)一样，不专写杏花，却突出了杏花。这首诗的“一枝红杏出墙来”虽不一定受宋祁的影响，但可能受过唐代诗人吴融的诗句“枝红杏出墙头，墙外行人正独愁” (《途中见杏花》)和南宋陆游的诗句“杨柳不遮春色断，·一枝红杏出墙头”((马上作>)的影响。陆游的诗句直接借用了吴融的诗句，叶绍翁的诗句虽把“出墙头”改写为“出墙来”，却与陆游一样，受了吴融写的墙里与“墙外”的启发，但叶绍翁的构思却不同于吴融与陆游。吴融的“一枝红杏出墙头”，只是作为他的律诗的起句，途中看见杏花，引起他思念京都的杏花，即其律诗的第七八两句所写的：“更忆帝乡千万树，澹烟笼日暗神州。”起句虽佳，但在全诗不过作为引起下文的引子，内涵单薄，够不上称为警句，只是对后人吟咏杏花有启发作用而已。至于陆游的诗句是直接影响叶绍翁的。他的杨柳遮不断的春色，正如叶绍翁的关不住的满园春色，但陆游的诗却有不足之处。他不知杨柳与杏花同样体现春色，不知杨柳输送春天的信息更早于杏花，以致把杨柳与杏花对立起来，杏花是冲破了杨柳的遮拦才突出墙头来的。陆游的形象思维虽有些混乱，但他突出了杏花是春色的代表，却直接影响了叶绍翁。叶绍翁的形象思维超越陆游之处，在于他不仅看到春色的面—“满园”，更加突出了春色的点——“一枝红杏”。点面结合，便可与宋祁的名句“红杏枝头春意闹”比美了。这是从诗句的比较中评论它们的优劣，若从艺术的整体构思看，叶诗当是首屈一指的。他虽不免摹仿，但他的创新的构思却掩盖了他的辜仿的痕迹，我们不能不承认他取得了推陈出新的成就。
诗词是写诗人自己对现实的心理感受的，诗人的艺术追求，贵在把自己感受现实的心理层次表达出来，让读者从中发现艺术魅力，受到感染。
《游园不值》的头两句，显然受过陆游的诗句“柴门虽设不曾开，为怕行人损绿苔”(《闲意》的影响，但叶绍翁并不是摹仿陆游只作第三人称的客观叙述，而是从创作主体出发，设想园主的心理“应嫌屐齿印苍苔”和游园者的心理“十甲柴扉九不开”（此句一作“小叩柴扉久不开"")是一对矛盾，构成第一个心理层次。因主人害怕行人的屐齿损害“苍苔”（即陆游笔下的“绿苔"")而拒不开门，以致使游人吃了闭门羹而不得其门而入。虽然后来知道主人不在，但这样写来，确是最初的心理反应，是生活的真实，构成对矛盾，是最佳的艺术真实的反映。从艺术的具体性看，“十叩柴扉九不开”要比“小叩柴扉久不开”好。因为“小叩”不但不具体，要是园子较大，象《水浒》所写的地主庄园那样，门虽设而常关，“小叩”几下园主未必听得到，“久不开”便成为可以理解与谅解的现实，不能构成心理矛盾，游园者的懊恼情绪也失去了产生的现实根据。二者比较，“十叩”与“九不开”，要符合生活真实得多。当然“十”与“九”也非实指，可视为“模糊文学”的妙用。
诗的三四句，紧承第“句的“久不开”而出现了心理感受上的第“层次，是“关住”与“关不住”的矛盾。但是，关得住园门，却关不住春色。游人终于从“满园春色”里看见“·枝红杏”伸出墙来，满足了抒情主人公存！出游饱览春色的雅兴，消除了从第一个心理层次的矛盾上所产生的懊恼情绪。主人公既是乘兴而来，也就可以尽兴而返了。
从这首诗的艺术构思，可以提炼出-个审美原则：时空观念的突出可加深心理层次。从时间说，诗的头两句写的是时间延续的久暂，山于“十呷柴扉”与“九不开”，抒情主人公的心理层次自然笼罩着阴影。从空间说，诗的后两句写的是空间内涵的多少。由于““枝红杏”代表“关不住”的“满园春色”伸出墙来，抒情主人公的心理层次，便一扫笼罩的阴影而豁然开朗地出现喜悦气氛。从诗的审美角度看，时间上的心理层次的突出，深化了空间上的心理层次。没有前者，也就没有后者，二者紧密衔接。出墙的红杳更加妩媚生姿，诗也更加富有吸引人心的魅力。
此诗的艺术构思从心理层次上看是复杂的，但时空观念使之趋向单纯，易为读者所接受、所感染，这是叶绍翁超越其前辈与同时代人的地方。
（吴奔星）",杏花、陆游、心理、春色、构思,心理、杏花、陆游、叶绍翁、春色,心理、杏花、陆游、叶绍翁、春色、艺术、构思、突出、杨柳、柴扉,4,0.9948,0,1.0,positive,joy,0.0039,0.003866,0.0,0.003866,0.0,0.0,0.002577,0.0,0.0,,,0.0,,,0.0,春天、喜悦、美好,0.0,False,True,,,joy,春天、喜悦、美好,,,,,,,,,,,needs_llm
610,73,石竹,五月,宋,张耒,石竹花,真竹乃不花， 尔独艳暮春。何妨儿女眼， 谓尔胜霜筠。世无王子猷， 岂有知竹人！粲粲好自持， 时来称此君。,"作为一首咏物诗，作者对于所咏对象的态度往往是比较鲜明的，或者因喜好而赞美，或者由厌恶而贬斥。但在这篇作品中，诗人的情感却较为复杂。头两句，诗人对于石竹流露出一种不满。因为在古代文人的心目当中，竹子常常是一种孤高幽洁的象征，它之所以能贏得人们的赞赏，靠的是那种优雅的韵致和绝尘的格调，并不须要娇艳的花朵来妆扮自己。然而石竹虽然名之为""竹”，却不但开出了这种娇艳的花朵，而且偏又开在这样一个众芳纷谢的暮春时节，因此在它那一副“艳""姿之中，就难免带了一点媚世的意味，这是与""真竹""的本性大相径庭的。尽管这样，却仍然有人把它看得比竹子更为珍贵。对此，诗人没有过多地指责，三、四两句只是在字里行间自然而然地表明了褒贬，“何妨”二字说明他没有将自己的标准强加于人，但是小儿女们的眼光(儿女眼)虽然率真，却难免短浅；而""霜""字则常被古人用来比喻高洁，竹子既已是高洁之物，更何况是“霜筠""(经霜之竹，筠是竹子的别称)呢？
凡此种种，引出诗人一番感慨：世上既已没了王子猷，哪里还会有真正赏识竹子的人呢？“岂有”二字是以反问来加强否定的语气，带有不满和愤慨的情绪。王子猷是东晋时的名士，·据<世说新语>记载，他暂借别人空宅居住的时候，也要令人种上竹子，有人问何必费这些事，他“啸咏良久，直指竹日：‘何可一日无此君！'""王氏的行径，本来不过是为了标榜一种任诞傲达的名士风流而已，但在后世，人们常把他当成嗜竹成癖者的代表。在这里，诗人将他目为竹子的知音，而竹子往往又是德行高洁之士的象征，因而""世无王子猷”两句，实际上就成了一-代文人怀才不遇、无人赏识的感愤之语。联系张耒一生屡被贬谪的遭际来看，这种感叹和苦闷是十分自然的，在他所处的时代之中也是十分普遍的，因此这两句应说是全诗的主旨所在。
诗人虽对石竹有所不满，但并没有走向另一个极端，定要斩尽杀绝而后快。诗的最后两句劝慰石竹好好地自我约束(自持)，这样的话，还可以不时地把它当成真正的竹子来看待。“粲粲""是鲜盛貌，自然是指石竹的花朵而言，由此说来诗人并没有要求石竹一定要来个""脱胎换骨""的改造，而是容许它保持固有的面目，只不过要好好修持品格罢了。这种宽容和大度也是极为难得的。
通篇来看，石竹既是所咏对象，也是交谈和劝诫的对象。诗人象一位端严而又温厚的长者，时而不满地数落，时而宽厚地劝告，然而包含在这一切之中的真正情思,却还是对于贤愚不分的世风的指斥和他自己那种知音难觅、无人见赏的深沉感喟。
(薛屹峰)",对象、高洁、没有、花朵、娇艳,竹子、石竹、不满、没有、对象,竹子、石竹、不满、没有、对象、真正、王子、花朵、高洁、无人,5,0.6663,0,1.0,positive,elegant,0.0374,0.014141,0.0,0.0,0.0,0.037374,0.010101,0.007576,0.00404,,,0.0,,,0.0,,0.0,False,True,,,elegant,,,,,,,,,,,,needs_llm
600,74,榴花,五月,宋,欧阳修,西园石榴开,"荒台野径共跻攀， 正见榴花出短垣。
绿叶晚莺啼处密， 红房初日照时繁。
最怜夏景铺珍簟， 尤爱晴香入睡轩。
乘兴便当携酒去， 不须旌骑拥车辕。","古往今来，因观花而伤春者多矣；借咏花而寄咏怀者亦多矣。然欧阳文忠公这首咏榴花诗却写得乐观开朗，豪情四溢。这里没有一些儿感伤的气氛，只觉洒脱、道劲且雍容，不失为大手笔。字里行间显示出了欧阳公的诗格和人格，也流露出欧阳修式的富贵气。
诗的开头写诗人探幽寻芳，苦苦觅索。他不到现成的花园里玩赏，却到“荒台野径”去“跻攀”，正是要寻找自然情趣。第二句一“正见”引头，把诗人的惊喜之态写尽。这石榴不是种在名贵的花盆内，而是长在“短垣”中的，诗人不计较它的出身而爱其精神，正是此花真知音者。接下诗人用了两对绝工整的对仗句来描写花态和自己爱花的情致。诗人观花时天已人夏，正是榴花如火照眼红的时节，故诗人极写花之美态。为写花美先衬写绿叶，是善写花者。欧阳修写“绿叶”的“密”，又不是单纯写叶，而是加进了美好的声色，写到晚莺在叶间鸣唱，簇簇绿叶，娇音婉转，这该是多美的意境呵！继写花，诗人写红花的“繁”也不是平白叙来，而是选取了朝日初照时的绝美景致。榴花本已红似火，又加之朝日朗照，此种景象读者当能想见。烹油烈火，锦上添花，欧阳修真是把榴花写绝了！写榴花又不直言花而日“红房”，亦可见诗人观察细致，避用俗字，炼句精审。
既有如此美的景致，谁又忍心和它分开呢！诗的下半部诗人极写了自己爱花的心情。诗人对花的爱是广泛的，他不独钟情于春花。一般诗家写花大都着笔于春天，趋之若骛，以为非写春不足以道花之美。而欧阳修在此却用“最怜”、“尤爱”之句说明自己的爱是广泛的，是包容的。夏季榴花明丽，他甚至铺下枕席，卧于花下，尽情观赏；日暖花香，飘进内室，尤其令人陶醉。
诗的最后两句，进一步表现诗人的赏花雅兴。他以为，只要有兴致，自己可以随时携酒而至，独自边酌边赏，这也是人间美事呀。又何须吆五喝六，找人侍候护驾，大张旗鼓地去赏花呢！这里一是写诗人爱花、求静、清高的心理；另一方面也不自觉地流露出了诗人的一种得意于言表的炙手可热的富贵气。诗人晚年成为达官，这种夸富是写得委婉含蓄的，看似不露声色，其实是隐含着多少颐指气使的自得在内的。孟郊、贾岛断写不出这一类作品的。",榴花、绿叶、赏花、正是、美的,榴花、欧阳修、正是、爱花、绿叶,榴花、欧阳修、正是、爱花、绿叶、富贵、赏花、广泛、美的、景致,2,0.5541,5,1.0,positive,joy,0.0133,0.01326,0.0,0.0,0.009945,0.0,0.005525,0.0,0.0,,,0.0,,,0.0,,0.0,False,True,,,joy,,,,,,,,,,,,needs_llm
598,79,榴花,五月,金,元格,榴 花,"山茶赤黄桃绛白， 戎葵米囊不入格。
庭中忽见安石榴， 叹息花中有真色。
生红一撮掌中看， 模写虽工更觉难。
诗到黄州隔千里， 画家辛苦费铅丹。
咏物诗，往往咏一物，更备赞其物之美。赞美的办法有多种多样：有的事无巨细，统统道来，到头来却吃力不讨好，事倍功半，弄巧成拙；有的人抓其要害精神着力渲染，画龙点睛，以一当十，往往容易取巧。其中最高一着是用对比衬托来写，这样最易道出所咏物之精神；通过比较，则所咏之物美处尽现，古人言“水落石出”是也。然在诗中，对比又最难。这里最须强调一种分寸感。比得适当则事半功倍，比得失调则贻笑大方，给人以不伦不类之感。我们所论的这首诗用的比较手法可谓险极峻极，然诗人放得出，收得回，抑扬有致，不落俗套，值得为后人镜鉴。
观此诗，通篇写花的绝色，然而无一句正面刻画，尽用比较。尽管用笔躲闪，但却把花的美写得淋漓尽致，比琐细的描花、赞花强过七倍，读毕此诗，方信元格真为取巧惯家也！","诗的起首，诗人就用了四种花儿和榴花比较，这四种是山茶、桃花、戎葵、米囊(即罂粟花)。诗人认为山茶的金黄太炫目，桃花的绯红太妖冶，而戎葵、罂粟之类简直就是不人流了。事实上，诗人选来用作比较的几种花绝不是花中末流，而是些很美的花儿，诗人故意先贬抑它们，用来抬举自己心爱的榴花，其诗胆可谓大矣。
上面这样渲染了，诗人还觉不足，在下面句又写了自己见到石榴花的惊喜之态，引正面主题。“忽见”二字毕画出诗人的诧异，而“叹息”是与上文贬抑群芳相照应的。作者步步紧逼，把对榴花的赞美写到了峰巅，事实上也是真无可写处了。路走绝了么？我正替诗人发愁，没想诗人宕开一笔，不再写花，而写自己对花的挚爱。他把玩摩娑，捧起花儿观赏；不直言花儿，而写“生红”，直写出花的带露的鲜活气息和红艳欲滴的生机，下面诗人不再叹此花之美，转而用替诗家、画家摹写此花之难而发愁巧妙地结束了全诗。
用“模写虽工”但仍难免徒“费铅丹”来慨叹难夺天工；用诗坛大家东坡的描写尚隔千里来说明此花的独绝与无法言喻的美，诗人的机心真是用绝(东坡曾贬黄州，有(贺新郎>词咏榴花，本书已收录。)
实际上，这种比较、这种烘托整个是一种艺术手段。读者切不可理解太实，钻人诗人所设的圈套。元格本人还是认为榴花是可写、可绘的，只不过他比别人更善动心机，诗作得更绝而已。如他真认为此花不可摹写，那么此诗真大可不必作。这诗的魅力和感人处在于他先用水涨船高之法，用诸物来极言和反衬榴花之美；后又用水落石出之法，写它为绝品，抑遍众花与诗人、画家，而独扬此花之神妙。贬黄州诗隔之千里，而巧夸己之诗是神绝，亦元格之诡妙处。其鬼斧砍削处，-一派神奇，令吾不由不赞叹之。
(王海龙）",榴花、花儿、比较、山茶、认为,榴花、花儿、比较、认为、黄州,榴花、花儿、比较、认为、黄州、东坡、画家、贬抑、发愁、不再,2,0.7654,5,1.0,positive,joy,0.0222,0.022222,0.0,0.0,0.0,0.0,0.0,0.0,0.008333,,,0.0,,,0.0,,0.0,False,True,,,joy,,,,,,,,,,,,needs_llm
601,83,榴花,五月,宋,朱熹,榴 花,"窈窕安榴花， 乃是西邻树。
坠萼可怜人， 风吹落幽户。","石榴花在众花中不是奇品名种，也不是天香国色，但它自是别具风韵。其叶青翠笼葱，其花美艳如火，其枝盘错扶疏，其果甘美怡人。它是素朴的花，给人极多而要求人极少的花儿。
朱熹的这首小诗也如榴花一般清隽。它清幽淡雅，又有一种别致的余韵，读来亲切，且又略含感伤意味，应是咏花诗的上乘之作。
诗的起首，用“窈窕”来写石榴的风姿，简炼而又传神，表现了榴花婀娜妩媚的美态，为下文张目。继之，点明了石榴花不在近前，而是在西邻。这句看去似是闲笔，实际是有深意的。下面，诗人写了榴花的凋谢，“可怜人”三字写的是一种凄清、一-种感伤；而这落花又被风吹落人“幽户”，怎么能不牵动诗人的诗思呢！
在诗的末尾，显出了背景，点明“西邻”的妙处了。它寓示了诗人的细腻和对榴花的钟爱之深。如在眼前，榴花的开落引起注目当不足为奇；然而，花在“西邻”，经风吹而落“幽户”使诗人感到感伤，感到“可怜”，这才真正是诗的意境。读此诗，仿佛读者身临其境，与作者一同听到了那零落的坠萼声，敲打着冷清清的窗户，它使人心碎，也使人驰思，想到很多很多。
植物学原理告诉我们，在结实的植物中并不是每-一朵花儿都能成果，因此必有一定数量的“谎花”，为了助长结实的花儿，不分耗水份和养料，这些“谎花”必先坠落，这是植物生长和生存的需要。然而，仅仅靠植物学是不会有诗的。人们尽管懂得“丢卒保车”的大道理，然而却更同情和怜惜那凋谢的花儿，飘零的落英…。更有许多墨客骚人拉之来况己，抒缠绵之情。
朱熹这首咏花诗的好处在于，它并没在此衍发，而是恰到好处地戛然而止，不落俗套，留下无尽的深韵让读者自己去体味，留下多种解释让人们自己去领略。这固然是他采用诗体的形式短小而决定，可是也与诗人的为人、为文、为诗的风格是有一定关系的；不然，他完全可用长一些体裁来表达的。
(王海龙)",榴花、花儿、感到、点明、读者,榴花、花儿、西邻、感伤、一定,榴花、花儿、西邻、感伤、一定、人们、留下、朱熹、读者、植物学,2,0.6143,5,1.0,positive,sorrow,0.0235,0.0,0.023529,0.0,0.0,0.0,0.0,0.0,0.0,,,0.0,,,0.0,,0.0,False,True,,,sorrow,,,,,,,,,,,,needs_llm
612,86,石竹,五月,元,蒲道源,赋石竹,"短篱新见出梢梢， 葱倩都无尺许高。
茜色芳葩工点缀， 莫教容易混蓬蒿。","篱落多为庭院间物，以篱护院，其居处简陋可知，况且这又是一道“短篱”。“梢梢""既为“新见”，那么“短篱""则必所习见。习见之物大多有亲切之感，何况篱院又常常是家园的象征？反之，新见之物虽然陌生，却会给人以较强的印象。于是，某一天当诗人在素所熟悉的短篱旁突然发现了新出的花梢，那份诧异与惊喜之感不是可想而知了吗？此处不言""花梢""而称""梢梢”，两字叠出，有类儿语，不但可以看出诗人一片怜惜之意，同时也显得其物娇弱稚嫩，从而使读者也顿生怜爱之心。
“葱""指青绿色，“倩""为美好俏丽貌，“葱倩""在句中是指石竹花株那美丽青翠的颜色。然而颜色虽然青翠美丽，花株却极其矮小，甚至“都无尺许高”，而且当这春末夏初之际，又有哪一样植物不""葱倩""呢？因此它显得很不起眼。
但是，诗人并没有因此就轻视它、冷落它。诗人是有远见的，第三句便是他想象中的未来美景：等到花开之时，那一片鲜红(茜色)的芳葩将把庭院装点得无比美丽。将石竹称作""芳葩”，可以看出诗人对它的喜爱。而大凡花朵，皆可装点景色，美化环境，即所谓“点缀”，但在此处，诗人用了一个“工”字(擅长)，说明他对石竹的评价和期待是颇高的。
由于这些缘故，诗的末句告诫世人，千万不要因为其眼下的矮小纤弱，而轻易地将它混同于一般的杂草。这一句其实也是诗人的自我叮囑，这就意味着给予它更多的关注和照料。不难想象，在这特殊的关注和照料之下，诗人篱边的石竹一定会开得更为娇艳动人。
这首诗全以口语写成，诗风极为平淡，但就在这平淡之中，诗人对于大自然的热爱，对于美的敏感，都自然而然地流露出来了。
(薛屹峰）
栀子花
栀子，亦称山栀、薝葡。常绿灌木。入夏开白花，大如酒杯， 中有黄蕊，极芳香。结实如诃子状。",美丽、颜色、栀子花、显得、便是,短篱、石竹、美丽、平淡、显得,短篱、石竹、美丽、平淡、显得、花梢、习见、关注、装点、照料,5,0.7079,0,1.0,positive,joy,0.0,0.0,0.0,0.0,0.0,0.0,0.0,0.0,0.0,,,0.0,,,0.0,,0.0,False,True,,,joy,,,,,,,,,,,,needs_llm
872,89,菊花,六月,唐,黄巢,题菊花,"飒飒西风满院栽， 蕊寒香冷蝶难来。
他年我若为青帝， 报与桃花一处开。","唐末诗人林宽有这样两句诗：“莫言马上得天下，自古英雄皆解诗。”古往今来，确有不少能“解诗”的英雄，唐末农民起义领袖黄巢就是其中突出的一个。自从陶渊明“采菊东篱下，悠然见南山”的名句一出，菊花就和孤标傲世的高士、隐者结下了不解之缘，几乎成了封建文人孤高绝俗精神的…种象征。黄巢的菊花诗，却完全脱出了同类作品的窠臼，表现出全新的思想境界和艺术风格。
第一句写满院菊花在飒讽秋风中开放。“西风”点明节令，逗起下句；“满院”极言其多。说“栽”而不说“开”，是避免与末句重韵，同时“栽”字本身也给人一种挺立劲拔之感。写菊花迎风霜开放，以显示其劲节，这在文人的咏菊诗中也不难见到；但“满院栽”却显然不同于文人诗中菊花的形象。无论是表现“孤标傲世”之情，“孤高绝俗”之态或“孤子无伴”之感，往往脱离不了一个“孤”字。黄巢的诗独说“满院栽”，是因为在他的心目中，这菊花是劳苦大众的象征，与“孤”字无缘。
菊花迎风霜开放，固然显出它的劲节，但时值寒秋，“蕊寒香冷蝶难来”，却是极大的憾事。在讽飒秋风中，菊花似乎带着寒意，散发着幽冷细微的芳香，不象在风和日丽的春天开放的百花，浓香竞发，因此蝴蝶也就难得飞来采掇菊花的幽芳了。在旧文人的笔下，这个事实通常总是引起两种感情：孤芳自赏与孤子不偶。作者的感情有别于此。在他看来，“蕊寒香冷”是因为菊花开放在寒冷的季节，他自不免为菊花的开不逢时而惋惜、而不平。
三、四两句正是上述感情的自然发展，揭示环境的寒冷和菊花开放的不逢时。作者想象有朝一日自己作了“青帝”(司春之神)，就要让菊花和桃花--起在春天开放。这一充满强烈浪漫主义激情的想象，集中地表达了作者的宏伟抱负。统观全诗，寓意是比较明显的。诗中的菊花，是当时社会上千千万万处于底层的人民的化身。作者既赞赏他们迎风霜而开放的顽强生命力，又深深为他们所处的环境、所遭的命运而愤激不平，立志要彻底加以改变，所谓“为青帝”，不妨看作建立农民革命政权的形象化表述。作者想象，到了那一天，广大劳苦大众就都能生活在温暖的春天里。值得注意的是，这里还体现了农民朴素的平等观念。因为在作者看来，菊花和桃花同为百花之一，理应享受同样的待遇。菊花同桃花一样享受春天的温暖，不妨认为，这是诗化了的农民平等思想。
这里还有一个靠谁来改变命运的问题。是祈求天公的同情与怜悯，还是“我为青帝”，取而代之？其间存在着做命运的奴隶和做命运的主人的区别。诗的作者说：“我为青帝”，这豪迈的语言，正体现了农民阶级领袖人物推翻旧政权的决心和信心。而这一点，也正是一切封建文人所不能超越的铁门槛。
这首诗所抒写的思想感情是非常豪壮的，它使生活在封建社会中的文人学士表达自己胸襟抱负的各种豪言壮语都相形失色。但它并不流于粗豪，仍不失含蕴。这是因为诗中成功地运用了比兴手法，而比兴本身又融合着作者对生活的独特感受与理解的缘故。
（刘学错）",菊花、开放、命运、桃花、生活,菊花、开放、文人、青帝、满院,菊花、开放、文人、青帝、满院、生活、命运、黄巢、农民、想象,6,0.9913,1,1.0,positive,bold,0.0247,0.0,0.0,0.0,0.024719,0.018727,0.006742,0.011236,0.0,,,0.0,,,0.0,隐逸、清雅、傲霜,0.0,False,True,,,bold,隐逸、清雅、傲霜,,,,,,,,,,,needs_llm
703,101,虞美人,六月,宋,王沂孙,水龙吟,淡妆不扫蛾眉，为谁伫立羞明镜！真妃解语，西施净洗，娉婷顾影。薄露初匀，纤尘不染，移根玉井。想飘然一叶，飕飕短发，中流卧，浮烟艇。 可惜瑶台路迥。抱凄凉、月中难认。相逢还是，冰壶浴罢，牙床酒醒。步袜空留，舞裳微褪，粉残香冷。望海山依约，时时梦想，素波千顷。,"这是一首咏物之词。南宋末许多词人处亡国之际，情绪消沉，相与结社，选调命题填词，借以自遣。此词，张炎、周密并有调题相同之制，可知为应社而作。
本词上阙描写已往所见白莲之容态，下闋从当前重见白莲的处境拟人化地想象其幽微的情绪。发端二句，以素妆美人对镜的情态，标出白莲的丰神，这是对白莲静立澄清水面的形容。这二句读来感觉即物即人，无论是人是物，形象俱极幽美。这二句作为咏物，只能是白莲。“淡妆”是不施朱粉，“不扫蛾眉”与“淡妆”相应，以见其容色之素雅。“羞明镜”即羞对明镜，乃由上句生出，因“淡妆不扫蛾眉”，故自嫌容色有所不足而羞对明镜，于上冠以“为谁”，便觉蕴含深曲。古人尝言“女为悦己者容""，《诗经·卫风·伯兮》：“岂无膏沐，谁适为容！”不施膏沐，即因春闺独处之故，这二句如作为人看，便是春闺独处的妇女形象。女性与花，作为人与物的类比是最为贴切的。这二句如作为对花的形容，只有白莲可与之相当。白色的花朵静立于明镜般的水面上，不只会是白莲吗？当然，水上还可有其他白色小花，那是不足受重视而纳入歌咏的。“仁立”为若有所思待而呆立着。
下面“真妃”三句仍以古代美人来比拟形容。“真妃”即太真妃杨玉环。《杨贵妃遗事》：""太液池有千叶白莲，帝指妃示左右日：‘何如我解语花'？”这句即用唐玄宗的话，意谓白莲可与杨妃媲美，杨妃比着白莲只是会说话。“西施”句意谓白莲似西施洗净了胭脂的素美。二句以人比拟，写来俱切合白莲。“娉婷”为女子身态绰约美好之状。这句合上二句共同形容白莲的姿态，似真妃、西施娉婷然顾影自怜之状。以上五句乃是从白莲的丰神上作虚拟的描写。
“薄雾”二句正面描写白莲肌肤之洁净细腻，亦与上面所写美人容态相应。这二句也表明看到白莲的时间，当是夜深时，“薄露初匀”即是薄薄的露水刚沾遍花瓣，正是夜深气候使然。“移根玉井”更从上句所写的白莲姿容之雅洁，追溯其来处之高贵。井为宫室殿堂中央顶端的顶板，常刻绘作荷花张开倒盖之状。张衡<西京赋>“蒂倒茄于藻井”，李善注:“茄，藕茎也，以其茎倒植于藻井，其华下向反披。”庾信<登州中新阁诗>:“花朵反披叶，莲井倒垂房。”俱可证见井的形象。本是古代建筑藻井取象于莲花，这里却说白莲是从玉井移来的根种，以见其由来之不凡，如高蟾（下第后上永崇高侍郎>诗云：“天上碧桃和露种，日边红杏倚云栽。”碧桃红杏俱是凡花，而云“天上”、“日边”，身分便觉迥异。“玉井”即藻井，用玉形容其光洁，且与白莲色调一致。韩愈<古意>云：“太华峰头玉井莲，开花十丈藕如船。""本词又暗用此典，谓白莲从华山玉井移来。
“想飘然”四句写词人自己玩赏白莲时的景况。“想飘然一叶”点明时节。《淮南子》：“见一叶之落知岁之将暮”，这里“飘然一叶""，以叶落之状表明时当秋天。这四句开头以“想”字点明所写为对往事的回忆，意谓想当一叶开始飘落下的秋夜，微风雕飕地吹着短发，卧于浮泛中流的轻烟笼罩的小艇上。上闵在对白莲作实景的描写后，结以对泛舟往事的回忆，化实为虚，使读者恍然悟到前写一切实景皆属往日之印象。
下闋“可惜”二句，暗承上闋“移根”意脉，描写白莲幽独的情态。“瑶台”为西王母居处，众仙女聚集之所。李白<清平调>有句云“若非群玉山头见，会向瑶台月下逢。”即是以瑶台仙女比喻木芍药，隐指杨妃。这里也是把白莲当作从瑶台下来的仙女，意谓她要返回瑶台已是路程遥远，只是抱着凄凉情怀独立月下，令人难于辨识。这里呈现在月下的，无论是白莲、美人，形象俱恍迷离，给人以朦胧的美感。
“相逢”三句，就重见白莲再从姿容上补充描写。“相逢”下日“还是”，表明重见之意。“冰壶”句言以冰壶之水沐浴，形容其清洁，姚崇<冰壶赋序》:“冰壶者，清洁之至也。”如所谓“一尘不染”者。“牙床”句意谓白莲容色又如牙床上酒醒后的美人，极为素雅。上句言其洁，继以此句言其白，乃切合白莲形象。
“步袜”三句补写白莲景况，略逗美人迟暮之意。曹植<洛神赋>有句云：“凌波微步，罗袜生尘。”这里即拟白莲如“凌波微步；罗袜生尘”的水上仙女，正切合白莲身分性质。“空留”乃从白莲静立水上着想，仙女本应凌波归去，却仍在水上凄凉独立着，故云“空留”。“舞裳”二句微见白莲衰象，隐寓怜惜之情。白莲开尽，花瓣舒张，如舞裳之飘举，而亦呈委谢之状，故日“微褪”，“”为花谢之意。粉香残冷，紧承上句，加重零落迟暮之感。
结尾三句仍从白莲现境着想，拟作远离神山的仙女，系心仙境，望着海中蓬莱仙山依稀隐约，时时梦想凌着千顷素波归去，与下闋首句相应，形象地展开“可惜瑶台路迥”心情。“瑶台”、“海山”，虽是东西方位称说不同，而用意固一致。仙女下“瑶台”自可归“海山”。尾端从仙女情思展现的意象，切合白莲，读来自觉一片渺茫，悠然无际。
：南宋末期，词坛咏物之风极盛，王沂孙为其中卓著者。其咏物词中，颇有流襄故国之思的，如<眉妩>咏新月，(齐天乐>咏蝉等篇，寓意显然。但这首咏白莲的作品，却看不出这种内容，应是纯为咏物而作。晚唐诗人陆龟蒙曾有一首咏白莲的名作《白莲》：“素花多蒙别艳欺，此花端合在瑶池，还应有恨无人觉，月晓风清欲堕时。”以拟人的写法表现出白莲的丰神及怨抑情态。由于七绝的形式局限及风格要求，未多作具体描绘。：王沂孙的这首词的用意可以说基于陆诗，而长调便于铺写，于是在篇中充分运用想象作细致的描绘，呈现出一幅完整丰满的具体形象，从中吐露出幽曲的情思，全词内容形式达到完美的艺术高境。这首词艺术上的卓越之处，首先在构思上咏物而不粘滞于物，虽整篇写来俱极切合所咏之物，而能联系所咏物的特质及形象，展开想象，作意象的勾画，如下闋所写，无论是物是人，是虛是实，俱极幽美。其次用典融浑自然，如“真妃”、“玉井”、“瑶台”、“步袜”等，用来俱能启发读者联想，增强对白莲的美感。词的上阅先作实地描绘，然后于结处点明回忆，振起上阂，反实为虚，使篇势矫健。下闋驰骋想象，是物是人，亦实亦虚，浑然无迹，结尾悠然远引，与上结矫健气势各自异趣。至于气度雍和，辞句精雅，也是作者的胜场。",白莲、仙女、咏物、形容、形象,白莲、瑶台、形象、仙女、咏物,白莲、瑶台、形象、仙女、咏物、玉井、形容、意谓、切合、藻井,3,0.9954,11,1.0,positive,sorrow,0.0074,0.0,0.007381,0.0,0.002109,0.003515,0.002988,0.0,0.0,,,0.0,,,0.0,,0.0,False,True,,,sorrow,,,,,,,,,,,,needs_llm
756,106,秋海棠,七月,清,朱受新,白秋海棠,"清秋湛露浥琼芳， 素影风摇玉砌旁。
夜静看花人独立， 水晶帘外月如霜。","诗写秋夜的白海棠，前二句写出了白海棠的风姿，后二句写女主人公看花的清态。清亮的秋露沾湿了美玉一般的花朵。白色台阶旁的素洁的花枝在微风中弄影，散发着芬芳。静静的夜里，看花人儿久久独立；透明的水晶帘外，月光洒下来，花上，地上，都好象蒙上一层白霜。
全诗突出地表现了一个“静”的境界：秋而日“清”，即含有静的意思；夜色是静的，月光也是静的；人独立于夜色月光之中，--个“独”字表现静的境界更为传神。但这静是幽静而不是死寂，不是一点生机没有。“素影风摇”这一动景使静的境界增添了活力，显得更静。“蝉噪林愈静，鸟鸣山更幽”,以动写静，大概就是如此吧！
诗对白海棠的描写，则又着力于一个“洁”字，“洁”即色彩洁白而晶莹。秋而日清，露而日湛，芳而日琼，影而白素，砌而日玉，无不洁，加上水晶帘、如霜月，真是一片洁白晶莹的世界。与静静的，月光下的夜相协调，将白秋海棠那种洁净高雅的品质与姿态呈现在读者面前。同时诗人将白秋海棠放在皎洁的月光世界中去描写，以致花月互映，更是传神之极。而这-切又是透过一层水晶帘去观看，更觉得玲珑之中又带有迷茫之美。
诗的妙处不仅在此，更在于写花的同时又写看花之人。在这明月如霜的背景之下，洁白如玉的海棠花前，万籁无声的静夜之中，人却“独立”。景很美而人独立，形成了极为鲜明的对比。宋代词人晏几道有“落花人独立，微雨燕双飞”之句，以无知之燕犹得双飞，有情之人反而独立，暗示了主人公的难堪，而成为千古名句。而这首诗的女主人公“看花人独立”，不是也会有无限的而难以表露的心情吗?诗人在这里表现得比小晏的词句更为含蓄，而有意给读者留下了广阔的想象余地。这座女体塑像是独立的、静态的，她只是站在白海棠前，不声不响地凝视着花朵而已，难道我们不是可以从这种淡雅的风致中窥见她心中感伤与惆帐的情绪吗？",独立、月光、主人公、境界、传神,独立、月光、白海棠、主人公、水晶,独立、月光、白海棠、主人公、水晶、境界、花朵、读者、晶莹、双飞,1,0.6527,8,1.0,positive,joy,0.0103,0.010274,0.0,0.0,0.0,0.008219,0.004795,0.0,0.0,,,0.0,,,0.0,,0.0,False,True,,,joy,,,,,,,,,,,,needs_llm
747,109,木槿,七月,明,吴宽,槿,".南方编短篱， 木槿每当路。
北地少为贵， 翻编短篱护。
要知一物耳， 贵贱以地故。
夏末蕊累累， 生意含晓露。
.花开亦可观， 别种更相妒。
独怜一夕间， 颜色已非素。
蕊多固应尔， 此理真自悟。
不见萱草花， 开落只朝暮。","这首五言古诗一共十六句，它抓住了木槿的两个特性来抒发感情。第一个特性是木槿可以编为短篱，这在南方极为普遍。可是北方木槿较少，因而就显得特别珍贵，于是本来可以编为短篱防护家院的东西，反而被主人用短篱防护了起来，这真是一百八十度的大颠倒。由此作者发出感慨：“要知…物耳，贵贱以地故""同样是一件东西，因为所处的地方不同，因而贵贱的地位也就不同了。这一规律，恐怕不只适用于花吧。第二个特性是木槿花容易凋谢。木槿于夏末开花，花蕊累累，在早晨的露水中更显得生机勃勃。很多花在夏末都已消歇，木槿花却能擅芳一时，不能不引起其它花种的嫉妒。可惜在一日之间，花朵的鲜美颜色就已政观，开始萎落，这未免令人叹息。不过，诗人转念一想，正因为花蕊繁盛，所以朝开暮落也是应该的，新陈代谢是自然界永恒的规律。旧的败落；自有新的开放。想到这里，诗人似乎参透子物理，所以说：“此理真自悟”。这是由木槿花的第二个特性所引出的结论。最后作者还解释说，你们没看见那萱草花吗，开落亦只是朝暮之间的事。可见自然界的花朵中，开落朝暮，并不仅仅是木槿！萱草，又名忘忧，我们常吃的金针菜，就是其中一种的花蕾制成的干菜。萱草的花朵的寿命也只有一天，凌晨开放，日暮闭合，但是一花凋谢，它花续开，也可蔚为大观。这一特征，不是与木槿十分相似吗？所以作者随手拈来作为例证，来证明自然界物理之固然，显得十分恰当、得体。
诗歌是感情的产物。没有感情，也就产生不了诗歌。有时候诗人说得几乎完全不合事理，却因为其感情充沛而成为传颂佳作。而在这首诗中，诗人表达的感情是细腻的、曲折的。特别是这诗的后半部分，由于木槿朝开暮落的特性，使得诗人的感情起伏变化。从“生意含晓露”的无限赞美，到“独怜一夕间”的真诚叹惜，到“此理真自悟”的坦然释怀，真是曲折回环。因而这首诗也象木槿花一样，十分受人喜爱。
(朱宏恢)",感情、花朵、诗歌、显得、曲折,木槿、感情、特性、木槿花、花朵,木槿、感情、特性、木槿花、花朵、萱草、自然界、显得、短篱、真是,5,0.8884,0,1.0,positive,sorrow,0.014,0.012865,0.014035,0.0,0.0,0.0,0.0,0.0,0.011696,,,0.0,,,0.0,,0.0,False,True,,,sorrow,,,,,,,,,,,,needs_llm
792,135,桂花,八月,唐,王绩,春桂问答二首,"问春桂： 桃李正芬华。年光随处满， 何事独无花？
春桂答： 春华钜能久！风霜摇落时， 独秀君知否？","春来了，万物复苏，百花斗艳。在千姿万态的花卉中，最浓艳、最惹人注目的，莫过于桃李。《诗经》上早就有对桃李赞美的诗句：“何彼秘矣，华如桃李。”(《召南·何彼穰矣》)魏晋之际的阮籍也写过“夭夭桃李花，灼灼有光辉” (《咏怀诗》)之句。秋天才开花的桂树，在春天的百花园中无疑默默无闻。因此，众花卉，或许是桃李自身，不免发问道：正当春满大地，群花盛开，桃李芬芳之时，春桂，为什么唯独你默默无闻，并不开花呢？“年光随处满”的“年光”，即春光。杨炯《和骞右丞省中暮望》诗云：“年光摇树色，春气绕兰心""；张仲素《汉苑行》云：“年光到处皆堪赏，春色人间总不如。”年光与春气、春色对举，义亦相近。
第·首问春桂，第二首春桂作答。“春华”，即春花，主要指桃李。“人间四月芳菲尽”，春天过，芳华落尽，还有什么值得荣耀的呢？阮籍《咏怀诗》不是写过“视彼桃李花，谁能久荧荧”吗？第一首，桃李自恃其芬华，此首春桂反问它们“詎能久”。桃李也许会争辩说：我们尽管有凋零之时，那么，你能开花吗？春桂便胸有成竹地回击它们：“风霜摇落时，独秀君知否？”桂树冬夏常青，于风霜摇落百花的秋天开花，故日“独秀”，此。据《南方草木状》，桂“其类自为林，间无杂树”，不与杂树闲花为伍，故曰“独秀”，此二。秀，花开日秀，挺出亦曰秀。郭璞《桂赞》：“桂生南裔，拔萃岑岭。广莫熙葩，凌霜津颖。气王百药，森然云挺。”也可作“独秀”的注脚。值得玩味的是，春桂于“秀”字前特加·“独”字，有意与上首的“独无花”抗争。你们说我春天独无花，而当我“独秀”之时，众花在哪里？桃李花又在何处？当然，这一切你们是不会知道的，因为我开花时你们早已凋零。针锋相对，毫不避让，由此更显出春桂超迈群花、不同凡俗的气质。李白《箜篌谣》：“开花必早落，桃李不如松。”王绩此二诗所咏，则有“开花必早落，桃李不如桂”之意。
这两首诗总题为《春桂问答》，前问后答，赋春桂予人的品格。诗人借咏桂来歌颂不随波逐流、能在险恶环境中保持独立人格和节操的品质。问春桂，口气咄咄逼人；春桂答，略带幽默却不失刚劲凛然之气。以问答形式来咏花，新颖生动，带有一点寓言诗的味道。两首诗是不可分割的一个整体。诗中的桃李，不过是春桂的陪衬，正因为有桃李的衬托，诗中春桂:的形象方显得那样独立不羁、那样挺秀。这两首诗主要是咏桂，但作为陪衬的桃李是不可少的。诗人有首《古意》，也是咏桂诗，前四句云：“桂树何苍苍，秋光花更芳。自言岁寒性，不知露与霜。”虽然也赞颂了桂树的品质，但未免过于平质，不甚感人。明乎此，《春桂问答二首》诗人之所以要均出一半的笔墨去写桃李，其良苦用心，读者就不难理解了。
（陈庆元）",桃李、开花、桂树、独立、花卉,桃李、春桂、开花、独秀、桂树,桃李、春桂、开花、独秀、桂树、问答、春气、独立、品质、花卉,5,0.7452,0,1.0,positive,sorrow,0.0113,0.008962,0.011321,0.0,0.0,0.003774,0.0,0.0,0.0,,,0.0,,,0.0,富贵、吉祥、月亮,0.0,False,True,,,sorrow,富贵、吉祥、月亮,,,,,,,,,,,needs_llm
834,147,菊花,九月,晋,陶渊明,饮 酒（其五）,"结庐在人境， 而无车马喧。
问君何能尔？ 心远地自偏。
采菊东篱下， 悠然见南山。
山气日夕佳， 飞鸟相与还。","此还有真意， 欲辨已忘言。
本诗开头称“结庐在人境”，按照一般人写法，接下来便是对车马喧阗、：人声沸扬等闹景的铺叙渲染。而此处不然，“却突然以“而无车马喧”承接上‘句，的确出人所料。这就由一意转出另一意。看来，这位以平淡著称的诗歌大家，也不乏奇崛之笔。
继而，又以“问君何能尔”的设问连接上文，引出“心远地自偏”这…含有深刻哲理酌答句；转达了诗入避静雅洁的情怀。既然居留于“人境”，人来车往自不可免。但在诗人，却视有若无，听若罔闻，这正说明是诗人的主观意向在起作用，心静自然意识不到周围喧闹气氛的千扰。诗人以闲淡的词句写出子其婉曲多致的心境。王安石对此推崇备致，尝称：渊明诗有奇绝不可及之语，如“结庐在火境”四句，由诗人以来无此句。（见朱自清（十
四家诗抄>)
诗人之淡泊情怀，是借用日常生活的画面来展现的。采菊东篱，悠然自得，偶而举首望去，南山遥遥在目。斜阳给峰峦抹上一层淡黄的颜色，与东篱菊花相映成趣。飞鸟成群结队还巢，欢快地拍打着翅膀，尤可人意。目睹这晴岚山色，诗人情怀潇洒，物我皆忘。这便借景物的描绘，写出了其真淳恬淡的心绪。
在诗人看来，自然界万千气象，处处使人感受到真淳自然的意趣。他在末二句中说：“此还有真意，欲辨已忘言”。真意，即自然意趣。忘言，本谓难以用语言表达。借指忘情于世事。《庄子·外物》：“言者所以在意也，得意而忘言。”此两句，既是叙事，：也是谈理，暗示出内心与外物的关系。由于诗人心志与尘俗隔绝，故而能闹中得静，感受到外界物象的“真意”；自然景色之美，又涤滤其情性，使其心越发纯净，具有了领略“真意”的鉴赏眼光。诗人之身心融化在此情此景之中，物我一体，无须再去辨别。
本诗将写景、叙事、抒情、言理融合，相互引发，构成一幅静远、清淡的画面。韦应物诗拟陶渊明，其<答长安丞裴说>诗谓：“临流意已凄，采菊露未曦。举头见秋山，万事都若遗。”应物乃因意凄而采菊，因见秋山而遗万事，其与陶所得异矣。
(赵兴勤）",情怀、自然、还有、感受、画面,真意、自然、忘言、情怀、画面,真意、自然、忘言、情怀、画面、东篱、万事、一意、叙事、写出,6,0.8927,1,1.0,positive,serene,0.0311,0.00678,0.0,0.0,0.0,0.008475,0.031073,0.0,0.0,,,0.0,,,0.0,隐逸、清雅、傲霜,0.0,False,True,,,serene,隐逸、清雅、傲霜,,,,,,,,,,,needs_llm
895,150,菊花,九月,清,叶申芗,阮郎归,,"此花开后更无花，问谁偏爱些？忆从九日伴陶家，诗人今尚夸。 堪酿酒，佐烹茶，餐英古趣赊。秋容老圃莫嫌他，香留晚节佳。
菊花在深秋时节开放，这时，百花已经凋零，正如唐末黄巢所说：“我花开后百花杀”(《菊花》)。本词起篇借用了元稹诗句意：“不是花中偏爱菊，此花开尽更无花”(《菊花》)，十分明白直切地点出了这一点。正因为她是百花的殿军，习性和品质都有着独特之处，所以，历来人们都非常喜爱她，热烈地赞美她。“问谁偏爱些?”词用问句，意谓对菊花，谁比较偏爱她呢？些：一些，-一点儿。下面两句，回答所问的问题。“忆从九日伴陶家，诗人今尚夸。”陶家，指陶渊明，他酷爱菊花，诗中多次写到。据(宋书·陶潜传》：“(渊明)尝九月九日无酒，出宅边菊丛中坐久，值(王)弘送酒至，即便就酌，醉而后归。”词意谓，自从陶渊明九月九日重阳节把菊饮酒以来，诗人都很偏爱菊花，直到今天，仍然夸赞不绝。这里用-一问一答方式，艺术表现上很能唤起人们对菊花的赞赏之情。问句中用“谁”，答句中则以专指的“陶家”和泛指的“诗人”，来概指所有爱菊的人，菊花在人们心目中的地位，也就不言而喻了。那么，诗人为什么这样广泛地喜爱菊花呢？词意潜气内转，很自然地过渡到下片，从比较空洞的“爱”、“夸”，转到具体场面的描述上来。
“堪酿酒，佐烹茶，餐英古趣赊。”自从陶渊明重阳节菊边醉酒以来，菊和酒也结下了不解之缘，人们以菊花酿酒，名之日菊花酒。重阳登高，饮菊花酒，成了千年古俗。菊花能够清热解毒，.是一味很好的中药，古人早就发现了这一点。它和茶叶一样，也是烹茶的佳品，今天仍然如此。“餐英”，以菊花作饮食。屈原《离骚>：“朝饮木兰之坠露兮，夕餐秋菊之落英。”屈原以餐英谓饮食的清洁，借以比喻自己志行的高洁。“古趣赊”，意味这种富于情趣的事由来已久，影响深远。笔端流露出欣赏赞许的意思。词的末二句，进而赞美菊花开于百花之后，风骨凛凛，节概可佳。“秋容”，指秋天菊花开放时的姿态。“老圃""，谓花圃园丁。诗人说，老园丁不要嫌弃菊花在秋风肃杀时傲岸的姿态，只有她，能在群芳凋零时，喷香绽朵，表现出不屈服于寒霜的淫威的“晚节""，这正是值得珍视，应特意给予赞扬的。
（王锡九）",菊花、陶渊明、人们、屈原、姿态,菊花、偏爱、百花、人们、餐英,菊花、偏爱、百花、人们、餐英、陶家、古趣、陶渊明、烹茶、酿酒,6,0.9881,1,1.0,positive,joy,0.0181,0.018085,0.012766,0.0,0.0,0.009574,0.005319,0.0,0.0,,,0.0,,,0.0,隐逸、清雅、傲霜,0.0,False,True,,,joy,隐逸、清雅、傲霜,,,,,,,,,,,needs_llm
943,153,野菊,十月,宋,张鎡,如梦令,野菊亭亭争秀，闲伴露荷风柳。浅碧小开花，谁摘、.谁看、谁嗅？知否，知否？不入东篱杯酒。,"这首小词，一开始便写出野菊的超逸情态。野菊为多年生草本，茎直立，高约三尺。以“亭亭争秀”状菊，尽得其神韵，使菊的孤峻高洁的雅姿跃然纸上。野菊具有顽强的生命力，山坡路旁，丘陵荒地，塘边河畔，随处可见，与露中之荷、风中之柳作伴。尽管无檐墙竹篱为之遮风挡雨，但它仍然含霜带露，冲寒而放，表现出非凡的气骨和节操。
野菊与一般菊花相比，似乎更淡雅素朴，其叶片呈淡绿色，顶端开有浅黄色小花，看土去都是那么不起眼。然而，却有清凉解毒、散癡明目的功效。它无意于以色媚人，却默默地为世人尽微薄之力，它自生自长，适应各种环境，却不给世间增加任何负担。恬然自处，随遇而安，在悄无声息地装点着冷落的秋野。然而，对于此，又有谁能理解呢？下面，词人以“谁摘、谁看、谁嗅”三个反问句，倾泻了内心的愤懣不平，为野菊的不被人识赏而怅惋。三个整齐的问句，强化了表达气势，使作品波澜顿起，跌宕有致，词人酷爱野菊之情，便藉此得以展现。
“知否，知否，不人东篱杯酒。”东篱，显然是由陶渊明“采菊东篱”诗句而来，此借以指称那些故作清高以风雅自命的庸流。这些人，附庸风雅，也植菊篱下，实则无非藉此装潢门面，并非真正爱菊。至于荒郊野外的野菊，尤不屑一顾，更谈不上采野菊以泛酒了。词人在为野菊鸣不平的同时，对那些有名无实的雅士给以嘲讽。其寄意之深婉，可以想见。
本词开头儿句，运用白描手法展示了野菊“亭亭争秀”的风姿，在平缓舒徐的笔调中，深蕴了词人郁勃的激情。无论是词作呈现的艺术画面，还是词人的心理情态，都似乎象湖水那样平静明澈。至“谁摘、谁看、谁嗅”词人深邃的情感才奔进而出。末句的“不人东篱杯酒”，是对“知否，知否”的正面回答，凝聚了词人的冷嘲热讽。词人爱野菊，却并未正面道出，而是寄寓在对“雅士”的否定与讽刺中，显得委婉含蓄，含意隽永。有涓涓细流相映照，才显示出大海扬波的气势非凡，有作品开头平静画面的描写，才反衬出后面感情抒发的波澜迭起，如此写，使词作感情色彩的对比十分鲜明。
十一月花卉
红 梅
《花月令):
是月也，芸生，枫丹，蕉红，岩桂馥，枇杷缀金，松柏后调。
<瓶史·月表>:
十一月花盟主：红梅花客卿：杨妃茶花花使令：金盏花(杏叶草)
(按：岩桂入八月，茶花人十月。）
红 梅
红梅，梅的一种，落叶乔木。寒冬绽朵，与白雪相映，尤为艳丽。范成大(梅谱>云：“红梅标格犹是梅，而繁密则如杏，香亦类杏。”骨红为珍品，花重瓣，深红色，极香。粉梅半重瓣，粉红色，香气稍淡，为中品。",野菊、词人、红梅、情态、画面,野菊、词人、东篱、知否、重瓣,野菊、词人、东篱、知否、重瓣、红梅、茶花、非凡、感情、气势,6,0.7333,1,1.0,positive,elegant,0.0184,0.0,0.0,0.0,0.010526,0.018421,0.0,0.006579,0.0,,,0.0,,,0.0,,0.0,False,True,,,elegant,,,,,,,,,,,,needs_llm
925,165,木芙蓉,十月,宋,张耒,芙 蓉,"今年古寺摘芙蓉， 憔悴真成泽畔翁。聊把一枝闲照水, 明年何处对霜红？","“年年岁岁花相似，岁岁年年人不同”，这是唐代诗人刘希夷的名句。因花而感叹人生，这是古代诗人常写的内容。张耒的这首《芙蓉》诗，就以通俗明了的语言，又一次谈论起这一问题。
“今年古寺摘芙蓉，憔悴真成泽畔翁”，开头两句如果细心体会的话，不难看出是一种对比的写法。芙蓉花绿叶相衬，妖娇旖旎，虽然在秋风里开放，但毕竟给人以一种生机蓬勃之感。而摘花之人呢，却已是十分“憔悴”，穷困潦倒，真要变成一个泽畔的老翁了。泽畔，点明了芙蓉的地点，它在古寺旁的池塘边，又使人联想起“行吟泽畔""的诗人屈原。“真成泽畔翁”，说明作者的年龄，其实还并未成“翁”，而只是由于""憔悴”，才看上去似""翁""的。一边是鲜艳夺目、芬芳馥郁的花朵，一边是憔悴不堪、未老先衰的诗人，这对比不是很强烈吗？
可是诗人真正的感慨还是在后两句：“聊把一枝闲照水，明年何处对霜红？”当诗人把摘下的芙蓉拿在手里，看着水面上的倒影时，忽然想起，明年此时，我自己又在何处，对着这满树霜红的秋天呢？今日之我，已是如此之“憔悴”、潦倒，明年之我，又将是什么模样？前途如何？漂流何地？会不会比今年更“憔悴""？如果再回头一想，那么，今天虽然已与木芙蓉的鲜艳成了对比，但还是幸运的，还能“聊把一枝闲照水”，虽然憔悴，却还有闲情逸致。可今后如何？世事茫茫，真难以预料啊！
看起来，张耒的感叹，比起刘希夷的感叹来，要强烈得多，也要深人得多。刘希夷仅仅是感叹人生一年年的衰老变化；而张耒的诗却是一个封建社会失意文人的悲鸣，其意义自是不能等而观之的。，
(朱宏恢)
拒 霜
满庭黄叶舞西风， 天地方收肃杀功。
何事独蒙青女力， 墙头催放数苞红。
春天是美丽的。我们还记得宋代诗人叶绍翁的名句：“满园春色关不住，一枝红杏出墙来。”冬去春来，万物复苏，春意萌动，这是任何东西也阻止不了的，园墙岂能关住？可是到了秋天呢？“满庭黄叶舞西风，天地方收肃杀功。”陆游的这两句诗，对于秋天的描写，其典型程度应该说并不亚于叶绍翁对春天的描写，只不过人们并不十分熟知罢了。试想，西风劲吹，落叶遍地，黄了的树叶随风飞卷，天地一片肃杀之气，这难道不是典型的秋天景象吗？
不过，秋天也还有秋天的特殊性，也并非完全是“满庭黄叶舞西风""的。秋天还有秋高气爽的·面。秋天也有秋天的花：.秋荷，秋菊，还有作者要写的拒霜(木芙蓉)花。当拒霜花开时，已经是十月至十一月了，众芳已歇，所以诗人问道：“何事独蒙青女力，墙头催放数苞红？”为何拒霜花独独能得到青女(霜神)的帮助，在那墙头，开出了几朵红红的花呢？联系上文来看，在""满庭黄叶舞西风，天地方收肃杀功""的自然景况之下，“独""有拒霜花开放，确实是会令诗人发出疑问的。青女对群芳都起一个“肃杀""的作用，独独对拒霜花起""催放""的作用，这不奇怪吗？不使诗人感到惊喜吗？啊，秋天在这里！在这“墙头催放数苞红""之处！不过，诗人在诗里所写的拒霜花，不是成群的木芙蓉，而只是在""墙头""的""数苞红""的孤零零的-簇。但就这孤零零的一簇，在""天地方收肃杀功""的秋天，点缀着秋天的景色，其作用之大，是决不亚于出墙头的“一枝红杏""的。
木芙蓉有连片长的，--片锦绣，煞是好看。但一枝孤秀，亦自有其美感作用。只要是装点我们生活的美好东西，诗人都应该去发掘，去努力表现，我们也一定会十分欣赏的。
(朱宏恢)",憔悴、西风、木芙蓉、芙蓉、地方,憔悴、霜花、西风、肃杀、芙蓉,憔悴、霜花、西风、肃杀、芙蓉、作用、木芙蓉、感叹、满庭、还有,3,0.6157,11,1.0,positive,resentment,0.0117,0.003463,0.0,0.0,0.0,0.004329,0.004329,0.011688,0.003463,,,0.0,,,0.0,高洁、美丽、秋天,0.0,False,True,,,resentment,高洁、美丽、秋天,,,,,,,,,,,needs_llm
947,177,红梅,十一月,宋,苏轼,红 梅,"怕愁贪睡独开迟， 自恐冰容不入时。
故作小红桃杏色， 尚余孤瘦雪霜姿。
寒心未肯随春态， 酒晕无端上玉肌。
诗老不知梅格在， 更看绿叶与青枝。","苏轼这首诗咏的是红梅，而-般咏梅诗大多是咏白梅，因为白色的梅花象征高洁不俗，红梅在人们心目中就不免带有一些“俗”气了。可是苏轼在这首诗里，却用风趣的语言，替红梅辩臼，并从中阐明--些哲理性的问题。
红梅的开放时节要比白梅迟--些，在诗的前四句，诗人借红梅的口吻说自己因为贪睡又怕开花后招来愁闷，所以开得迟了一些，又说恐怕洁白的颜色不合时俗，所以把自已妆扮成桃杏花的淡红色，这样-开始就使读者感到这首诗写得很风趣，很有幽默感。不过这只是不同品种梅花的个性特征，至于梅花的共性—-孤高瘦拔、斗雪傲霜的风姿，红梅也是和白梅-样具备的。五、六两句进一步解释这个问题：之所以我的颜色是红的，那是因为喝了酒之后，很自然地在原来洁白的脸上出现了红晕，但是，我的“寒心”（即耐寒的本性)却没有改变，绝不会和春天里的百花一起争奇斗妍。以上六句仿佛是在向人们反复诉说自已虽然艳如桃李、却未肯随俗的本性。
末尾两句中的“诗老”，指的是北宋前期诗人石曼卿。他也写过一首咏红梅的诗，其中有两句是“认桃无绿叶，辨杏有青枝”，意思是把红梅看成是桃花但没有绿叶，看成是杏花却又有青枝。苏轼认为“诗老”没有理解梅花的基本品格，也没有写出梅花的精神风貌，怎能从绿叶、青枝这些外形来看问题呢？
苏轼善于从日常生活和普通自然景物中悟出新意妙理，发人所未发，写成引人深思的理趣诗。这类诗都具有因物寓理，余味无穷的特色。这首诗就是说一个哲理性的命题：看任何事物，要抓住它的内在本质，不要光看外表。拿红梅来说，“寒心未肯随春态”，“尚余孤瘦雪霜姿”是它的内在本质，而“小红桃杏色”只是外表而已。这种具有普遍意义的哲理，配上风趣幽默的语言，既能给人以启发，又能给人以美的享受。
（王恩宗）",红梅、梅花、苏轼、绿叶、没有,红梅、梅花、没有、苏轼、风趣,红梅、梅花、没有、苏轼、风趣、问题、青枝、绿叶、给人以、颜色,1,0.5164,2,1.0,positive,serene,0.0127,0.0,0.0,0.0,0.0,0.011392,0.012658,0.0,0.0,,,0.0,,,0.0,,0.0,False,True,,,serene,,,,,,,,,,,,needs_llm
951,180,红梅,十一月,元,王冕,红梅四首(其一),"彩凤穿花啄石苔， 玉窗琼户紫烟开。
山人不说罗浮梦， 却忆玄都观里栽。","王冕此诗第一首山眼前梅花联想到罗浮山梅，诗篇即围绕罗浮山梅而展开。罗浮山纵横二百五十公里，在广东境内，山跨博罗、增城、龙门共。遍山大小峰峦四百三十二座，峰形互异，气象万千，景物持佳。开端的“彩凤”指罗浮山仙蝶。屈大均《广东新语》称其大者径尺，文采灿烂，虽百上而无·相同，土民谓之小凤凰。蝶之吻非鸟之喙，是不能啄苔的，用士民“小凤凰”之称就可以了。彩色凤凰穿过花丛，口啄着石上青苔，一句写出了人迹罕至的幽僻山径，只有凤儿、花儿、草儿在此中自山生长、自由翱翔、门由活动，山境清冷而生机勃然。及至打开“琼”、“玉”制成的珍贵“窗”、“广”，但见含紫的云烟直扑而来。“紫”，也可解作草木，和“烟”相联，是草木象烟霭般遮山盖野。这些罗浮山间的景象，诗人·-收入笔底，是梦幻抑或仙界，作者没有明言，却道这罗浮--梦、这罗浮山梅反而勾惹他回想起了玄都观里的千树桃花。（句中“山人”指隐士，系王冕自谓。)第三句的罗浮梦是用的旧题柳宗元所撰《龙城录》上的一个典故：隋朝人赵师雄往游罗浮，中宵梦--芳香袭人之素妆女郎与其对饮，-绿衣童欢歌笑舞于其旁。醒时则觉已身卧一大梅树下，上有翠鸟啁啾。结句的“玄都观”为唐代长安道观名。其时名诗人刘禹锡有诗云：“紫陌红尘拂面来，无人不道看花回。玄都观里桃千树，尽是刘郎去后栽。”(《元和十年自朗州至京，戏赠看花诸君子》)另·诗云：“百亩庭中半是苔，桃花净尽菜花开。种桃道上何处？前度刘郎今又来。”(《再游玄都观》刘氏的两诗是讽刺中唐新贵之山盛而衰的悲惨结局，盛时如“桃千树”，煊赫不可一世，衰时如“桃花净尽”，冷落萧条，无复昔年威势。而他自己尽管连岁遭受斥逐，仍能重游故地，斗志仍存。王冕用此事一面是说罗浮山中的白梅此时忽化为象玄都观内桃朵般的红艳，是扣紧红梅点题而言，一面可能潜指蒙元统治之日趋没落，浑似玄都观里“净尽”的桃花。当年诗人曾北上燕都，泰不花欲荐以馆职，他说：“不满十年，此中狐兔游矣，何以禄为！”（清钱谦益《列朝诗集小传·甲前集·王参军冕》）与
此诗对照，可窥知其旨意一二。
此篇一二句为写景，五彩凤凰、青绿苔藓、洁白琼玉、紫色烟云映衬粉红梅朵，充分显示了山间众物的色彩美，其中突出梅花之浅绛，真所谓“万绿丛中一点红”，尤鲜明可爱，与众不同。第三句叙罗浮梦事，暗点梅花，第四句景中有情。
（冯君豪）",桃花、梅花、红梅、草木、花儿,罗浮山、玄都观、凤凰、桃花、净尽,罗浮山、玄都观、凤凰、桃花、净尽、梅花、王冕、红梅、草木、广东,1,0.3982,4,1.0,positive,joy,0.0088,0.00878,0.0,0.0,0.0,0.005854,0.0,0.0,0.0,,,0.0,,,0.0,,0.0,False,True,,,joy,,,,,,,,,,,,needs_llm
961,190,水仙花,十二月,宋,黄庭坚,王充道送水仙花五十枝,"凌波仙子生尘袜， 水上盈盈步微月。
是谁招此断肠魂， 种作寒花寄愁绝。
含香体素欲倾城， 山矾是弟梅是兄。
坐对真成被花恼， 出门一笑大江横。","水仙，是素洁和美的象征。它形象高雅，娴静而秀美，体态娇袅，令人爱怜；然而，它的美并不仅仅在于它的外貌，而更在于它那高贵的气质。如果说荷花是“出淤泥而不染”的话，那么水仙更是圣洁的花。它的鳞茎形成后，根本就不需任何养料，直接可在清水中生长，及至生芽、抽茎、开花、枯萎。它根本不与淤泥为伍，更不依附攀援而求生。它要求人的极少，而给予的却很多。它的幽香是独特的、典雅的，不似栀子、桂花那样浓烈，又不象兰花那样素淡和孤独。它的形象是超然脱俗的，绿色长裙摇曳，露出淡淡的笑屬，暗香微渡，楚楚可人。
诗人黄庭坚在这首诗中突出地写了水仙的这种圣洁的美。诗的开头他活用了曹植<洛神赋>中写宓妃的典，因为她是被奉作神灵的水中仙女。诗人在这儿把水仙花给予人格化了，写了她的子然独，写了她的超凡与脱俗。窈窕的新月，朦胧的寒水，一个婷婷婀娜的少女在水上盈盈躑躅，这是一种多么绝美的意境！这又是一个多么富有诗情的画面。这种意境必然使人产生许多深挚的联想，这样一个美貌而孤独凄楚的女子，在这样的夜月、这样的寒水中徘徊，那么她一定有着什么难以言说的哀婉与凄苦，一定有着难以排遺的怨慕与忧患吧。于是，诗人干脆以为这“寒花”就是令人梦回萦绕的“断肠魂”，它作为一种美丽而凄苦的象征是“寄愁绝”的。在这儿，诗人既写了花的形象与外在的美，更写了孤独的花魂，它的性格与气质。然而，水仙花又是极富生命力的花，她勇敢倔强，又可以作为顽强生命力的象征。它最早向人们报道着春的消息，早在春天刚刚到来，大地冰封，万物萧杀的时候，水仙就以她的芳姿向人们展示着春的希望了。它与同样在早春开花的山矾、梅花为伍作伴，如兄如弟，同样地素白芳香，有倾城之姿。无疑，水仙是千花万卉中的高品。
这郁孤的花魂，这令人凄艳怨绝的花儿太令人伤感，太使人肝肠寸断了。多情的诗人几乎承受不了这孤独的“断肠魂”所幻化而成“寄愁绝”的“寒花""。杜甫有“江上被花恼不彻”之句，黄庭坚与水仙相对，才领会到“被花恼”的滋味。为消释心中幽怨，舍之而出门消遣。然诗人毕竟是诗人，他除了有体情察物的细腻与敏感外，更有一种超然豪迈的达观气概，故而他能进得去，也能出得来。他很快被外界的滚滚大江的豪迈气质感动了而豁达地畅怀大笑，一扫幽怨孤独，那哀婉的情绪也就冰释了。末两句从另一种意义上来看，并非转离题旨，有意抒发豪壮之气，而是写惟有在避开这花，惟有在“大江横”的景致下方能摆脱水仙引起的幽怨与孤独，更从另一角度反衬和烘托了水仙的感人魅力。
这首水仙诗恰如一幅高古淡雅的水墨画，善写意境，善用烘托。它极写了水仙的个性，也展现了诗人的细腻与多情，这正是一个艺术家所必具的气质。如世间无水仙花，宁有如此多情之诗人？而若无此多情诗人，世人皆能悟此花之神韵否？黄氏可为此花真知音也。
（王海龙）",水仙、孤独、多情、水仙花、令人,水仙、孤独、多情、令人、气质,水仙、孤独、多情、令人、气质、意境、水仙花、幽怨、形象、象征,1,0.6075,3,1.0,positive,sorrow,0.0137,0.0,0.013688,0.0,0.013688,0.011407,0.005703,0.0,0.0,,,0.0,,,0.0,,0.0,False,True,,,sorrow,,,,,,,,,,,,needs_llm
962,191,水仙花,十二月,宋,刘克庄,水仙花,"岁华摇落物萧然， 一种清风绝可怜。
不许淤泥侵皓素； 全凭风露发幽妍。
骚魂洒落沉湘客， 玉色依稀捉月仙。
却笑涪翁太脂粉， 误将高雅匹婵娟。","名家写景状物自有他独到的视角，独特的见解。同是咏水仙，同样写它的孤独与高标幽洁，却各有其鲜明的特色，绝不雷同。刘克庄的这首诗则突出地描写了水仙的孤寒与傲骨。首句由萧杀的景色起笔，寒冬已至，万物飘零，一片清寂，使人顿生哀感。但在这情景中有一种生机给人以希望，使人兴奋，这就是倔强生命力的象征—一水仙。诗人用“清风”来形容它的暗香逸溢，也用此来写它的疏影幽姿，极为别致。“可怜”实为可爱，写了此花的适时、有生机；用“绝”字，更见其可爱之甚。接下，诗人歌颂了此花的洁身自好与谦和的气质。此花无需栽种盆内靠肥土培育，而能依水而活，这本是这植物的天然本性，诗人却把这植物学上的性质更加以人格化的渲染，指出此花素洁的本质是全凭天地物华、清风月露所滋润，更不许肮脏的淤泥来侵染。这种高尚的气节使人想到了历史上人格高尚的伟大诗人屈原，故刘克川把水仙花的气质拿来和屈原的性格作了类比，这是对此花的极高的赞誉！诗人认为水仙的高贵气节是与屈原一致的，它的孤傲芳洁，它的不苟同凡俗，都是可与行吟泽畔，自沉湘水的屈原的人格的化身是一致的。如果说这一句是从气质和性格上强调水仙的美的话，那么下一句更从外表的形象的美上对它作了高度的评赞。说水仙花朵色白如玉，简直是人水捉月而死、幻而为仙的李白的化身。这里，将水仙与两位沉水而死的诗人联系在一起，构思巧妙，措辞精美(按李太白醉捉水中明月溺死，系民间优美的传说)。最后，诗人则用诙谐的笔调微讽了诗人黄庭坚(涪翁，黄庭坚的号)对水仙的不恰当的描绘，认为这位诗人太脂粉气了，没有写出水仙的神韵和特色：他怎么能把高雅的水仙和月中仙子的华贵艳丽比附呢！事实上，水仙的气质是孤高芳洁，非女性的纤弱可比。诗人在这儿的批评是善意的、温和的。与其说它是批评，还不如说是为表达题旨的需要而加强正面表述的一种手法。
此诗看似歌颂水仙，实际上推而广之，可以看作是作者在寻觅一种理想人格，-种峥嵘的傲骨和-种高尚的气质。但他却巧妙用典，善于比兴，夹叙夹议，描写与抒情相结合，在这短短一首律诗中却包孕了如此丰富和深刻的内容，充分地体现了中国古典诗歌凝炼、极富表现力的特长。同时，正因为这首诗作有着深刻的意境和题旨，特别是它意在写花的精神而不仅是客观描绘，故它超出了--般的素描类的诗和借物抒情的诗，而达到了这两个方面的有机结合。
(王海龙）",水仙、屈原、性格、特色、可爱,水仙、气质、屈原、高尚、人格,水仙、气质、屈原、高尚、人格、抒情、深刻、题旨、清风、生机,1,0.5091,3,1.0,positive,joy,0.0071,0.007111,0.0,0.0,0.003556,0.007111,0.0,0.0,0.0,,,0.0,,,0.0,,0.0,False,True,,,joy,,,,,,,,,,,,needs_llm
987,192,蜡梅,十二月,宋,黄庭坚,戏咏蜡梅二首,"其一
金蓓锁春寒, 恼人香未展。
虽无桃李颜， 风味极不浅。
其二
体熏山麝脐， 色染蔷薇露。
披拂不满襟， 时有暗香度。","第一首写蜡梅含苞未放。严冬方过，春寒犹烈，蜡梅枝上生出点点金黄的蓓蕾，透露着盎然生机，似要将春寒驱散。一个锁字，下得极有力，形象地表现出蜡梅的坚韧和傲劲。恼，撩拨之意，同首句一样，仍写蜡梅含苞，香气未展，语气中，带有热切的期待。末二句出之以议论，说蜡梅虽不似桃花和李花，有着艳丽的容颜，但它却极有风味，令人赞叹，所谓风味，既指朵蕾爽劲的风姿，也指其傲视严寒的品格，或许还具有其他意味，这就需要读者发挥自己的想象力了。黄庭坚作诗喜议论，这首小诗亦然。但是，议论并不意味着抽象和枯燥，如运用巧妙，反会加强诗中形象的生动和鲜明。这首诗将桃李与蜡梅进行比较，而出之以“风味极不浅""，以理性来强化感情和形象，刺激了读者的想象力，是以议论为诗的成功之作。
第二首写盛开的蜡梅。麝脐，即麝香，为雄麝脐下香腺的分泌物，香味强烈。如此，可知蜡梅已绽开，散发出浓郁的香气。蔷薇露，据任注引杨文公《谈苑》：“金陵宫人挼蔷薇水染生帛，一夕忘收，为浓露所渍，色倍鲜翠。按今龄南蔷薇露染衣辄黄。”此处诗人暗以蜡梅比美女服色，写其色美，不同凡俗。披拂，吹拂。末二句讲，用不着站得很近，微风吹过，远远地便能感到香气袭人。诗人用林逋的咏梅名句“暗香浮动月黄昏”来形容蜡梅，表示蜡梅和梅花一样，深得人们的贊赏和喜爱。
黄庭坚自己在诗后加注道：“京洛间有一种花，香气似梅，花五出而不能晶明，类女功捻蜡所成，京洛人因谓蜡梅。木身与叶乃类蒴蔽，高州家有灌丛，能香一园也。”可见蜡梅宋初才被文人发现，而形诸题咏似始于黄氏。宋人记载中也反映出这一点，如周紫芝(竹坡诗话>云：“东南之有蜡梅，盖自近时始。余为儿童时，犹未之见。元祐间，鲁直诸公方有诗，前此未尝有赋此诗者。”此外，前人还认为蜡梅难于赋咏。如宋代著名诗人范成大在《范村梅谱》中便说：“蜡梅香极清芬，殆过梅香，初不以形状贵也，故难题咏。山谷、简斋，但作五言小诗而已。”范氏所指，便是我们以上欣赏的两首小诗。从这个意义看，黄诗所达到的艺术高度，就更有着特殊的价值。
(张洪生）",议论、香气、有着、形象、读者,香气、议论、蔷薇、形象、风味,香气、议论、蔷薇、形象、风味、有着、京洛、出之以、麝脐、黄庭坚,5,0.5167,0,1.0,positive,joy,0.0108,0.010811,0.0,0.0,0.0,0.005405,0.003784,0.0,0.0,,,0.0,,,0.0,坚韧、高洁、傲寒,0.0,False,True,,,joy,坚韧、高洁、傲寒,,,,,,,,,,,needs_llm
979,198,水仙花,十二月,宋,无名氏,菩萨蛮,高梧叶下秋光晚，珍丛花出黄金盏。还似去年时，傍栏三两枝。 人情须耐之，花面长依旧。莫学蜜蜂儿，等闲悠颺飞。,"这首小词实际上是借写水仙花而起兴的。上片它简炼地写了水仙花的情态，而在下片则借题发挥，阐发了一种正义的人生理想，委婉地批评了薄幸小人和势利之徒的行径，从反面强调了一种高尚的人格风范的价值。
词的首句点明时间已是深秋，梧桐叶下，金风荡涤，风萧萧兮秋气深。在这样的时节，早发的水仙已经吐露容颜了。“黄金盏”本是单瓣水仙的……个名种，后来用它来泛指水仙花。不写水仙意态，而用“珍丛花出”，既表达了诗人对此花的挚爱，又遥写出了水仙随风摇曳、枝叶扶疏的娇姿。下面两句以“去年时”写尽“年年岁岁花相似，岁岁年年人不同”的深意。花儿同是“傍栏三两枝”，而“人情”却已不同，人世沧桑，诗人在上片煞尾时已对下片所抒之情作--导行，看似天然化工，其实深意却伏在此。
词的下片，单刀直人，直接写“人情”。词的作者也许是痛感世态炎凉的，他在下片一开始就呼出了“人情须耐久”的祈愿，看似直了些，但非如此不足以抒其痛切之情。继而，为了与“人情”相照，作者写了“花面”，花容是“长依旧”的。用花衬人，写出了人情之浅薄，可见作者深味其苦，如在喉，不吐不快。词写到了此，寓意已经十分明显了。但作者仍觉意犹未尽，最后奋笔疾书：“莫学蜜蜂儿，等闲悠飚飞。”蜜蜂本是没有情感的小生物，它依据维护自己物种的延续生存的尺度而生息繁衍，它是不懂情感的。但蜜蜂采花酿蜜，用自己的劳作为自己，也为人类带来了幸福。蜜蜂一般繁生于春至秋季，冬天隐匿，故它和水仙花是无缘的。由于蜜蜂上述生物特征，使它成了历代诗人的诗题。诗人大多頌扬之，写它勤劳、无私等等。然而此词却一反常意，直斥蜜蜂是东西飘飞、毫无定准的薄幸之徒，言语之忿，痛人骨髓。其实，诗人也知道，蜜蜂是没有罪过的，诗人在这儿是以它作个由头来抨击世人的寡情罢了。
诗人斥蜜蜂的无情正是写自己的多情。人们不应仅爱鲜丽秋艳的花儿，也应纪念那凋零的落英；不应只趋附那炙手可热的权贵，也应顾及坎坷不幸的友朋。这是诗人的理想。从花阐发到交友，阐发到做人，扩而大之为一种人生哲理，这正是这首小词的用意深刻之处。
(王海龙）",水仙花、水仙、下片、花儿、情感,蜜蜂、人情、水仙、水仙花、阐发,蜜蜂、人情、水仙、水仙花、阐发、下片、正是、不应、理想、已经,1,0.4086,3,1.0,positive,bold,0.0089,0.0,0.006704,0.0,0.008939,0.0,0.0,0.0,0.0,,,0.0,,,0.0,,0.0,False,True,,,bold,,,,,,,,,,,,needs_llm
966,200,水仙花,十二月,宋,刘攽,水仙花,"早于桃李晚于梅， 冰雪肌肤姑射来。
明月寒霜中夜静， 素娥青女共徘徊。","这是一首十分清丽而又具有鲜明的画面特征的小诗。尽管起首平平，但结语非凡，特别是它塑造的形象，它描绘的气氛，是一种超凡脱俗的境界。
绝句十分精炼，篇幅忒小，故它容不得闲笔墨。此诗首句写了水仙的自然特色，句不俊秀，也无险韵，乍看去平淡之极，这样一个短短的绝句，第一句就出此，似乎令人失望，没有什么惊人处了。然而诗人不愧为大手笔，接着就用极摇电的笔姿勾画了一个勾人心魄的画面：人们眼前一亮，一个绝代丽人翩若仙子悄然而降，她那明艳的肌肤晶莹似雪，使人想起了姑射之山的神女(姑射，典出《庄子·逍遥游>：“藐姑射之山有神人居焉，肌肤若冰雪，绰约若处子。”后以此形容绝色女子)，不敢仰视。接着，诗人写了一种凄寒的意境，然而这意境仍给人一种奇特的魅力，在静悄悄的夤夜，自然界的万物朦胧地罩上一层薄暮般的霜，霜色霭然且神秘，给人一种恍非人境之感，而此刻，皓月朗照好一幅迷离的幻景！就在这样的气氛中，那仙界的绝世丽姝—一月神素娥和霜神青女在飄然起舞，徘徊彳亍。 (此处用李商隐<霜月>诗“青女素娥俱耐冷，月中霜里斗婵娟”句意。)也许，她们忽忆起了人间的乐事，而有感于仙境的凄寂？也许，她们受不了广寒宫的阴冷，而渴求人间的温暖？也许，她们看到了下界的纷绘争讼，而怜悯哀叹世间的不幸？一一只有在夜间，在这明月寒霜的静夜，她们才能抒发一下孤苦的心志，相对而叹，这该是多么不幸呵！然而，她们又是圣洁的、高不可企及的，尽管她们孤独、可望而不可即…
这首诗题为咏水仙，却只字未写到水仙，既没有对水仙的直接描绘，也没有写水仙的特性，而是写了仙界女神，看似离题颇远。但究其实，这首诗恰牢牢地把握了咏水仙的精髓，他不用浅俗的类比，也不用类似物的借代，而把全诗作成了一个美妙的隐喻，用客体代替了主体。用它渲染的意境，用它烘托的情调的美表达了自己歌颂的主题。因而，又可以说，它每一句都是写的水仙，都紧扣了主题。诗人写的绰约仙姿都是与仙女分不开的，这些仙女都暗合水仙的特征，她们摇曳的美姿使人想起<洛神赋>中的水仙，而“冰雪肌肤”、“明月寒霜”，皎洁的肤色，月华如水的静夜都自然使人想到水，同时，“素娥青女”马上使人想到水仙花叶摇电的姿影，这首诗用的象喻真可谓天衣无缝，精巧至极！
这首小诗的可贵之处还在于它能引发类似联想,任何一个读者读到此诗，就不期而然地想到了水仙，由仙女的仙姿想到了水仙，由她们的性格想到了水仙花的性格，这几乎用不着什么人的提示，它引发的这种美感内容和美学效果又是多重的，有同一指向性的。这首诗除了情调的美外，又是我国古代咏花诗中的象征主义的佳作，可为当今创作者们研究和借鉴的精品。",水仙、想到、仙女、也许、水仙花,水仙、想到、意境、也许、首诗,水仙、想到、意境、也许、首诗、青女、肌肤、没有、仙女、气氛,1,0.6211,3,1.0,positive,serene,0.0086,0.0,0.0,0.0,0.0,0.003448,0.008621,0.0,0.0,,,0.0,,,0.0,,0.0,False,True,,,serene,,,,,,,,,,,,needs_llm
