ID,sample_id,花名,月份,朝代,作者,诗名,occasion,occasion_cn,occasion_conf,occasion_all,occasion_hits,relation,relation_cn,relation_conf,relation_all,symbolism,symbolism_preview,overall_conf,is_high_conf,needs_review
2,1,梅花,正月,南朝梁,鲍泉,咏梅花,homesick,思乡怀人,0.765,"[""homesick""]","[[""客居""]]",,,0.0,[],"[""坚韧"", ""高洁"", ""傲寒"", ""不屈""]",坚韧、高洁、傲寒,0.765,True,False
154,2,虞美人,正月,宋,刘克庄,沁园春,self_expression,托物言志,0.78,"[""self_expression"", ""departure"", ""retirement"", ""wedding""]","[[""自况"", ""言志"", ""抒怀""], [""出使"", ""上任""]]",self,自赠/自述,0.88,"[""self"", ""family"", ""lover""]",[],,0.83,True,False
150,3,虞美人,正月,宋,王沂孙,疏 影,farewell,送别,0.9,"[""farewell"", ""memorial"", ""homesick"", ""retirement"", ""self_expression""]","[[""别离"", ""临别"", ""赠别""], [""亡故""]]",lover,爱人,0.82,"[""lover""]",[],,0.86,True,False
149,4,虞美人,正月,宋,姜夔,疏 影,wedding,婚嫁,0.88,"[""wedding"", ""departure"", ""self_expression""]","[[""嫁""], [""出塞""]]",lover,爱人,0.82,"[""lover""]",[],,0.85,True,False
146,5,虞美人,正月,元,朱晞颜,一尊红,retirement,归隐,0.765,"[""retirement"", ""self_expression""]","[[""退隐""], [""寄托""]]",lover,爱人,0.82,"[""lover""]",[],,0.792,True,False
140,6,虞美人,正月,宋,李邴,汉宫春,self_expression,托物言志,0.78,"[""self_expression"", ""farewell"", ""wedding"", ""homesick"", ""retirement""]","[[""言志"", ""寄托""], [""惜别""]]",friend,友人,0.85,"[""friend"", ""family""]",[],,0.815,True,False
137,7,虞美人,正月,金,李献能,江梅引,,,0.0,[],[],lover,爱人,0.82,"[""lover""]",[],,0.82,True,False
136,8,虞美人,正月,宋,李清照,孤雁儿,wedding,婚嫁,0.88,"[""wedding"", ""self_expression""]","[[""鸳鸯""], [""寄托""]]",family,家人,0.85,"[""family"", ""lover""]",[],,0.865,True,False
135,9,虞美人,正月,宋,强至,渔家傲,self_expression,托物言志,0.585,"[""self_expression""]","[[""寄托""]]",lover,爱人,0.82,"[""lover""]",[],,0.702,True,False
127,10,梅花,正月,宋,陆游,朝中措,,,0.0,[],[],family,家人,0.85,"[""family"", ""lover""]","[""坚韧"", ""高洁"", ""傲寒"", ""不屈""]",坚韧、高洁、傲寒,0.85,True,False
155,11,虞美人,正月,宋,吴文英,贺新郎,,,0.0,[],[],teacher,师长,0.87,"[""teacher""]",[],,0.87,True,False
355,12,棠梨花,正月,清,杜文澜,东风第一枝,homesick,思乡怀人,0.765,"[""homesick"", ""self_expression""]","[[""故园""], [""寄托""]]",self,自赠/自述,0.88,"[""self""]",[],,0.823,True,False
157,13,迎春花,正月,唐,白居易.,代迎春花招刘郎中,promotion,升职祝贺,0.85,"[""promotion"", ""departure""]","[[""科举"", ""进士""], [""赴任""]]",friend,友人,0.85,"[""friend""]","[""春天"", ""希望"", ""新生""]",春天、希望、新生,0.85,True,False
5,14,梅花,正月,宋,苏轼,和秦太虚梅花,getwell,祝愿康复,0.83,"[""getwell""]","[[""病中"", ""卧病""]]",friend,友人,0.85,"[""friend"", ""lover""]","[""坚韧"", ""高洁"", ""傲寒"", ""不屈""]",坚韧、高洁、傲寒,0.84,True,False
6,15,梅花,正月,宋,苏轼,十一月二十六日，松风亭下梅花盛开，,farewell,送别,0.9,"[""farewell"", ""self_expression""]","[[""分别""], [""寄托""]]",,,0.0,[],"[""坚韧"", ""高洁"", ""傲寒"", ""不屈""]",坚韧、高洁、傲寒,0.9,True,False
7,16,梅花,正月,宋,苏轼,再用前韵,self_expression,托物言志,0.585,"[""self_expression""]","[[""寄托""]]",friend,友人,0.85,"[""friend"", ""teacher"", ""family""]","[""坚韧"", ""高洁"", ""傲寒"", ""不屈""]",坚韧、高洁、傲寒,0.718,True,False
12,17,梅花,正月,唐,李商隐,十一月中旬扶风界见梅花,self_expression,托物言志,0.78,"[""self_expression"", ""farewell"", ""wedding""]","[[""自比"", ""自喻"", ""寄托""], [""离别""]]",self,自赠/自述,0.88,"[""self"", ""family""]","[""坚韧"", ""高洁"", ""傲寒"", ""不屈""]",坚韧、高洁、傲寒,0.83,True,False
202,18,樱桃花,二月,宋,范成大,赏海棠三绝,,,0.0,[],[],,,0.0,[],[],,0.0,False,True
179,19,樱桃花,二月,宋,欧阳修,折海棠戏赠圣俞,self_expression,托物言志,0.78,"[""self_expression"", ""promotion"", ""departure""]","[[""言志""], [""仕途""]]",friend,友人,0.85,"[""friend""]",[],,0.815,True,False
181,20,樱桃花,二月,宋,苏轼,寓居定惠院之东，杂花溝山，有海棠一株，土人不知贵也,,,0.0,[],[],teacher,师长,0.87,"[""teacher"", ""lover""]",[],,0.87,True,False
182,21,樱桃花,二月,宋,陆游,张园海棠,,,0.0,[],[],family,家人,0.85,"[""family"", ""friend""]",[],,0.85,True,False
183,22,樱桃花,二月,宋,陆游,海棠歌,homesick,思乡怀人,0.765,"[""homesick""]","[[""漂泊""]]",teacher,师长,0.87,"[""teacher"", ""friend""]",[],,0.818,True,False
185,23,樱桃花,二月,宋,郭稹,海 棠,,,0.0,[],[],family,家人,0.85,"[""family""]",[],,0.85,True,False
187,24,樱桃花,二月,宋,刘子,海棠,farewell,送别,0.9,"[""farewell"", ""memorial"", ""wedding"", ""promotion"", ""retirement""]","[[""惜别"", ""依依惜别""], [""清明""]]",friend,友人,0.85,"[""friend"", ""teacher""]",[],,0.875,True,False
211,25,樱桃花,二月,金,蔡松年,黄海棠,retirement,归隐,0.765,"[""retirement""]","[[""归隐""]]",lover,爱人,0.82,"[""lover""]",[],,0.792,True,False
218,26,樱桃花,二月,宋,李清照,如梦令,,,0.0,[],[],lover,爱人,0.82,"[""lover""]",[],,0.82,True,False
224,27,樱桃花,二月,宋,吴文英,宴清都,wedding,婚嫁,0.88,"[""wedding""]","[[""鸳鸯""]]",family,家人,0.85,"[""family"", ""lover""]",[],,0.865,True,False
221,28,樱桃花,二月,宋,李鹰,南乡子,housewarming,乔迁新居,0.88,"[""housewarming"", ""promotion"", ""celebration""]","[[""乔迁"", ""迁居""], []]",,,0.0,[],[],,0.88,True,False
223,29,樱桃花,二月,宋,刘克庄,二月二十四夜饮海棠下作,farewell,送别,0.9,"[""farewell"", ""memorial""]","[[""惜别""], [""悼念""]]",teacher,师长,0.87,"[""teacher""]",[],,0.885,True,False
225,30,樱桃花,二月,宋,刘克庄,摸鱼儿,wedding,婚嫁,0.88,"[""wedding"", ""self_expression""]","[[""嫁""], [""自况""]]",lover,爱人,0.82,"[""lover"", ""self"", ""family""]",[],,0.85,True,False
226,31,桃花,二月,唐,杜甫,风雨看舟前落花戏为新句,,,0.0,[],[],,,0.0,[],"[""爱情"", ""美人"", ""春天"", ""桃源""]",爱情、美人、春天,0.0,False,True
227,32,桃花,二月,唐,李咸用,绯桃花歌,promotion,升职祝贺,0.765,"[""promotion"", ""homesick""]","[[""仕途""], [""漂泊""]]",,,0.0,[],"[""爱情"", ""美人"", ""春天"", ""桃源""]",爱情、美人、春天,0.765,True,False
219,33,樱桃花,二月,宋,吴潜,如梦令,homesick,思乡怀人,0.85,"[""homesick""]","[[""思乡"", ""故乡"", ""游子""]]",family,家人,0.85,"[""family""]",[],,0.85,True,False
495,34,杨花,三月,唐,刘禹锡,柳花词三首,farewell,送别,0.9,"[""farewell"", ""getwell""]","[[""送行""], [""慰问""]]",,,0.0,[],[],,0.9,True,False
406,35,牡丹,三月,宋,王沂孙,水龙吟,self_expression,托物言志,0.78,"[""self_expression""]","[[""抒怀"", ""寄托""]]",teacher,师长,0.87,"[""teacher""]","[""富贵"", ""繁荣"", ""国色"", ""雍容""]",富贵、繁荣、国色,0.825,True,False
481,36,虞美人,三月,元,张翥,喜迁莺,self_expression,托物言志,0.78,"[""self_expression"", ""farewell""]","[[""自喻"", ""寄托""], [""离别""]]",family,家人,0.85,"[""family""]",[],,0.815,True,False
388,37,牡丹,三月,唐,白居易,惜牡丹花,,,0.0,[],[],friend,友人,0.85,"[""friend""]","[""富贵"", ""繁荣"", ""国色"", ""雍容""]",富贵、繁荣、国色,0.85,True,False
369,38,牡丹,三月,唐,李商隐,牡 丹,promotion,升职祝贺,0.765,"[""promotion"", ""self_expression""]","[[""进士""], [""寄托""]]",teacher,师长,0.87,"[""teacher"", ""family"", ""colleague""]","[""富贵"", ""繁荣"", ""国色"", ""雍容""]",富贵、繁荣、国色,0.818,True,False
363,39,牡丹,三月,唐,李咸用,远公亭牡丹,memorial,悼念,0.92,"[""memorial""]","[[""清明""]]",lover,爱人,0.82,"[""lover""]","[""富贵"", ""繁荣"", ""国色"", ""雍容""]",富贵、繁荣、国色,0.87,True,False
470,40,金沙,三月,宋,杨万里,金沙花,wedding,婚嫁,0.88,"[""wedding"", ""self_expression""]","[[""嫁""], [""抒怀""]]",lover,爱人,0.82,"[""lover""]",[],,0.85,True,False
465,41,蔷薇,三月,宋,曹達,玲珑四犯,wedding,婚嫁,0.88,"[""wedding"", ""self_expression""]","[[""嫁""], [""寄托""]]",self,自赠/自述,0.88,"[""self"", ""family"", ""lover""]","[""爱情"", ""美丽"", ""春天""]",爱情、美丽、春天,0.88,True,False
505,42,杨花,三月,清,曹雪芹,如梦,wedding,婚嫁,0.88,"[""wedding"", ""homesick""]","[[""嫁""], [""羁旅""]]",family,家人,0.85,"[""family"", ""lover""]",[],,0.865,True,False
472,43,琼花,三月,宋,王禹偁,后土庙琼花诗二首,,,0.0,[],[],teacher,师长,0.87,"[""teacher""]",[],,0.87,True,False
466,44,蔷薇,三月,宋,刘克庄,贺新郎,,,0.0,[],[],family,家人,0.85,"[""family"", ""friend""]","[""爱情"", ""美丽"", ""春天""]",爱情、美丽、春天,0.85,True,False
440,45,蔷薇,三月,宋,周邦彦,六 丑,homesick,思乡怀人,0.765,"[""homesick"", ""self_expression""]","[[""羁旅""], [""寄托""]]",family,家人,0.85,"[""family"", ""lover""]","[""爱情"", ""美丽"", ""春天""]",爱情、美丽、春天,0.807,True,False
479,46,虞美人,三月,宋,赵以夫,扬州慢,farewell,送别,0.9,"[""farewell""]","[[""赠别""]]",family,家人,0.85,"[""family"", ""friend""]",[],,0.875,True,False
421,47,兰花,三月,清,秋瑾,兰 花,self_expression,托物言志,0.78,"[""self_expression"", ""memorial""]","[[""自喻"", ""自励"", ""寄托""], [""悼念"", ""哀悼""]]",self,自赠/自述,0.88,"[""self"", ""teacher"", ""family""]","[""高洁"", ""清雅"", ""君子"", ""淡泊""]",高洁、清雅、君子,0.83,True,False
512,48,杨花,三月,宋,周密,声声慢,homesick,思乡怀人,0.765,"[""homesick"", ""self_expression""]","[[""漂泊""], [""自喻""]]",lover,爱人,0.82,"[""lover"", ""family""]",[],,0.792,True,False
515,49,杨花,三月,宋,苏轼,水龙吟,,,0.0,[],[],lover,爱人,0.82,"[""lover"", ""family""]",[],,0.82,True,False
516,50,杨花,三月,明,赵南星,水龙吟,retirement,归隐,0.85,"[""retirement"", ""farewell"", ""promotion"", ""self_expression""]","[[""归隐"", ""隐居""], [""送别""]]",self,自赠/自述,0.88,"[""self"", ""family""]",[],,0.865,True,False
521,51,木棉花,三月,清,陈恭尹,木棉花歌,memorial,悼念,0.92,"[""memorial"", ""retirement""]","[[""悼念""], [""隐居""]]",family,家人,0.85,"[""family""]",[],,0.885,True,False
343,52,素馨,四月,宋,刘镇,念奴娇,,,0.0,[],[],,,0.0,[],[],,0.0,False,True
346,53,木兰,四月,宋,刘,木 兰,,,0.0,[],[],,,0.0,[],[],,0.0,False,True
345,54,剪春罗,四月,清,秋瑾,剪春罗,,,0.0,[],[],,,0.0,[],[],,0.0,False,True
339,55,绣球,四月,明,张新,绣 球,,,0.0,[],[],,,0.0,[],[],,0.0,False,True
329,56,月季,四月,宋,杨万里,腊前月季,,,0.0,[],[],,,0.0,[],[],,0.0,False,True
327,57,玉兰,四月,清,陈维崧,东风第一枝,,,0.0,[],[],,,0.0,[],[],,0.0,False,True
321,58,李花,四月,元,郑韶,梨 花,farewell,送别,0.9,"[""farewell"", ""self_expression""]","[[""别离"", ""分别""], [""寄托""]]",lover,爱人,0.82,"[""lover"", ""family""]",[],,0.86,True,False
228,59,桃花,四月,明,赵福元,桃 花,wedding,婚嫁,0.88,"[""wedding""]","[[""鸳鸯""]]",lover,爱人,0.82,"[""lover""]","[""爱情"", ""美人"", ""春天"", ""桃源""]",爱情、美人、春天,0.85,True,False
291,60,杏花,四月,明,陈子龙,画堂春,,,0.0,[],[],,,0.0,[],"[""春天"", ""喜悦"", ""美好""]",春天、喜悦、美好,0.0,False,True
259,61,桃花,四月,宋,贺铸,定风波,memorial,悼念,0.92,"[""memorial"", ""wedding""]","[[""清明""], [""嫁""]]",family,家人,0.85,"[""family"", ""lover""]","[""爱情"", ""美人"", ""春天"", ""桃源""]",爱情、美人、春天,0.885,True,False
260,62,桃花,四月,宋,王沂孙,露 华,farewell,送别,0.9,"[""farewell"", ""homesick""]","[[""送别"", ""赠别"", ""离别""], [""漂泊""]]",lover,爱人,0.82,"[""lover""]","[""爱情"", ""美人"", ""春天"", ""桃源""]",爱情、美人、春天,0.86,True,False
266,63,杏花,四月,宋,王安石,杏‘ 花,farewell,送别,0.9,"[""farewell"", ""memorial""]","[[""送别""], [""清明""]]",friend,友人,0.85,"[""friend""]","[""春天"", ""喜悦"", ""美好""]",春天、喜悦、美好,0.875,True,False
255,64,桃花,四月,明,陈宪章,潘岳爱桃,memorial,悼念,0.92,"[""memorial"", ""self_expression""]","[[""悼念"", ""悼亡""], [""寄托""]]",family,家人,0.85,"[""family"", ""friend""]","[""爱情"", ""美人"", ""春天"", ""桃源""]",爱情、美人、春天,0.885,True,False
268,65,杏花,四月,唐,韩愈,杏 花,farewell,送别,0.9,"[""farewell"", ""promotion""]","[[""分别""], [""仕途""]]",family,家人,0.85,"[""family""]","[""春天"", ""喜悦"", ""美好""]",春天、喜悦、美好,0.875,True,False
286,66,杏花,四月,宋,叶绍翁,游园不值,,,0.0,[],[],,,0.0,[],"[""春天"", ""喜悦"", ""美好""]",春天、喜悦、美好,0.0,False,True
542,67,芍药,四月,宋,韩元吉,浪淘沙,homesick,思乡怀人,0.765,"[""homesick"", ""departure"", ""self_expression""]","[[""故乡""], [""出使""]]",,,0.0,[],"[""离别"", ""爱情"", ""送别"", ""芳华""]",离别、爱情、送别,0.765,True,False
543,68,芍药,四月,宋,卢祖皋,水龙吟,farewell,送别,0.9,"[""farewell""]","[[""临别""]]",lover,爱人,0.82,"[""lover""]","[""离别"", ""爱情"", ""送别"", ""芳华""]",离别、爱情、送别,0.86,True,False
544,69,芍药,四月,宋,晁补之,望海潮,departure,赴任出行,0.783,"[""departure""]","[[""上任""]]",,,0.0,[],"[""离别"", ""爱情"", ""送别"", ""芳华""]",离别、爱情、送别,0.783,True,False
559,70,杜鹃,四月,宋,辛弃疾,定风波,self_expression,托物言志,0.78,"[""self_expression"", ""retirement""]","[[""自比"", ""自喻"", ""寄托""], [""隐居""]]",friend,友人,0.85,"[""friend"", ""self"", ""family""]",[],,0.815,True,False
564,71,虞美人,四月,宋,姜夔,赋虞美人草,self_expression,托物言志,0.585,"[""self_expression""]","[[""寄托""]]",lover,爱人,0.82,"[""lover"", ""family""]",[],,0.702,True,False
569,72,虞美人,四月,清,许氏,虞美人,memorial,悼念,0.92,"[""memorial"", ""self_expression""]","[[""哀思""], [""寄托""]]",family,家人,0.85,"[""family""]",[],,0.885,True,False
610,73,石竹,五月,宋,张耒,石竹花,,,0.0,[],[],,,0.0,[],[],,0.0,False,True
600,74,榴花,五月,宋,欧阳修,西园石榴开,,,0.0,[],[],,,0.0,[],[],,0.0,False,True
595,75,榴花,五月,唐,李白,咏邻女东窗海石榴,,,0.0,[],[],lover,爱人,0.82,"[""lover""]",[],,0.82,True,False
596,76,榴花,五月,宋,苏辙,赋园中所有,getwell,祝愿康复,0.747,"[""getwell""]","[[""沉疴""]]",family,家人,0.85,"[""family"", ""lover""]",[],,0.798,True,False
597,77,榴花,五月,明,吴宽,榴 花,self_expression,托物言志,0.78,"[""self_expression""]","[[""托物言志"", ""言志""]]",,,0.0,[],[],,0.78,True,False
608,78,榴花,五月,宋,苏轼,贺新郎,self_expression,托物言志,0.78,"[""self_expression"", ""promotion""]","[[""自喻"", ""寄托""], [""仕途""]]",teacher,师长,0.87,"[""teacher""]",[],,0.825,True,False
598,79,榴花,五月,金,元格,榴 花,,,0.0,[],[],,,0.0,[],[],,0.0,False,True
615,80,栀子花,五月,宋,朱淑真,栀 子,promotion,升职祝贺,0.765,"[""promotion"", ""homesick"", ""retirement""]","[[""进士""], [""归乡""]]",family,家人,0.85,"[""family"", ""lover""]",[],,0.807,True,False
599,81,榴花,五月,唐,温庭筠,海 榴,farewell,送别,0.9,"[""farewell"", ""self_expression""]","[[""别离""], [""寄托""]]",,,0.0,[],[],,0.9,True,False
614,82,栀子花,五月,唐,王建,雨过山村,retirement,归隐,0.765,"[""retirement""]","[[""山居""]]",family,家人,0.85,"[""family""]",[],,0.807,True,False
601,83,榴花,五月,宋,朱熹,榴 花,,,0.0,[],[],,,0.0,[],[],,0.0,False,True
603,84,榴花,五月,唐,韩愈,榴 花,homesick,思乡怀人,0.765,"[""homesick""]","[[""漂泊""]]",friend,友人,0.85,"[""friend""]",[],,0.807,True,False
607,85,榴花,五月,宋,王沂孙,庆清朝,self_expression,托物言志,0.78,"[""self_expression""]","[[""自喻"", ""寄托""]]",family,家人,0.85,"[""family""]",[],,0.815,True,False
612,86,石竹,五月,元,蒲道源,赋石竹,,,0.0,[],[],,,0.0,[],[],,0.0,False,True
609,87,石竹,五月,唐,王绩,石竹咏,self_expression,托物言志,0.585,"[""self_expression""]","[[""言志""]]",teacher,师长,0.87,"[""teacher"", ""family""]",[],,0.728,True,False
611,88,石竹,五月,宋,王安石,石竹花,self_expression,托物言志,0.78,"[""self_expression""]","[[""自况"", ""抒怀""]]",self,自赠/自述,0.88,"[""self""]",[],,0.83,True,False
872,89,菊花,六月,唐,黄巢,题菊花,,,0.0,[],[],,,0.0,[],"[""隐逸"", ""清雅"", ""傲霜"", ""高洁""]",隐逸、清雅、傲霜,0.0,False,True
663,90,木芙蓉,六月,唐,陆龟蒙,白 莲,promotion,升职祝贺,0.765,"[""promotion"", ""retirement""]","[[""科举""], [""归隐""]]",family,家人,0.85,"[""family"", ""teacher"", ""lover""]","[""高洁"", ""美丽"", ""秋天""]",高洁、美丽、秋天,0.807,True,False
642,91,荷花,六月,唐,温庭筠,张静婉采莲曲,wedding,婚嫁,0.88,"[""wedding""]","[[""鸳鸯""]]",lover,爱人,0.82,"[""lover""]","[""高洁"", ""纯洁"", ""出淤泥而不染"", ""清廉""]",高洁、纯洁、出淤泥而不染,0.85,True,False
704,92,虞美人,六月,宋,王沂孙,水龙吟白莲,self_expression,托物言志,0.585,"[""self_expression""]","[[""自喻""]]",teacher,师长,0.87,"[""teacher"", ""family"", ""lover""]",[],,0.728,True,False
639,93,荷花,六月,唐,韩愈,奉酬卢给事云夫四兄曲江荷花行见寄并呈上钱七兄阁老张十八助教,self_expression,托物言志,0.585,"[""self_expression""]","[[""自喻""]]",family,家人,0.85,"[""family"", ""friend"", ""lover""]","[""高洁"", ""纯洁"", ""出淤泥而不染"", ""清廉""]",高洁、纯洁、出淤泥而不染,0.718,True,False
638,94,荷花,六月,唐,王勃,采莲曲,,,0.0,[],[],lover,爱人,0.82,"[""lover"", ""family""]","[""高洁"", ""纯洁"", ""出淤泥而不染"", ""清廉""]",高洁、纯洁、出淤泥而不染,0.82,True,False
696,95,木芙蓉,六月,明,王夫之,玉楼春,retirement,归隐,0.85,"[""retirement"", ""self_expression"", ""wedding""]","[[""归隐"", ""隐居""], [""自喻"", ""寄托""]]",family,家人,0.85,"[""family"", ""lover""]","[""高洁"", ""美丽"", ""秋天""]",高洁、美丽、秋天,0.85,True,False
637,96,荷花,六月,清,胡天游,观鑫,retirement,归隐,0.765,"[""retirement""]","[[""归隐""]]",teacher,师长,0.87,"[""teacher""]","[""高洁"", ""纯洁"", ""出淤泥而不染"", ""清廉""]",高洁、纯洁、出淤泥而不染,0.818,True,False
636,97,荷花,六月,金,萧贡古,采莲曲,memorial,悼念,0.92,"[""memorial"", ""wedding""]","[[""清明""], [""鸳鸯""]]",lover,爱人,0.82,"[""lover"", ""teacher""]","[""高洁"", ""纯洁"", ""出淤泥而不染"", ""清廉""]",高洁、纯洁、出淤泥而不染,0.87,True,False
699,98,虞美人,六月,宋,贺铸,踏莎行,wedding,婚嫁,0.88,"[""wedding"", ""promotion"", ""self_expression""]","[[""鸳鸯"", ""嫁""], [""进士"", ""仕途""]]",friend,友人,0.85,"[""friend"", ""lover"", ""self""]",[],,0.865,True,False
701,99,虞美人,六月,宋,姜夔,惜红衣,,,0.0,[],[],friend,友人,0.85,"[""friend""]",[],,0.85,True,False
702,100,虞美人,六月,宋,康与之,洞仙歌令,farewell,送别,0.9,"[""farewell"", ""wedding""]","[[""惜别"", ""依依惜别""], [""嫁""]]",family,家人,0.85,"[""family""]",[],,0.875,True,False
703,101,虞美人,六月,宋,王沂孙,水龙吟,,,0.0,[],[],,,0.0,[],[],,0.0,False,True
706,102,虞美人,六月,金,元好问,迈陂塘,self_expression,托物言志,0.585,"[""self_expression""]","[[""寄托""]]",lover,爱人,0.82,"[""lover""]",[],,0.702,True,False
707,103,虞美人,六月,元,李冶,迈陂塘,wedding,婚嫁,0.88,"[""wedding""]","[[""鸳鸯""]]",lover,爱人,0.82,"[""lover""]",[],,0.85,True,False
708,104,虞美人,六月,宋,姜夔,念奴娇,farewell,送别,0.9,"[""farewell"", ""wedding"", ""homesick""]","[[""送别""], [""鸳鸯""]]",lover,爱人,0.82,"[""lover""]",[],,0.86,True,False
759,105,秋海棠,七月,清,高士奇,南柯子,,,0.0,[],[],lover,爱人,0.82,"[""lover""]",[],,0.82,True,False
756,106,秋海棠,七月,清,朱受新,白秋海棠,,,0.0,[],[],,,0.0,[],[],,0.0,False,True
749,107,木槿,七月,唐,杨凌,咏槿花,farewell,送别,0.9,"[""farewell""]","[[""分别""]]",family,家人,0.85,"[""family""]",[],,0.875,True,False
782,108,芦花,七月,金,吴激,同儿曹赋芦花,homesick,思乡怀人,0.85,"[""homesick""]","[[""思乡"", ""游子"", ""异乡""]]",,,0.0,[],[],,0.85,True,False
747,109,木槿,七月,明,吴宽,槿,,,0.0,[],[],,,0.0,[],[],,0.0,False,True
746,110,木槿,七月,元,舒頔,白槿花,,,0.0,[],[],lover,爱人,0.82,"[""lover""]",[],,0.82,True,False
760,111,秋海棠,七月,清,龙启瑞,蝶恋花,,,0.0,[],[],lover,爱人,0.82,"[""lover""]",[],,0.82,True,False
748,112,木槿,七月,唐,李商隐,槿 花(其-),farewell,送别,0.9,"[""farewell""]","[[""分别""]]",,,0.0,[],[],,0.9,True,False
764,113,蓼花,七月,宋,宋祁,蓼 花,self_expression,托物言志,0.78,"[""self_expression""]","[[""自喻"", ""抒怀""]]",friend,友人,0.85,"[""friend""]",[],,0.815,True,False
783,114,芦花,七月,明,徐,芦 花,,,0.0,[],[],lover,爱人,0.82,"[""lover"", ""family"", ""friend""]",[],,0.82,True,False
789,115,金银花,七月,清,王夫之,金钗股,retirement,归隐,0.765,"[""retirement""]","[[""隐逸""]]",family,家人,0.85,"[""family""]",[],,0.807,True,False
791,116,曼陀罗,七月,宋,陈与义,曼陀罗,promotion,升职祝贺,0.765,"[""promotion""]","[[""及第""]]",,,0.0,[],[],,0.765,True,False
768,117,蓼花,七月,清,朱彝尊,迷仙引,,,0.0,[],[],family,家人,0.85,"[""family"", ""lover""]",[],,0.85,True,False
770,118,蓼花,七月,清,杨芳灿,水龙吟蓼花,homesick,思乡怀人,0.85,"[""homesick"", ""wedding""]","[[""思乡"", ""故乡"", ""游子""], [""鸳鸯""]]",lover,爱人,0.82,"[""lover""]",[],,0.835,True,False
774,119,鸡冠花,七月,元,姚文奂,题画鸡冠花,celebration,喜庆祝贺,0.615,"[""celebration""]","[[""吉祥""]]",,,0.0,[],[],,0.615,False,False
781,120,紫薇,七月,宋,陆游,紫 薇,promotion,升职祝贺,0.765,"[""promotion"", ""self_expression""]","[[""进士""], [""抒怀""]]",,,0.0,[],[],,0.765,True,False
800,121,桂花,八月,宋,苏轼,八月十七日天竺山送桂花分贈元素,promotion,升职祝贺,0.85,"[""promotion""]","[[""及第"", ""登科""]]",,,0.0,[],"[""富贵"", ""吉祥"", ""月亮"", ""科举""]",富贵、吉祥、月亮,0.85,True,False
804,122,桂花,八月,唐,白居易,东城桂,self_expression,托物言志,0.585,"[""self_expression""]","[[""寄托""]]",lover,爱人,0.82,"[""lover"", ""family""]","[""富贵"", ""吉祥"", ""月亮"", ""科举""]",富贵、吉祥、月亮,0.702,True,False
817,123,桂花,八月,宋,吴文英,古香慢,homesick,思乡怀人,0.765,"[""homesick""]","[[""故园""]]",teacher,师长,0.87,"[""teacher"", ""family"", ""lover""]","[""富贵"", ""吉祥"", ""月亮"", ""科举""]",富贵、吉祥、月亮,0.818,True,False
824,124,秋葵,八月,宋,晏殊,菩萨蛮,self_expression,托物言志,0.78,"[""self_expression""]","[[""自喻"", ""抒怀""]]",,,0.0,[],[],,0.78,True,False
827,125,滴滴金,八月,宋,陶弱,滴滴金,promotion,升职祝贺,0.765,"[""promotion""]","[[""及第""]]",family,家人,0.85,"[""family""]",[],,0.807,True,False
829,126,金钱花,八月,唐,罗隐,咏金钱花,promotion,升职祝贺,0.765,"[""promotion""]","[[""进士""]]",,,0.0,[],[],,0.765,True,False
832,127,蘋花,八月,清,岑霁,蘋 花,homesick,思乡怀人,0.85,"[""homesick"", ""wedding""]","[[""思乡"", ""乡愁"", ""思归""], [""鸳鸯""]]",family,家人,0.85,"[""family"", ""lover""]",[],,0.85,True,False
857,128,菊花,八月,明,陈宪章,晚香轩,retirement,归隐,0.765,"[""retirement"", ""self_expression""]","[[""归隐""], [""自况""]]",self,自赠/自述,0.88,"[""self"", ""teacher""]","[""隐逸"", ""清雅"", ""傲霜"", ""高洁""]",隐逸、清雅、傲霜,0.823,True,False
856,129,菊花,八月,明,高启,晚香轩,retirement,归隐,0.85,"[""retirement"", ""homesick""]","[[""归隐"", ""隐居"", ""辞官""], [""漂泊""]]",,,0.0,[],"[""隐逸"", ""清雅"", ""傲霜"", ""高洁""]",隐逸、清雅、傲霜,0.85,True,False
798,130,桂花,八月,宋,曾几,岩 桂,retirement,归隐,0.765,"[""retirement""]","[[""隐居""]]",family,家人,0.85,"[""family""]","[""富贵"", ""吉祥"", ""月亮"", ""科举""]",富贵、吉祥、月亮,0.807,True,False
853,131,菊花,八月,唐,李山甫,刘员外寄移菊,wedding,婚嫁,0.88,"[""wedding"", ""promotion"", ""self_expression""]","[[""嫁""], [""进士""]]",self,自赠/自述,0.88,"[""self"", ""colleague""]","[""隐逸"", ""清雅"", ""傲霜"", ""高洁""]",隐逸、清雅、傲霜,0.88,True,False
796,132,桂花,八月,元,倪瓒,桂 花,celebration,喜庆祝贺,0.82,"[""celebration"", ""wedding"", ""homesick"", ""departure""]","[[""庆贺"", ""大喜""], [""鸳鸯""]]",friend,友人,0.85,"[""friend"", ""lover""]","[""富贵"", ""吉祥"", ""月亮"", ""科举""]",富贵、吉祥、月亮,0.835,True,False
850,133,菊花,八月,明,文森,九 日,homesick,思乡怀人,0.85,"[""homesick""]","[[""思乡"", ""客居"", ""异乡""]]",,,0.0,[],"[""隐逸"", ""清雅"", ""傲霜"", ""高洁""]",隐逸、清雅、傲霜,0.85,True,False
793,134,桂花,八月,唐,李白,咏 桂,self_expression,托物言志,0.585,"[""self_expression""]","[[""抒怀""]]",self,自赠/自述,0.88,"[""self"", ""family""]","[""富贵"", ""吉祥"", ""月亮"", ""科举""]",富贵、吉祥、月亮,0.732,True,False
792,135,桂花,八月,唐,王绩,春桂问答二首,,,0.0,[],[],,,0.0,[],"[""富贵"", ""吉祥"", ""月亮"", ""科举""]",富贵、吉祥、月亮,0.0,False,True
813,136,桂花,八月,宋,谢懋,霜天晓角,self_expression,托物言志,0.585,"[""self_expression""]","[[""抒怀""]]",,,0.0,[],"[""富贵"", ""吉祥"", ""月亮"", ""科举""]",富贵、吉祥、月亮,0.585,False,False
839,137,菊花,九月,明,李东阳,墨菊二首(其二),self_expression,托物言志,0.585,"[""self_expression""]","[[""寄托""]]",,,0.0,[],"[""隐逸"", ""清雅"", ""傲霜"", ""高洁""]",隐逸、清雅、傲霜,0.585,False,False
903,138,雁来红,九月,清,边浴礼,绛都春,,,0.0,[],[],lover,爱人,0.82,"[""lover""]",[],,0.82,True,False
840,139,菊花,九月,南朝梁,萧纲,采菊篇,wedding,婚嫁,0.88,"[""wedding""]","[[""嫁""]]",family,家人,0.85,"[""family""]","[""隐逸"", ""清雅"", ""傲霜"", ""高洁""]",隐逸、清雅、傲霜,0.865,True,False
899,140,菊花,九月,宋,黄庭坚,南乡子,memorial,悼念,0.92,"[""memorial"", ""celebration"", ""self_expression""]","[[""清明""], [""大喜""]]",friend,友人,0.85,"[""friend""]","[""隐逸"", ""清雅"", ""傲霜"", ""高洁""]",隐逸、清雅、傲霜,0.885,True,False
841,141,菊花,九月,宋,陆游,山园草间菊数枝开，席地独酌,self_expression,托物言志,0.585,"[""self_expression""]","[[""自况""]]",self,自赠/自述,0.88,"[""self""]","[""隐逸"", ""清雅"", ""傲霜"", ""高洁""]",隐逸、清雅、傲霜,0.732,True,False
837,142,菊花,九月,宋,陆游,菊 花,self_expression,托物言志,0.585,"[""self_expression""]","[[""言志""]]",self,自赠/自述,0.88,"[""self"", ""family""]","[""隐逸"", ""清雅"", ""傲霜"", ""高洁""]",隐逸、清雅、傲霜,0.732,True,False
843,143,菊花,九月,唐,顾非熊,万年厉员外宅赏残菊,retirement,归隐,0.765,"[""retirement""]","[[""隐居""]]",,,0.0,[],"[""隐逸"", ""清雅"", ""傲霜"", ""高洁""]",隐逸、清雅、傲霜,0.765,True,False
847,144,菊花,九月,明,何景明,八月二十八日子容过对菊,homesick,思乡怀人,0.85,"[""homesick"", ""wedding"", ""promotion""]","[[""思乡"", ""客居"", ""羁旅""], [""洞房"", ""花烛""]]",friend,友人,0.85,"[""friend""]","[""隐逸"", ""清雅"", ""傲霜"", ""高洁""]",隐逸、清雅、傲霜,0.85,True,False
835,145,菊花,九月,宋,梅尧臣,舟上采菊,memorial,悼念,0.92,"[""memorial""]","[[""祭奠"", ""悼亡""]]",family,家人,0.85,"[""family"", ""lover""]","[""隐逸"", ""清雅"", ""傲霜"", ""高洁""]",隐逸、清雅、傲霜,0.885,True,False
898,146,菊花,九月,宋,张孝祥,鹪鸪天,,,0.0,[],[],lover,爱人,0.82,"[""lover""]","[""隐逸"", ""清雅"", ""傲霜"", ""高洁""]",隐逸、清雅、傲霜,0.82,True,False
834,147,菊花,九月,晋,陶渊明,饮 酒（其五）,,,0.0,[],[],,,0.0,[],"[""隐逸"", ""清雅"", ""傲霜"", ""高洁""]",隐逸、清雅、傲霜,0.0,False,True
833,148,菊花,九月,晋,陶渊明,和郭主簿二首(其二),retirement,归隐,0.765,"[""retirement"", ""self_expression""]","[[""归隐""], [""寄托""]]",self,自赠/自述,0.88,"[""self""]","[""隐逸"", ""清雅"", ""傲霜"", ""高洁""]",隐逸、清雅、傲霜,0.823,True,False
900,149,菊花,九月,清,董元恺,小桃红,retirement,归隐,0.85,"[""retirement""]","[[""隐居"", ""隐逸""]]",self,自赠/自述,0.88,"[""self"", ""lover""]","[""隐逸"", ""清雅"", ""傲霜"", ""高洁""]",隐逸、清雅、傲霜,0.865,True,False
895,150,菊花,九月,清,叶申芗,阮郎归,,,0.0,[],[],,,0.0,[],"[""隐逸"", ""清雅"", ""傲霜"", ""高洁""]",隐逸、清雅、傲霜,0.0,False,True
897,151,菊花,九月,宋,黄庭坚,鹧鸪天,self_expression,托物言志,0.78,"[""self_expression""]","[[""抒怀"", ""寄托""]]",friend,友人,0.85,"[""friend""]","[""隐逸"", ""清雅"", ""傲霜"", ""高洁""]",隐逸、清雅、傲霜,0.815,True,False
896,152,菊花,九月,清,龚自珍,卖花声,homesick,思乡怀人,0.765,"[""homesick""]","[[""羁旅""]]",friend,友人,0.85,"[""friend""]","[""隐逸"", ""清雅"", ""傲霜"", ""高洁""]",隐逸、清雅、傲霜,0.807,True,False
943,153,野菊,十月,宋,张鎡,如梦令,,,0.0,[],[],,,0.0,[],[],,0.0,False,True
938,154,野菊,十月,金,元好问,野菊座主闲闲公命作,self_expression,托物言志,0.78,"[""self_expression"", ""wedding""]","[[""自况"", ""明志"", ""抒怀""], [""新婚"", ""洞房""]]",self,自赠/自述,0.88,"[""self"", ""family""]",[],,0.83,True,False
939,155,野菊,十月,金,元好问,野菊再奉座主闲闲公命作,self_expression,托物言志,0.585,"[""self_expression""]","[[""自况""]]",self,自赠/自述,0.88,"[""self"", ""teacher""]",[],,0.732,True,False
934,156,甘菊,十月,唐,杜甫,叹庭前甘菊花,self_expression,托物言志,0.585,"[""self_expression""]","[[""自况""]]",self,自赠/自述,0.88,"[""self""]",[],,0.732,True,False
933,157,甘菊,十月,宋,苏轼,咏甘菊,self_expression,托物言志,0.585,"[""self_expression""]","[[""自况""]]",teacher,师长,0.87,"[""teacher"", ""self"", ""family""]",[],,0.728,True,False
932,158,木芙蓉,十月,清,王又曾,酷相思,homesick,思乡怀人,0.85,"[""homesick""]","[[""客居"", ""羁旅""]]",lover,爱人,0.82,"[""lover""]","[""高洁"", ""美丽"", ""秋天""]",高洁、美丽、秋天,0.835,True,False
905,159,雁来红,十月,明,释道衍,茶轩为陈惟寅赋,homesick,思乡怀人,0.765,"[""homesick"", ""retirement""]","[[""还乡""], [""辞官""]]",family,家人,0.85,"[""family"", ""friend""]",[],,0.807,True,False
906,160,雁来红,十月,宋,苏轼,茶轩为陈惟寅赋,promotion,升职祝贺,0.765,"[""promotion""]","[[""仕途""]]",teacher,师长,0.87,"[""teacher"", ""family""]",[],,0.818,True,False
909,161,山茶,十月,宋,苏轼,邵伯梵行寺山茶,,,0.0,[],[],friend,友人,0.85,"[""friend"", ""lover""]",[],,0.85,True,False
915,162,山茶花,十月,清,叶申芗,木兰花慢,farewell,送别,0.9,"[""farewell""]","[[""分别""]]",,,0.0,[],[],,0.9,True,False
917,163,木芙蓉,十月,宋,苏轼,王伯扬所藏赵昌芙蓉,wedding,婚嫁,0.88,"[""wedding""]","[[""嫁""]]",,,0.0,[],"[""高洁"", ""美丽"", ""秋天""]",高洁、美丽、秋天,0.88,True,False
919,164,木芙蓉,十月,明,申时行,芙蓉,promotion,升职祝贺,0.765,"[""promotion"", ""homesick"", ""self_expression""]","[[""进士""], [""归乡""]]",lover,爱人,0.82,"[""lover""]","[""高洁"", ""美丽"", ""秋天""]",高洁、美丽、秋天,0.792,True,False
925,165,木芙蓉,十月,宋,张耒,芙 蓉,,,0.0,[],[],,,0.0,[],"[""高洁"", ""美丽"", ""秋天""]",高洁、美丽、秋天,0.0,False,True
931,166,木芙蓉,十月,宋,赵昂,婆罗门引,,,0.0,[],[],self,自赠/自述,0.88,"[""self""]","[""高洁"", ""美丽"", ""秋天""]",高洁、美丽、秋天,0.88,True,False
937,167,野菊,十月,唐,李商隐,野菊,memorial,悼念,0.92,"[""memorial"", ""self_expression""]","[[""追思""], [""寄托""]]",friend,友人,0.85,"[""friend""]",[],,0.885,True,False
926,168,木芙蓉,十月,宋,范成大,窗前木芙蓉,wedding,婚嫁,0.88,"[""wedding""]","[[""嫁""]]",,,0.0,[],"[""高洁"", ""美丽"", ""秋天""]",高洁、美丽、秋天,0.88,True,False
954,169,红梅,十一月,明,僧德辉,题红梅,retirement,归隐,0.765,"[""retirement""]","[[""隐居""]]",,,0.0,[],[],,0.765,True,False
960,170,红梅,十一月,宋,苏轼,定风波,self_expression,托物言志,0.585,"[""self_expression""]","[[""言志""]]",teacher,师长,0.87,"[""teacher"", ""family"", ""lover""]",[],,0.728,True,False
959,171,红梅,十一月,宋,姜夔,小重山,self_expression,托物言志,0.585,"[""self_expression""]","[[""寄托""]]",teacher,师长,0.87,"[""teacher"", ""lover""]",[],,0.728,True,False
956,172,红梅,十一月,宋,高观国,留春 令,,,0.0,[],[],family,家人,0.85,"[""family""]",[],,0.85,True,False
957,173,红梅,十一月,宋,毛滂,玉楼春,self_expression,托物言志,0.78,"[""self_expression""]","[[""自比"", ""自喻""]]",self,自赠/自述,0.88,"[""self""]",[],,0.83,True,False
944,174,红梅,十一月,宋,范成大,红 梅,,,0.0,[],[],family,家人,0.85,"[""family""]",[],,0.85,True,False
945,175,红梅,十一月,宋,范成大,岭上红梅,homesick,思乡怀人,0.765,"[""homesick""]","[[""游子""]]",family,家人,0.85,"[""family"", ""lover""]",[],,0.807,True,False
946,176,红梅,十一月,宋,梅尧臣,红 梅,self_expression,托物言志,0.78,"[""self_expression"", ""retirement""]","[[""自比""], [""山居""]]",self,自赠/自述,0.88,"[""self"", ""family""]",[],,0.83,True,False
947,177,红梅,十一月,宋,苏轼,红 梅,,,0.0,[],[],,,0.0,[],[],,0.0,False,True
958,178,红梅,十一月,宋,真德秀,蝶恋花,,,0.0,[],[],teacher,师长,0.87,"[""teacher"", ""friend"", ""lover""]",[],,0.87,True,False
949,179,红梅,十一月,明,黄肃,红 梅,homesick,思乡怀人,0.765,"[""homesick"", ""self_expression""]","[[""羁旅""], [""寄托""]]",friend,友人,0.85,"[""friend"", ""lover""]",[],,0.807,True,False
951,180,红梅,十一月,元,王冕,红梅四首(其一),,,0.0,[],[],,,0.0,[],[],,0.0,False,True
948,181,红梅,十一月,宋,范成大,红 梅,memorial,悼念,0.92,"[""memorial"", ""self_expression""]","[[""清明""], [""寄托""]]",teacher,师长,0.87,"[""teacher"", ""lover""]",[],,0.895,True,False
955,182,红梅,十一月,清,龚自珍,种红梅一株于竹下赋此,self_expression,托物言志,0.585,"[""self_expression""]","[[""寄托""]]",lover,爱人,0.82,"[""lover""]",[],,0.702,True,False
953,183,红梅,十一月,明,李东阳,题延平刘郎中廷信所藏红梅,promotion,升职祝贺,0.765,"[""promotion"", ""self_expression""]","[[""仕途""], [""自喻""]]",,,0.0,[],[],,0.765,True,False
952,184,红梅,十一月,元,王冕,红梅四首(其二),retirement,归隐,0.765,"[""retirement""]","[[""隐居""]]",friend,友人,0.85,"[""friend""]",[],,0.807,True,False
974,185,水仙花,十二月,明,文征明,水 仙,,,0.0,[],[],family,家人,0.85,"[""family""]",[],,0.85,True,False
999,186,瑞香,十二月,宋,苏轼,西江月,,,0.0,[],[],family,家人,0.85,"[""family""]",[],,0.85,True,False
997,187,瑞香,十二月,宋,朱淑真,咏瑞香,celebration,喜庆祝贺,0.615,"[""celebration""]","[[""祥瑞""]]",lover,爱人,0.82,"[""lover""]",[],,0.718,True,False
996,188,瑞香,十二月,宋,杨万里,瑞香花新开(五首之一),celebration,喜庆祝贺,0.615,"[""celebration""]","[[""祥瑞""]]",,,0.0,[],[],,0.615,False,False
995,189,瑞香,十二月,宋,范成大,瑞香花,celebration,喜庆祝贺,0.615,"[""celebration""]","[[""祥瑞""]]",,,0.0,[],[],,0.615,False,False
961,190,水仙花,十二月,宋,黄庭坚,王充道送水仙花五十枝,,,0.0,[],[],,,0.0,[],[],,0.0,False,True
962,191,水仙花,十二月,宋,刘克庄,水仙花,,,0.0,[],[],,,0.0,[],[],,0.0,False,True
987,192,蜡梅,十二月,宋,黄庭坚,戏咏蜡梅二首,,,0.0,[],[],,,0.0,[],"[""坚韧"", ""高洁"", ""傲寒""]",坚韧、高洁、傲寒,0.0,False,True
985,193,蜡梅,十二月,宋,苏轼,蜡梅一首贈赵景貺,farewell,送别,0.9,"[""farewell""]","[[""分别""]]",teacher,师长,0.87,"[""teacher""]","[""坚韧"", ""高洁"", ""傲寒""]",坚韧、高洁、傲寒,0.885,True,False
986,194,蜡梅,十二月,宋,陆游,荀秀才送蜡梅十枝奇甚为赋此诗,self_expression,托物言志,0.585,"[""self_expression""]","[[""寄托""]]",family,家人,0.85,"[""family"", ""friend""]","[""坚韧"", ""高洁"", ""傲寒""]",坚韧、高洁、傲寒,0.718,True,False
984,195,水仙花,十二月,宋,辛弃疾,贺新郎,self_expression,托物言志,0.78,"[""self_expression""]","[[""抒怀"", ""寄托""]]",,,0.0,[],[],,0.78,True,False
983,196,水仙花,十二月,宋,王沂孙,庆宫春,memorial,悼念,0.92,"[""memorial""]","[[""悼念""]]",lover,爱人,0.82,"[""lover""]",[],,0.87,True,False
982,197,水仙花,十二月,宋,高观国,金人捧露盘,farewell,送别,0.9,"[""farewell"", ""self_expression""]","[[""分别""], [""寄托""]]",,,0.0,[],[],,0.9,True,False
979,198,水仙花,十二月,宋,无名氏,菩萨蛮,,,0.0,[],[],,,0.0,[],[],,0.0,False,True
975,199,水仙,十二月,清,陶孚尹,水仙花,,,0.0,[],[],family,家人,0.85,"[""family""]","[""高洁"", ""清雅"", ""凌波"", ""思念""]",高洁、清雅、凌波,0.85,True,False
966,200,水仙花,十二月,宋,刘攽,水仙花,,,0.0,[],[],,,0.0,[],[],,0.0,False,True
