ID,sample_id,花名,月份,朝代,作者,诗名,top20_words,top5_preview
2,1,梅花,正月,南朝梁,鲍泉,咏梅花,"[[""纤手"", 0.7484], [""可怜"", 0.6632]]",纤手、可怜
154,2,虞美人,正月,宋,刘克庄,沁园春,"[[""茅舍"", 0.4207], [""不敢"", 0.3975], [""汉宫"", 0.3794], [""处士"", 0.3794], [""芬芳"", 0.3794], [""凄凉"", 0.3414], [""梅花"", 0.3414]]",茅舍、不敢、汉宫、处士、芬芳
150,3,虞美人,正月,宋,王沂孙,疏 影,"[[""犹记"", 0.5526], [""参差"", 0.5275], [""相思"", 0.4897], [""东风"", 0.4201]]",犹记、参差、相思、东风
149,4,虞美人,正月,宋,姜夔,疏 影,"[[""金屋"", 0.3985], [""幽香"", 0.3764], [""犹记"", 0.3764], [""幽独"", 0.3764], [""归来"", 0.3454], [""相逢"", 0.3454], [""江南"", 0.3144], [""春风"", 0.2805]]",金屋、幽香、犹记、幽独、归来
146,5,虞美人,正月,元,朱晞颜,一尊红,"[[""长恨"", 0.5334], [""空山"", 0.5334], [""清浅"", 0.5039], [""东君"", 0.4208]]",长恨、空山、清浅、东君
140,6,虞美人,正月,宋,李邴,汉宫春,"[[""茅舍"", 0.3356], [""竹篱"", 0.3356], [""却是"", 0.3171], [""清浅"", 0.3171], [""冷落"", 0.3027], [""风流"", 0.2909], [""归来"", 0.2909], [""清香"", 0.2909], [""开时"", 0.281], [""无情"", 0.281], [""东君"", 0.2648]]",茅舍、竹篱、却是、清浅、冷落
137,7,虞美人,正月,金,李献能,江梅引,"[[""翠袖"", 0.4269], [""汉宫"", 0.4075], [""烟水"", 0.4075], [""断魂"", 0.4075], [""新妆"", 0.4075], [""冉冉"", 0.3917]]",翠袖、汉宫、烟水、断魂、新妆
136,8,虞美人,正月,宋,李清照,孤雁儿,"[[""肠断"", 0.5215], [""世人"", 0.4926], [""不尽"", 0.4926], [""萧萧"", 0.4926]]",肠断、世人、不尽、萧萧
135,9,虞美人,正月,宋,强至,渔家傲,"[[""清浅"", 0.5352], [""处士"", 0.5109], [""相对"", 0.4911], [""幽姿"", 0.4598]]",清浅、处士、相对、幽姿
127,10,梅花,正月,宋,陆游,朝中措,"[[""清香"", 0.5392], [""凄凉"", 0.5048], [""幽姿"", 0.5048], [""东风"", 0.4468]]",清香、凄凉、幽姿、东风
155,11,虞美人,正月,宋,吴文英,贺新郎,"[[""英雄"", 0.5883], [""相对"", 0.5099], [""东君"", 0.4641], [""东风"", 0.4225]]",英雄、相对、东君、东风
355,12,棠梨花,正月,清,杜文澜,东风第一枝,"[[""金钱"", 0.5272], [""最怜"", 0.498], [""古寺"", 0.498], [""夕阳"", 0.4754]]",金钱、最怜、古寺、夕阳
157,13,迎春花,正月,唐,白居易.,代迎春花招刘郎中,"[[""相近"", 0.6305], [""看来"", 0.6305], [""桃李"", 0.4528]]",相近、看来、桃李
5,14,梅花,正月,宋,苏轼,和秦太虚梅花,"[[""点缀"", 0.4268], [""西湖"", 0.3916], [""先生"", 0.3782], [""佳人"", 0.3782], [""风雨"", 0.3782], [""多情"", 0.3472], [""不知"", 0.339]]",点缀、西湖、先生、佳人、风雨
6,15,梅花,正月,宋,苏轼,十一月二十六日，松风亭下梅花盛开，,"[[""长条"", 0.3566], [""相见"", 0.3566], [""流落"", 0.3369], [""独秀"", 0.3369], [""断魂"", 0.3216], [""酒醒"", 0.3091], [""先生"", 0.2986], [""叹息"", 0.2894], [""梅花"", 0.2894], [""春风"", 0.2511]]",长条、相见、流落、独秀、断魂
7,16,梅花,正月,宋,苏轼,再用前韵,"[[""纷纷"", 0.4353], [""蓬莱"", 0.4353], [""相顾"", 0.4156], [""酒醒"", 0.3994], [""先生"", 0.3858], [""梅花"", 0.374]]",纷纷、蓬莱、相顾、酒醒、先生
12,17,梅花,正月,唐,李商隐,十一月中旬扶风界见梅花,"[[""青女"", 0.6104], [""亭亭"", 0.5601], [""断肠"", 0.5601]]",青女、亭亭、断肠
202,18,樱桃花,二月,宋,范成大,赏海棠三绝,"[[""海棠"", 0.6126], [""石湖"", 0.3534], [""月光"", 0.3338], [""烛光"", 0.3338], [""风光"", 0.3187], [""儿女"", 0.3187], [""多情"", 0.2716]]",海棠、石湖、月光、烛光、风光
179,19,樱桃花,二月,宋,欧阳修,折海棠戏赠圣俞,"[[""笑笑"", 0.3726], [""青春"", 0.3726], [""不可"", 0.3361], [""草木"", 0.3361], [""人生"", 0.3361], [""颜色"", 0.312], [""无情"", 0.312], [""不见"", 0.312], [""叹息"", 0.3024]]",笑笑、青春、不可、草木、人生
181,20,樱桃花,二月,宋,苏轼,寓居定惠院之东，杂花溝山，有海棠一株，土人不知贵也,"[[""艳照"", 0.2399], [""空谷"", 0.2399], [""睡足"", 0.2399], [""竹篱"", 0.2399], [""华屋"", 0.2266], [""深意"", 0.2266], [""纷纷"", 0.2266], [""流落"", 0.2266], [""幽独"", 0.2266], [""翠袖"", 0.2266], [""飞来"", 0.2266], [""独来"", 0.2266], [""天涯"", 0.2164], [""草木"", 0.2164], [""酒醒"", 0.208], [""先生"", 0.2008], [""佳人"", 0.2008], [""自然"", 0.1947], [""叹息"", 0.1947], [""无人"", 0.1893]]",艳照、空谷、睡足、竹篱、华屋
182,21,樱桃花,二月,宋,陆游,张园海棠,"[[""造化"", 0.4842], [""蜂蝶"", 0.4842], [""不须"", 0.4367], [""海棠"", 0.4197], [""扬州"", 0.4054]]",造化、蜂蝶、不须、海棠、扬州
183,22,樱桃花,二月,宋,陆游,海棠歌,"[[""海棠"", 0.7515], [""芍药"", 0.289], [""艳妆"", 0.273], [""扬州"", 0.2419], [""颜色"", 0.2419], [""杜鹃"", 0.2419], [""风雨"", 0.2419], [""桃李"", 0.2076]]",海棠、芍药、艳妆、扬州、颜色
185,23,樱桃花,二月,宋,郭稹,海 棠,"[[""至今"", 0.4807], [""更加"", 0.4807], [""深意"", 0.4541], [""风光"", 0.4335], [""东君"", 0.3792]]",至今、更加、深意、风光、东君
187,24,樱桃花,二月,宋,刘子,海棠,"[[""至今"", 0.4312], [""不成"", 0.4074], [""惆帐"", 0.3738], [""风流"", 0.3738], [""开时"", 0.361], [""幽姿"", 0.35], [""胭脂"", 0.3402]]",至今、不成、惆帐、风流、开时
211,25,樱桃花,二月,金,蔡松年,黄海棠,"[[""冰雪"", 1.0]]",冰雪
218,26,樱桃花,二月,宋,李清照,如梦令,"[[""知否"", 0.9089], [""海棠"", 0.417]]",知否、海棠
224,27,樱桃花,二月,宋,吴文英,宴清都,"[[""长恨"", 0.4653], [""睡足"", 0.4653], [""冷落"", 0.4196], [""鸳鸯"", 0.4033], [""人间"", 0.3414], [""东风"", 0.3342]]",长恨、睡足、冷落、鸳鸯、人间
221,28,樱桃花,二月,宋,李鹰,南乡子,"[[""飞仙"", 0.7071], [""苏轼"", 0.7071]]",飞仙、苏轼
223,29,樱桃花,二月,宋,刘克庄,二月二十四夜饮海棠下作,"[[""老子"", 0.5003], [""残红"", 0.4726], [""枝头"", 0.4189], [""无情"", 0.4189], [""杜鹃"", 0.4189]]",老子、残红、枝头、无情、杜鹃
225,30,樱桃花,二月,宋,刘克庄,摸鱼儿,"[[""风韵"", 0.357], [""石湖"", 0.357], [""青苔"", 0.357], [""霜点"", 0.357], [""飞仙"", 0.357], [""岑寂"", 0.3373], [""倾城"", 0.322], [""胭脂"", 0.2817], [""东风"", 0.2565]]",风韵、石湖、青苔、霜点、飞仙
226,31,桃花,二月,唐,杜甫,风雨看舟前落花戏为新句,"[[""风力"", 0.615], [""蜜蜂"", 0.581], [""细雨"", 0.5331]]",风力、蜜蜂、细雨
227,32,桃花,二月,唐,李咸用,绯桃花歌,"[[""桃花"", 0.6207], [""事物"", 0.3901], [""形象"", 0.3901], [""盛开"", 0.1862], [""东风"", 0.1483], [""幽谷"", 0.1376], [""比兴"", 0.1376], [""更加"", 0.1376], [""芳菲"", 0.13], [""鲜明"", 0.13], [""人们"", 0.13], [""冷落"", 0.1241], [""牡丹"", 0.1193], [""无情"", 0.1152], [""造化"", 0.0688], [""比较"", 0.0688], [""百花"", 0.0688], [""直接"", 0.0688], [""突出"", 0.0688], [""美好"", 0.0688]]",桃花、事物、形象、盛开、东风
219,33,樱桃花,二月,宋,吴潜,如梦令,"[[""故园"", 1.0]]",故园
495,34,杨花,三月,唐,刘禹锡,柳花词三首,"[[""青春"", 0.5508], [""香风"", 0.5203], [""无限"", 0.4967], [""多情"", 0.4234]]",青春、香风、无限、多情
406,35,牡丹,三月,宋,王沂孙,水龙吟,"[[""真妃"", 0.4574], [""流水"", 0.4125], [""幽人"", 0.4125], [""牡丹"", 0.3965], [""杜鹃"", 0.3829], [""春色"", 0.3829]]",真妃、流水、幽人、牡丹、杜鹃
481,36,虞美人,三月,元,张翥,喜迁莺,"[[""脂粉"", 0.4129], [""相近"", 0.4129], [""芳菲"", 0.3901], [""数枝"", 0.3901], [""后土"", 0.3724], [""伫立"", 0.3579], [""东风"", 0.2966]]",脂粉、相近、芳菲、数枝、后土
388,37,牡丹,三月,唐,白居易,惜牡丹花,"[[""惆帐"", 1.0]]",惆帐
369,38,牡丹,三月,唐,李商隐,牡 丹,"[[""花叶"", 1.0]]",花叶
363,39,牡丹,三月,唐,李咸用,远公亭牡丹,"[[""风格"", 0.5378], [""不敢"", 0.5081], [""倾城"", 0.485], [""牡丹"", 0.4662]]",风格、不敢、倾城、牡丹
470,40,金沙,三月,宋,杨万里,金沙花,[],
465,41,蔷薇,三月,宋,曹達,玲珑四犯,"[[""琼楼"", 0.4018], [""幽芳"", 0.4018], [""风格"", 0.4018], [""铅华"", 0.3796], [""独占"", 0.3796], [""牡丹"", 0.3483], [""梅花"", 0.3261]]",琼楼、幽芳、风格、铅华、独占
505,42,杨花,三月,清,曹雪芹,如梦,"[[""纤手"", 1.0]]",纤手
472,43,琼花,三月,宋,王禹偁,后土庙琼花诗二首,"[[""琼花"", 0.5111], [""后土"", 0.4609], [""清香"", 0.443], [""扬州"", 0.4279], [""不知"", 0.3835]]",琼花、后土、清香、扬州、不知
466,44,蔷薇,三月,宋,刘克庄,贺新郎,"[[""茉莉"", 0.4086], [""香薰"", 0.4086], [""怜惜"", 0.386], [""烛光"", 0.386], [""花神"", 0.3542], [""相逢"", 0.3542], [""开时"", 0.3421]]",茉莉、香薰、怜惜、烛光、花神
440,45,蔷薇,三月,宋,周邦彦,六 丑,"[[""长条"", 0.3975], [""何在"", 0.3755], [""岑寂"", 0.3755], [""倾国"", 0.3755], [""相思"", 0.3328], [""风雨"", 0.3328], [""叹息"", 0.3226], [""多情"", 0.3055]]",长条、何在、岑寂、倾国、相思
479,46,虞美人,三月,宋,赵以夫,扬州慢,"[[""不同"", 0.5615], [""琼花"", 0.4457], [""扬州"", 0.3732], [""结子"", 0.2972], [""风景"", 0.1486], [""肌骨"", 0.1486], [""琼楼"", 0.1486], [""阆苑"", 0.1486], [""数枝"", 0.1404], [""群芳"", 0.134], [""后土"", 0.134], [""冷落"", 0.134], [""烟水"", 0.134], [""精神"", 0.134], [""风流"", 0.1288], [""花神"", 0.1288], [""伫立"", 0.1288], [""春风"", 0.1046]]",不同、琼花、扬州、结子、风景
421,47,兰花,三月,清,秋瑾,兰 花,[],
512,48,杨花,三月,宋,周密,声声慢,"[[""青青"", 0.5121], [""最怜"", 0.4838], [""点点"", 0.4619], [""多情"", 0.3937], [""东风"", 0.3679]]",青青、最怜、点点、多情、东风
515,49,杨花,三月,宋,苏轼,水龙吟,"[[""随风"", 0.3942], [""何在"", 0.3724], [""却是"", 0.3724], [""流水"", 0.3555], [""点点"", 0.3555], [""春色"", 0.33], [""无情"", 0.33], [""无人"", 0.311]]",随风、何在、却是、流水、点点
516,50,杨花,三月,明,赵南星,水龙吟,[],
521,51,木棉花,三月,清,陈恭尹,木棉花歌,"[[""英雄"", 0.7426], [""群芳"", 0.6697]]",英雄、群芳
343,52,素馨,四月,宋,刘镇,念奴娇,"[[""肌骨"", 0.3333], [""何在"", 0.3149], [""风味"", 0.3149], [""徘徊"", 0.3149], [""向晚"", 0.3149], [""如许"", 0.3006], [""儿女"", 0.3006], [""精神"", 0.3006], [""花神"", 0.2889], [""开时"", 0.2791], [""人间"", 0.2445]]",肌骨、何在、风味、徘徊、向晚
346,53,木兰,四月,宋,刘,木 兰,"[[""茉莉"", 0.3804], [""蔷薇"", 0.3804], [""蛾眉"", 0.3804], [""铅华"", 0.3594], [""新妆"", 0.3431], [""荷花"", 0.3298], [""相对"", 0.3298], [""不见"", 0.3185]]",茉莉、蔷薇、蛾眉、铅华、新妆
345,54,剪春罗,四月,清,秋瑾,剪春罗,"[[""春风"", 1.0]]",春风
339,55,绣球,四月,明,张新,绣 球,"[[""玲珑"", 0.5985], [""醉眼"", 0.4603], [""花色"", 0.2302], [""醉人"", 0.2302], [""团团"", 0.2174], [""无端"", 0.2076], [""显得"", 0.2076], [""不可"", 0.2076], [""花神"", 0.1995], [""风流"", 0.1995], [""开花"", 0.1868], [""东君"", 0.1816]]",玲珑、醉眼、花色、醉人、团团
329,56,月季,四月,宋,杨万里,腊前月季,"[[""翡翠"", 0.5944], [""胭脂"", 0.4963], [""桃李"", 0.4519], [""春风"", 0.4429]]",翡翠、胭脂、桃李、春风
327,57,玉兰,四月,清,陈维崧,东风第一枝,"[[""风光"", 0.4163], [""相伴"", 0.4163], [""无限"", 0.4163], [""玲珑"", 0.4001], [""亭亭"", 0.4001], [""细雨"", 0.4001]]",风光、相伴、无限、玲珑、亭亭
321,58,李花,四月,元,郑韶,梨 花,"[[""相思"", 0.7278], [""江南"", 0.6858]]",相思、江南
228,59,桃花,四月,明,赵福元,桃 花,"[[""神仙"", 0.3572], [""青帝"", 0.3572], [""香风"", 0.3375], [""翡翠"", 0.3375], [""无力"", 0.3375], [""蓬莱"", 0.3375], [""流水"", 0.3222], [""武陵"", 0.3097], [""可怜"", 0.2991]]",神仙、青帝、香风、翡翠、无力
291,60,杏花,四月,明,陈子龙,画堂春,"[[""零乱"", 0.7765], [""寂寞"", 0.6301]]",零乱、寂寞
259,61,桃花,四月,宋,贺铸,定风波,"[[""结子"", 0.4231], [""无奈"", 0.3998], [""流水"", 0.3816], [""相映"", 0.3816], [""武陵"", 0.3668], [""芳心"", 0.3668], [""不知"", 0.3175]]",结子、无奈、流水、相映、武陵
260,62,桃花,四月,宋,王沂孙,露 华,"[[""伫立"", 0.7193], [""颜色"", 0.6947]]",伫立、颜色
266,63,杏花,四月,宋,王安石,杏‘ 花,[],
255,64,桃花,四月,明,陈宪章,潘岳爱桃,"[[""桃花"", 1.0]]",桃花
268,65,杏花,四月,唐,韩愈,杏 花,"[[""邻家"", 0.4761], [""古寺"", 0.4498], [""杏花"", 0.4498], [""草木"", 0.4294], [""不可"", 0.4294]]",邻家、古寺、杏花、草木、不可
286,66,杏花,四月,宋,叶绍翁,游园不值,[],
542,67,芍药,四月,宋,韩元吉,浪淘沙,"[[""芍药"", 0.5443], [""犹记"", 0.5142], [""独占"", 0.5142], [""多情"", 0.4184]]",芍药、犹记、独占、多情
543,68,芍药,四月,宋,卢祖皋,水龙吟,"[[""春梦"", 0.3949], [""烛光"", 0.3949], [""飞来"", 0.3949], [""无奈"", 0.3949], [""风流"", 0.3623], [""杜鹃"", 0.35], [""扬州"", 0.35]]",春梦、烛光、飞来、无奈、风流
544,69,芍药,四月,宋,晁补之,望海潮,"[[""独占"", 0.3646], [""汉宫"", 0.348], [""相映"", 0.348], [""天涯"", 0.348], [""风光"", 0.348], [""新妆"", 0.348], [""扬州"", 0.3231], [""人间"", 0.2831], [""东风"", 0.2772]]",独占、汉宫、相映、天涯、风光
559,70,杜鹃,四月,宋,辛弃疾,定风波,"[[""空山"", 0.4452], [""花人"", 0.4452], [""不堪"", 0.4206], [""海棠"", 0.3859], [""风雨"", 0.3727], [""杜鹃"", 0.3727]]",空山、花人、不堪、海棠、风雨
564,71,虞美人,四月,宋,姜夔,赋虞美人草,"[[""蓬蒿"", 0.6079], [""解语"", 0.5743], [""相顾"", 0.5483]]",蓬蒿、解语、相顾
569,72,虞美人,四月,清,许氏,虞美人,"[[""君王"", 0.6307], [""汉宫"", 0.5688], [""杜鹃"", 0.528]]",君王、汉宫、杜鹃
610,73,石竹,五月,宋,张耒,石竹花,"[[""儿女"", 1.0]]",儿女
600,74,榴花,五月,宋,欧阳修,西园石榴开,"[[""最怜"", 0.5175], [""不须"", 0.494], [""绿叶"", 0.494], [""榴花"", 0.494]]",最怜、不须、绿叶、榴花
595,75,榴花,五月,唐,李白,咏邻女东窗海石榴,"[[""随风"", 0.615], [""珊瑚"", 0.581], [""清香"", 0.5331]]",随风、珊瑚、清香
596,76,榴花,五月,宋,苏辙,赋园中所有,"[[""石榴"", 0.6644], [""邻家"", 0.3684], [""残红"", 0.348], [""零落"", 0.3322], [""芳心"", 0.3193], [""开花"", 0.299]]",石榴、邻家、残红、零落、芳心
597,77,榴花,五月,明,吴宽,榴 花,"[[""团团"", 0.5224], [""参差"", 0.4987], [""相映"", 0.4987], [""亭亭"", 0.4793]]",团团、参差、相映、亭亭
608,78,榴花,五月,宋,苏轼,贺新郎,"[[""瑶台"", 0.4206], [""却是"", 0.3974], [""华屋"", 0.3974], [""幽独"", 0.3974], [""石榴"", 0.3794], [""无人"", 0.3319], [""西风"", 0.3086]]",瑶台、却是、华屋、幽独、石榴
598,79,榴花,五月,金,元格,榴 花,"[[""比较"", 0.7425], [""精神"", 0.4464], [""咏物诗"", 0.2338], [""山茶"", 0.2338], [""石榴"", 0.2232], [""手法"", 0.2232], [""叹息"", 0.2009]]",比较、精神、咏物诗、山茶、石榴
615,80,栀子花,五月,宋,朱淑真,栀 子,"[[""自然"", 1.0]]",自然
599,81,榴花,五月,唐,温庭筠,海 榴,"[[""春风"", 1.0]]",春风
614,82,栀子花,五月,唐,王建,雨过山村,"[[""不会"", 0.6215], [""风味"", 0.5872], [""生活"", 0.3108], [""不同"", 0.2936], [""充满"", 0.2936]]",不会、风味、生活、不同、充满
601,83,榴花,五月,宋,朱熹,榴 花,"[[""窈窕"", 0.5482], [""风吹"", 0.4944], [""榴花"", 0.4944], [""可怜"", 0.459]]",窈窕、风吹、榴花、可怜
603,84,榴花,五月,唐,韩愈,榴 花,"[[""青苔"", 0.4868], [""颠倒"", 0.4599], [""榴花"", 0.439], [""车马"", 0.439], [""可怜"", 0.4075]]",青苔、颠倒、榴花、车马、可怜
607,85,榴花,五月,宋,王沂孙,庆清朝,"[[""榴花"", 0.8442], [""苏轼"", 0.234], [""落叶"", 0.117], [""花工"", 0.117], [""窈窕"", 0.117], [""词人"", 0.117], [""空灵"", 0.117], [""可惜"", 0.1105], [""华屋"", 0.1105], [""动人"", 0.1105], [""诗意"", 0.1105], [""颠倒"", 0.1105], [""独怜"", 0.1105], [""车马"", 0.1055], [""寄托"", 0.1055], [""石榴"", 0.1055], [""盛开"", 0.1055], [""不须"", 0.1055], [""春色"", 0.098], [""枝头"", 0.098]]",榴花、苏轼、落叶、花工、窈窕
612,86,石竹,五月,元,蒲道源,赋石竹,"[[""蓬蒿"", 0.7269], [""点缀"", 0.6867]]",蓬蒿、点缀
609,87,石竹,五月,唐,王绩,石竹咏,"[[""叹息"", 1.0]]",叹息
611,88,石竹,五月,宋,王安石,石竹花,"[[""幽谷"", 0.5764], [""车马"", 0.5198], [""可怜"", 0.4826], [""春风"", 0.4058]]",幽谷、车马、可怜、春风
872,89,菊花,六月,唐,黄巢,题菊花,"[[""青帝"", 0.6521], [""桃花"", 0.5881], [""西风"", 0.4784]]",青帝、桃花、西风
663,90,木芙蓉,六月,唐,陆龟蒙,白 莲,"[[""瑶池"", 0.7668], [""无情"", 0.6419]]",瑶池、无情
642,91,荷花,六月,唐,温庭筠,张静婉采莲曲,"[[""舞衣"", 0.4226], [""麝脐"", 0.4226], [""藕丝"", 0.4226], [""无力"", 0.3993], [""留连"", 0.3993], [""零落"", 0.3812]]",舞衣、麝脐、藕丝、无力、留连
704,92,虞美人,六月,宋,王沂孙,水龙吟白莲,"[[""铅华"", 0.3332], [""解语"", 0.3332], [""凌波"", 0.3332], [""无奈"", 0.3332], [""烟雨"", 0.3332], [""相顾"", 0.3181], [""断魂"", 0.3181], [""芳心"", 0.3058], [""凄凉"", 0.2863], [""人间"", 0.2588]]",铅华、解语、凌波、无奈、烟雨
639,93,荷花,六月,唐,韩愈,奉酬卢给事云夫四兄曲江荷花行见寄并呈上钱七兄阁老张十八助教,[],
638,94,荷花,六月,唐,王勃,采莲曲,"[[""徘徊"", 0.5719], [""花叶"", 0.3027], [""艺术"", 0.3027], [""芙蓉"", 0.2859], [""不可"", 0.273], [""手法"", 0.273], [""秋风"", 0.2624], [""相逢"", 0.2624], [""佳人"", 0.2534], [""江南"", 0.2388]]",徘徊、花叶、艺术、芙蓉、不可
696,95,木芙蓉,六月,明,王夫之,玉楼春,"[[""绿云"", 0.7368], [""冉冉"", 0.6761]]",绿云、冉冉
637,96,荷花,六月,清,胡天游,观鑫,"[[""荷叶"", 0.5378], [""倾国"", 0.5081], [""人生"", 0.485], [""伫立"", 0.4662]]",荷叶、倾国、人生、伫立
636,97,荷花,六月,金,萧贡古,采莲曲,"[[""采采"", 0.6029], [""笑笑"", 0.6029], [""冉冉"", 0.5226]]",采采、笑笑、冉冉
699,98,虞美人,六月,宋,贺铸,踏莎行,"[[""骚人"", 0.3689], [""蜂蝶"", 0.3689], [""红衣"", 0.3485], [""幽香"", 0.3485], [""无端"", 0.3327], [""芳心"", 0.3198], [""鸳鸯"", 0.3198], [""秋风"", 0.3198], [""春风"", 0.2597]]",骚人、蜂蝶、红衣、幽香、无端
701,99,虞美人,六月,宋,姜夔,惜红衣,"[[""荷花"", 0.5902], [""无力"", 0.3216], [""可惜"", 0.3216], [""岑寂"", 0.3216], [""红衣"", 0.3216], [""狼藉"", 0.307], [""秋色"", 0.285], [""西风"", 0.2498]]",荷花、无力、可惜、岑寂、红衣
702,100,虞美人,六月,宋,康与之,洞仙歌令,"[[""烟雨"", 0.5042], [""新妆"", 0.4813], [""断肠"", 0.4626], [""西风"", 0.3915], [""东风"", 0.3833]]",烟雨、新妆、断肠、西风、东风
703,101,虞美人,六月,宋,王沂孙,水龙吟,"[[""瑶台"", 0.3604], [""蛾眉"", 0.3604], [""真妃"", 0.3604], [""可惜"", 0.3405], [""解语"", 0.3405], [""酒醒"", 0.3124], [""相逢"", 0.3124], [""伫立"", 0.3124], [""凄凉"", 0.2925]]",瑶台、蛾眉、真妃、可惜、解语
706,102,虞美人,六月,金,元好问,迈陂塘,"[[""儿女"", 0.5078], [""私情"", 0.2815], [""生死"", 0.2815], [""红衣"", 0.266], [""无端"", 0.2539], [""夕阳"", 0.2539], [""狼藉"", 0.2539], [""鸳鸯"", 0.244], [""断肠"", 0.244], [""荷花"", 0.244], [""风雨"", 0.2357], [""人间"", 0.2065], [""西风"", 0.2065]]",儿女、私情、生死、红衣、无端
707,103,虞美人,六月,元,李冶,迈陂塘,"[[""藕丝"", 0.3758], [""私情"", 0.3758], [""翡翠"", 0.355], [""如许"", 0.3389], [""鸳鸯"", 0.3258], [""秋风"", 0.3258], [""寂寞"", 0.305], [""胭脂"", 0.2965], [""多情"", 0.2889]]",藕丝、私情、翡翠、如许、鸳鸯
708,104,虞美人,六月,宋,姜夔,念奴娇,"[[""荷花"", 0.4783], [""不见"", 0.462], [""荷叶"", 0.2759], [""舞衣"", 0.2759], [""绿云"", 0.2606], [""凌波"", 0.2606], [""西湖"", 0.2391], [""鸳鸯"", 0.2391], [""武陵"", 0.2391], [""亭亭"", 0.2391], [""西风"", 0.2024]]",荷花、不见、荷叶、舞衣、绿云
759,105,秋海棠,七月,清,高士奇,南柯子,"[[""非关"", 0.621], [""艳妆"", 0.5866], [""相思"", 0.5199]]",非关、艳妆、相思
756,106,秋海棠,七月,清,朱受新,白秋海棠,"[[""花人"", 0.7426], [""独立"", 0.6697]]",花人、独立
749,107,木槿,七月,唐,杨凌,咏槿花,"[[""诗眼"", 0.7348], [""非关"", 0.3674], [""善于"", 0.3674], [""向晚"", 0.3471], [""桃李"", 0.2639]]",诗眼、非关、善于、向晚、桃李
782,108,芦花,七月,金,吴激,同儿曹赋芦花,[],
747,109,木槿,七月,明,吴宽,槿,"[[""相妒"", 0.551], [""独怜"", 0.5205], [""不见"", 0.4613], [""颜色"", 0.4613]]",相妒、独怜、不见、颜色
746,110,木槿,七月,元,舒頔,白槿花,"[[""自怜"", 0.4719], [""零落"", 0.4256], [""佳人"", 0.3951], [""自然"", 0.383], [""寂寞"", 0.383], [""开花"", 0.383]]",自怜、零落、佳人、自然、寂寞
760,111,秋海棠,七月,清,龙启瑞,蝶恋花,"[[""有意"", 0.609], [""风吹"", 0.5813], [""佳人"", 0.5397]]",有意、风吹、佳人
748,112,木槿,七月,唐,李商隐,槿 花(其-),"[[""美好"", 0.4037], [""李商隐"", 0.4037], [""风力"", 0.4037], [""事物"", 0.3814], [""充满"", 0.3814], [""寄托"", 0.3641], [""人间"", 0.2962]]",美好、李商隐、风力、事物、充满
764,113,蓼花,七月,宋,宋祁,蓼 花,[],
783,114,芦花,七月,明,徐,芦 花,"[[""萧萧"", 1.0]]",萧萧
789,115,金银花,七月,清,王夫之,金钗股,"[[""香薰"", 0.7426], [""参差"", 0.6697]]",香薰、参差
791,116,曼陀罗,七月,宋,陈与义,曼陀罗,"[[""金钱"", 0.5318], [""不同"", 0.5024], [""不敢"", 0.5024], [""秋风"", 0.4609]]",金钱、不同、不敢、秋风
768,117,蓼花,七月,清,朱彝尊,迷仙引,"[[""飞来"", 0.53], [""相伴"", 0.5059], [""无限"", 0.5059], [""寂寞"", 0.4553]]",飞来、相伴、无限、寂寞
770,118,蓼花,七月,清,杨芳灿,水龙吟蓼花,"[[""花工"", 0.3463], [""风定"", 0.3463], [""珊瑚"", 0.3272], [""点缀"", 0.3272], [""婀娜"", 0.3272], [""相映"", 0.3124], [""如许"", 0.3124], [""玲珑"", 0.3002], [""幽姿"", 0.2811], [""江南"", 0.2732]]",花工、风定、珊瑚、点缀、婀娜
774,119,鸡冠花,七月,元,姚文奂,题画鸡冠花,"[[""独立"", 0.721], [""归来"", 0.693]]",独立、归来
781,120,紫薇,七月,宋,陆游,紫 薇,"[[""流落"", 0.7233], [""天涯"", 0.6905]]",流落、天涯
800,121,桂花,八月,宋,苏轼,八月十七日天竺山送桂花分贈元素,[],
804,122,桂花,八月,唐,白居易,东城桂,"[[""人间"", 1.0]]",人间
817,123,桂花,八月,宋,吴文英,古香慢,"[[""肠断"", 0.5503], [""满城"", 0.5199], [""细雨"", 0.477], [""重阳"", 0.4466]]",肠断、满城、细雨、重阳
824,124,秋葵,八月,宋,晏殊,菩萨蛮,"[[""金杯"", 1.0]]",金杯
827,125,滴滴金,八月,宋,陶弱,滴滴金,"[[""风吹"", 1.0]]",风吹
829,126,金钱花,八月,唐,罗隐,咏金钱花,"[[""相伴"", 1.0]]",相伴
832,127,蘋花,八月,清,岑霁,蘋 花,[],
857,128,菊花,八月,明,陈宪章,晚香轩,"[[""黄花"", 0.4166], [""老子"", 0.4166], [""采采"", 0.4166], [""独立"", 0.3757], [""细雨"", 0.3611], [""开花"", 0.3381], [""西风"", 0.3056]]",黄花、老子、采采、独立、细雨
856,129,菊花,八月,明,高启,晚香轩,"[[""向晚"", 0.5328], [""风霜"", 0.5328], [""秋色"", 0.4721], [""重阳"", 0.4577]]",向晚、风霜、秋色、重阳
798,130,桂花,八月,宋,曾几,岩 桂,"[[""生于"", 0.7269], [""团团"", 0.6867]]",生于、团团
853,131,菊花,八月,唐,李山甫,刘员外寄移菊,[],
796,132,桂花,八月,元,倪瓒,桂 花,"[[""故园"", 1.0]]",故园
850,133,菊花,八月,明,文森,九 日,"[[""登临"", 0.496], [""故园"", 0.4686], [""无限"", 0.4473], [""开时"", 0.4152], [""重阳"", 0.4025]]",登临、故园、无限、开时、重阳
793,134,桂花,八月,唐,李白,咏 桂,"[[""南山"", 0.4972], [""世人"", 0.4972], [""绿叶"", 0.4747], [""桃李"", 0.378], [""春风"", 0.3705]]",南山、世人、绿叶、桃李、春风
792,135,桂花,八月,唐,王绩,春桂问答二首,"[[""独秀"", 0.5287], [""知否"", 0.5287], [""风霜"", 0.5287], [""桃李"", 0.4019]]",独秀、知否、风霜、桃李
813,136,桂花,八月,宋,谢懋,霜天晓角,"[[""黄金"", 0.7071], [""绿云"", 0.7071]]",黄金、绿云
839,137,菊花,九月,明,李东阳,墨菊二首(其二),"[[""世人"", 0.6728], [""不知"", 0.5344], [""桃李"", 0.5116]]",世人、不知、桃李
903,138,雁来红,九月,清,边浴礼,绛都春,"[[""落叶"", 0.4237], [""艳妆"", 0.4002], [""天涯"", 0.3821], [""点点"", 0.3821], [""桃花"", 0.3821], [""相思"", 0.3547], [""西风"", 0.3108]]",落叶、艳妆、天涯、点点、桃花
840,139,菊花,九月,南朝梁,萧纲,采菊篇,[],
899,140,菊花,九月,宋,黄庭坚,南乡子,"[[""登临"", 0.3403], [""黄菊"", 0.3215], [""菊花"", 0.3215], [""人们"", 0.3215], [""不须"", 0.3069], [""盛开"", 0.3069], [""酒醒"", 0.295], [""东篱"", 0.2849], [""重阳"", 0.2761], [""寂寞"", 0.2761], [""不知"", 0.2553]]",登临、黄菊、菊花、人们、不须
841,141,菊花,九月,宋,陆游,山园草间菊数枝开，席地独酌,"[[""不堪"", 0.7233], [""狼藉"", 0.6905]]",不堪、狼藉
837,142,菊花,九月,宋,陆游,菊 花,"[[""纷纷"", 0.3931], [""菊花"", 0.3931], [""数枝"", 0.3931], [""芬芳"", 0.3752], [""零落"", 0.3752], [""独立"", 0.3752], [""叹息"", 0.3377]]",纷纷、菊花、数枝、芬芳、零落
843,143,菊花,九月,唐,顾非熊,万年厉员外宅赏残菊,"[[""重阳"", 1.0]]",重阳
847,144,菊花,九月,明,何景明,八月二十八日子容过对菊,"[[""独怜"", 0.6295], [""风雨"", 0.5579], [""重阳"", 0.5408]]",独怜、风雨、重阳
835,145,菊花,九月,宋,梅尧臣,舟上采菊,"[[""采菊"", 0.5418], [""黄菊"", 0.5118], [""寄托"", 0.4886], [""东篱"", 0.4536]]",采菊、黄菊、寄托、东篱
898,146,菊花,九月,宋,张孝祥,鹪鸪天,"[[""秋光"", 0.3954], [""醉眼"", 0.3954], [""留连"", 0.3735], [""相顾"", 0.3566], [""武陵"", 0.3427], [""东篱"", 0.331], [""春色"", 0.331], [""人间"", 0.2901]]",秋光、醉眼、留连、相顾、武陵
834,147,菊花,九月,晋,陶渊明,饮 酒（其五）,"[[""采菊"", 0.5418], [""南山"", 0.5118], [""车马"", 0.4886], [""东篱"", 0.4536]]",采菊、南山、车马、东篱
833,148,菊花,九月,晋,陶渊明,和郭主簿二首(其二),"[[""风景"", 0.7426], [""幽人"", 0.6697]]",风景、幽人
900,149,菊花,九月,清,董元恺,小桃红,"[[""霜点"", 0.5156], [""幽人"", 0.465], [""秋风"", 0.447], [""佳人"", 0.4317], [""春风"", 0.363]]",霜点、幽人、秋风、佳人、春风
895,150,菊花,九月,清,叶申芗,阮郎归,[],
897,151,菊花,九月,宋,黄庭坚,鹧鸪天,"[[""黄花"", 0.5418], [""黄菊"", 0.5118], [""人生"", 0.4886], [""枝头"", 0.4536]]",黄花、黄菊、人生、枝头
896,152,菊花,九月,清,龚自珍,卖花声,"[[""菊花"", 0.5992], [""不成"", 0.5992], [""东篱"", 0.531]]",菊花、不成、东篱
943,153,野菊,十月,宋,张鎡,如梦令,"[[""知否"", 0.731], [""野菊"", 0.3869], [""亭亭"", 0.3354], [""东篱"", 0.3239], [""开花"", 0.314]]",知否、野菊、亭亭、东篱、开花
938,154,野菊,十月,金,元好问,野菊座主闲闲公命作,"[[""鲜明"", 0.609], [""狼藉"", 0.5813], [""秋色"", 0.5397]]",鲜明、狼藉、秋色
939,155,野菊,十月,金,元好问,野菊再奉座主闲闲公命作,"[[""骚人"", 0.4561], [""南山"", 0.4309], [""鲜明"", 0.4309], [""不成"", 0.4309], [""多情"", 0.3506], [""西风"", 0.3346]]",骚人、南山、鲜明、不成、多情
934,156,甘菊,十月,唐,杜甫,叹庭前甘菊花,"[[""不堪"", 0.6043], [""风霜"", 0.6043], [""重阳"", 0.5192]]",不堪、风霜、重阳
933,157,甘菊,十月,宋,苏轼,咏甘菊,"[[""生死"", 0.4934], [""独秀"", 0.4661], [""香风"", 0.4661], [""先生"", 0.413], [""无人"", 0.3892]]",生死、独秀、香风、先生、无人
932,158,木芙蓉,十月,清,王又曾,酷相思,"[[""木芙蓉"", 0.6759], [""酒痕"", 0.338], [""不尽"", 0.3193], [""玲珑"", 0.293], [""荷花"", 0.293], [""秋色"", 0.2829], [""开花"", 0.2743]]",木芙蓉、酒痕、不尽、玲珑、荷花
905,159,雁来红,十月,明,释道衍,茶轩为陈惟寅赋,"[[""艳照"", 0.4761], [""残红"", 0.4498], [""冰雪"", 0.4498], [""烟水"", 0.4294], [""幽人"", 0.4294]]",艳照、残红、冰雪、烟水、幽人
906,160,雁来红,十月,宋,苏轼,茶轩为陈惟寅赋,"[[""有意"", 0.609], [""盛开"", 0.5813], [""先生"", 0.5397]]",有意、盛开、先生
909,161,山茶,十月,宋,苏轼,邵伯梵行寺山茶,"[[""不会"", 0.4513], [""山茶"", 0.4263], [""独来"", 0.4263], [""相对"", 0.3912], [""细雨"", 0.3912], [""无人"", 0.356]]",不会、山茶、独来、相对、细雨
915,162,山茶花,十月,清,叶申芗,木兰花慢,"[[""花卉"", 0.4349], [""风定"", 0.4349], [""开放"", 0.4108], [""山茶"", 0.4108], [""冉冉"", 0.377], [""牡丹"", 0.377]]",花卉、风定、开放、山茶、冉冉
917,163,木芙蓉,十月,宋,苏轼,王伯扬所藏赵昌芙蓉,"[[""花木"", 0.5582], [""芙蓉"", 0.5273], [""凄凉"", 0.453], [""幽姿"", 0.453]]",花木、芙蓉、凄凉、幽姿
919,164,木芙蓉,十月,明,申时行,芙蓉,"[[""落后"", 0.5009], [""夕阳"", 0.4517], [""群芳"", 0.4517], [""秋色"", 0.4193], [""幽姿"", 0.4065]]",落后、夕阳、群芳、秋色、幽姿
925,165,木芙蓉,十月,宋,张耒,芙 蓉,"[[""古寺"", 0.7071], [""芙蓉"", 0.7071]]",古寺、芙蓉
931,166,木芙蓉,十月,宋,赵昂,婆罗门引,"[[""木芙蓉"", 0.4354], [""烟水"", 0.3926], [""夕阳"", 0.3926], [""惆帐"", 0.3774], [""秋色"", 0.3645], [""寂寞"", 0.3533], [""西风"", 0.3194]]",木芙蓉、烟水、夕阳、惆帐、秋色
937,167,野菊,十月,唐,李商隐,野菊,"[[""善于"", 0.6431], [""李商隐"", 0.4824], [""艺术"", 0.1608], [""野菊"", 0.1608], [""比兴"", 0.1608], [""诗眼"", 0.1608], [""深意"", 0.1519], [""作为"", 0.1519], [""独来"", 0.1519], [""咏物诗"", 0.1519], [""不能"", 0.1519], [""事物"", 0.1519], [""寄托"", 0.145], [""相伴"", 0.145], [""芳心"", 0.1394], [""冉冉"", 0.1394], [""自然"", 0.1305], [""人间"", 0.118]]",善于、李商隐、艺术、野菊、比兴
926,168,木芙蓉,十月,宋,范成大,窗前木芙蓉,"[[""留连"", 0.7071], [""青女"", 0.7071]]",留连、青女
954,169,红梅,十一月,明,僧德辉,题红梅,"[[""杏花"", 0.5428], [""处士"", 0.5182], [""颜色"", 0.481], [""无人"", 0.4533]]",杏花、处士、颜色、无人
960,170,红梅,十一月,宋,苏轼,定风波,"[[""青枝"", 0.484], [""自怜"", 0.484], [""吟咏"", 0.4572], [""绿叶"", 0.4365], [""不知"", 0.3632]]",青枝、自怜、吟咏、绿叶、不知
959,171,红梅,十一月,宋,姜夔,小重山,"[[""断魂"", 0.633], [""相思"", 0.5876], [""东风"", 0.5041]]",断魂、相思、东风
956,172,红梅,十一月,宋,高观国,留春 令,"[[""风月"", 0.4412], [""玉妃"", 0.4412], [""风韵"", 0.4412], [""杏花"", 0.4168], [""江南"", 0.3481], [""胭脂"", 0.3481]]",风月、玉妃、风韵、杏花、江南
957,173,红梅,十一月,宋,毛滂,玉楼春,"[[""相见"", 0.7269], [""满城"", 0.6867]]",相见、满城
944,174,红梅,十一月,宋,范成大,红 梅,"[[""红梅"", 0.555], [""梅花"", 0.5255], [""东君"", 0.4379], [""阆苑"", 0.185], [""神仙"", 0.185], [""归来"", 0.1604], [""笔调"", 0.0925], [""看来"", 0.0925], [""风月"", 0.0925], [""形容"", 0.0925], [""直接"", 0.0925], [""突出"", 0.0925], [""花木"", 0.0925], [""作为"", 0.0874], [""春梦"", 0.0874], [""显得"", 0.0834], [""芬芳"", 0.0834], [""手法"", 0.0834], [""春色"", 0.0774], [""枝头"", 0.0774]]",红梅、梅花、东君、阆苑、神仙
945,175,红梅,十一月,宋,范成大,岭上红梅,"[[""空谷"", 0.371], [""不能"", 0.3505], [""满城"", 0.3505], [""倾城"", 0.3346], [""相对"", 0.3216], [""寂寞"", 0.3011], [""胭脂"", 0.2927], [""江南"", 0.2927], [""桃李"", 0.2665], [""春风"", 0.2612]]",空谷、不能、满城、倾城、相对
946,176,红梅,十一月,宋,梅尧臣,红 梅,[],
947,177,红梅,十一月,宋,苏轼,红 梅,"[[""青枝"", 0.5599], [""绿叶"", 0.505], [""无端"", 0.505], [""不知"", 0.4201]]",青枝、绿叶、无端、不知
958,178,红梅,十一月,宋,真德秀,蝶恋花,"[[""点点"", 0.4162], [""武陵"", 0.4], [""枝头"", 0.3863], [""江南"", 0.3641], [""胭脂"", 0.3641], [""东君"", 0.3641], [""不知"", 0.3463]]",点点、武陵、枝头、江南、胭脂
949,179,红梅,十一月,明,黄肃,红 梅,"[[""惆帐"", 0.7396], [""胭脂"", 0.6731]]",惆帐、胭脂
951,180,红梅,十一月,元,王冕,红梅四首(其一),"[[""罗浮梦"", 1.0]]",罗浮梦
948,181,红梅,十一月,宋,范成大,红 梅,"[[""桃李"", 0.7141], [""春风"", 0.7]]",桃李、春风
955,182,红梅,十一月,清,龚自珍,种红梅一株于竹下赋此,"[[""红妆"", 0.5272], [""萧萧"", 0.498], [""翠袖"", 0.498], [""如许"", 0.4754]]",红妆、萧萧、翠袖、如许
953,183,红梅,十一月,明,李东阳,题延平刘郎中廷信所藏红梅,"[[""相妒"", 0.6386], [""西湖"", 0.5535], [""开时"", 0.5346]]",相妒、西湖、开时
952,184,红梅,十一月,元,王冕,红梅四首(其二),"[[""红梅"", 0.3869], [""江南"", 0.3815], [""梅花"", 0.314], [""瑶池"", 0.2902], [""玉妃"", 0.2902], [""春风"", 0.2724], [""罗浮梦"", 0.1935], [""形容"", 0.1935], [""不能"", 0.1828], [""笔调"", 0.0967], [""仙子"", 0.0967], [""酒痕"", 0.0967], [""生于"", 0.0967], [""芳香"", 0.0967], [""红妆"", 0.0967], [""空灵"", 0.0967], [""白玉"", 0.0967], [""咏物诗"", 0.0914], [""动人"", 0.0914], [""作为"", 0.0914]]",红梅、江南、梅花、瑶池、玉妃
974,185,水仙花,十二月,明,文征明,水 仙,"[[""不见"", 1.0]]",不见
999,186,瑞香,十二月,宋,苏轼,西江月,"[[""春梦"", 0.5861], [""蓬莱"", 0.5861], [""后土"", 0.5595]]",春梦、蓬莱、后土
997,187,瑞香,十二月,宋,朱淑真,咏瑞香,"[[""芳菲"", 0.6276], [""玲珑"", 0.5758], [""东君"", 0.5241]]",芳菲、玲珑、东君
996,188,瑞香,十二月,宋,杨万里,瑞香花新开(五首之一),[],
995,189,瑞香,十二月,宋,范成大,瑞香花,"[[""醉人"", 0.5774], [""青青"", 0.5774], [""落后"", 0.5774]]",醉人、青青、落后
961,190,水仙花,十二月,宋,黄庭坚,王充道送水仙花五十枝,"[[""生尘"", 0.6244], [""倾城"", 0.5631], [""断肠"", 0.5413]]",生尘、倾城、断肠
962,191,水仙花,十二月,宋,刘克庄,水仙花,"[[""脂粉"", 0.5198], [""高雅"", 0.5198], [""萧然"", 0.5198], [""可怜"", 0.4352]]",脂粉、高雅、萧然、可怜
987,192,蜡梅,十二月,宋,黄庭坚,戏咏蜡梅二首,"[[""麝脐"", 0.5417], [""蔷薇"", 0.5417], [""风味"", 0.5117], [""桃李"", 0.3891]]",麝脐、蔷薇、风味、桃李
985,193,蜡梅,十二月,宋,苏轼,蜡梅一首贈赵景貺,"[[""蜜蜂"", 0.5406], [""西湖"", 0.496], [""归来"", 0.496], [""梅花"", 0.4644]]",蜜蜂、西湖、归来、梅花
986,194,蜡梅,十二月,宋,陆游,荀秀才送蜡梅十枝奇甚为赋此诗,"[[""金屋"", 0.7765], [""幽姿"", 0.6301]]",金屋、幽姿
984,195,水仙花,十二月,宋,辛弃疾,贺新郎,"[[""金杯"", 0.3849], [""生尘"", 0.3849], [""萧然"", 0.3849], [""凌波"", 0.3636], [""烟雨"", 0.3636], [""相逢"", 0.3336], [""无人"", 0.3037], [""多情"", 0.2959]]",金杯、生尘、萧然、凌波、烟雨
983,196,水仙花,十二月,宋,王沂孙,庆宫春,"[[""水仙"", 0.4496], [""幽芳"", 0.3172], [""君王"", 0.3172], [""零乱"", 0.3172], [""词人"", 0.3172], [""显得"", 0.2861], [""参差"", 0.2861], [""凄凉"", 0.2575], [""芳香"", 0.1586], [""生活"", 0.1586], [""白玉"", 0.1586], [""怜惜"", 0.1499], [""想象"", 0.1499], [""纤手"", 0.1499], [""婀娜"", 0.1499]]",水仙、幽芳、君王、零乱、词人
982,197,水仙花,十二月,宋,高观国,金人捧露盘,"[[""水仙"", 0.7542], [""花卉"", 0.2661], [""百花"", 0.2661], [""形象"", 0.2514], [""幽香"", 0.2514], [""吟咏"", 0.2514], [""断肠"", 0.2307], [""开花"", 0.216]]",水仙、花卉、百花、形象、幽香
979,198,水仙花,十二月,宋,无名氏,菩萨蛮,"[[""秋光"", 0.5992], [""黄金"", 0.5661], [""蜜蜂"", 0.5661]]",秋光、黄金、蜜蜂
975,199,水仙,十二月,清,陶孚尹,水仙花,"[[""仙子"", 0.6791], [""水仙"", 0.4277], [""花色"", 0.2264], [""高雅"", 0.2264], [""美丽"", 0.2138], [""人们"", 0.2138], [""诗意"", 0.2138], [""吟咏"", 0.2138], [""显得"", 0.2041], [""不知"", 0.1699]]",仙子、水仙、花色、高雅、美丽
966,200,水仙花,十二月,宋,刘攽,水仙花,"[[""徘徊"", 0.5287], [""冰雪"", 0.5287], [""青女"", 0.5287], [""桃李"", 0.4019]]",徘徊、冰雪、青女、桃李
