volume,top_header,category,entry,entry_len,emotion_hint,source_line
卷一,天文类,天文类,天,1,neutral,6
卷一,天文类,天文类,日,1,neutral,6
卷一,天文类,天文类,初曰,2,neutral,6
卷一,天文类,天文类,日影,2,neutral,6
卷一,天文类,天文类,斜阳,2,neutral,6
卷一,天文类,天文类,春曰,2,positive,6
卷一,天文类,天文类,夏曰,2,neutral,6
卷一,天文类,天文类,秋曰,2,neutral,6
卷一,天文类,天文类,冬日,2,neutral,6
卷一,天文类,天文类,日蚀,2,neutral,6
卷一,天文类,天文类,曝曰,2,neutral,7
卷一,天文类,天文类,月,1,neutral,7
卷一,天文类,天文类,新月,2,neutral,7
卷一,天文类,天文类,残月,2,neutral,7
卷一,天文类,天文类,月影,2,neutral,7
卷一,天文类,天文类,月桂,2,neutral,7
卷一,天文类,天文类,待月,2,neutral,7
卷一,天文类,天文类,赏月,2,neutral,7
卷一,天文类,天文类,步月,2,neutral,7
卷一,天文类,天文类,中秋月,3,neutral,7
卷一,天文类,天文类,不见月,3,neutral,8
卷一,天文类,天文类,十四夜月,4,neutral,8
卷一,天文类,天文类,十六夜月,4,neutral,8
卷一,天文类,天文类,月蚀,2,neutral,8
卷一,天文类,天文类,星,1,neutral,8
卷一,天文类,天文类,景星,2,neutral,8
卷一,天文类,天文类,老人星,3,neutral,8
卷一,天文类,天文类,北斗,2,neutral,9
卷一,天文类,天文类,残星,2,neutral,9
卷一,天文类,天文类,河汉,2,neutral,9
卷一,天文类,天文类,云,1,neutral,9
卷一,天文类,天文类,庆云,2,positive,9
卷一,天文类,天文类,祥云,2,positive,9
卷一,天文类,天文类,孤云,2,neutral,9
卷一,天文类,天文类,旱云,2,neutral,9
卷一,天文类,天文类,云峰,2,neutral,9
卷一,天文类,天文类,霞,1,neutral,9
卷一,天文类,天文类,虹,1,neutral,10
卷一,天文类,天文类,风,1,neutral,10
卷一,天文类,天文类,春风,2,positive,10
卷一,天文类,天文类,夏风,2,neutral,10
卷一,天文类,天文类,秋风,2,neutral,10
卷一,天文类,天文类,冬风,2,neutral,10
卷一,天文类,天文类,狂风,2,neutral,10
卷一,天文类,天文类,松风,2,neutral,10
卷一,天文类,天文类,竹风,2,neutral,10
卷一,天文类,天文类,雨,1,neutral,10
卷一,天文类,天文类,久雨,2,neutral,11
卷一,天文类,天文类,骤雨,2,neutral,11
卷一,天文类,天文类,夜雨,2,neutral,11
卷一,天文类,天文类,梅雨,2,neutral,11
卷一,天文类,天文类,祈雨,2,neutral,11
卷一,天文类,天文类,喜雨,2,positive,11
卷一,天文类,天文类,客中雨,3,neutral,11
卷一,天文类,天文类,春雨,2,positive,11
卷一,天文类,天文类,夏雨,2,neutral,11
卷一,天文类,天文类,秋雨,2,neutral,11
卷一,天文类,天文类,冬雨,2,neutral,12
卷一,天文类,天文类,雪,1,neutral,12
卷一,天文类,天文类,雪晴,2,positive,12
卷一,天文类,天文类,雪意,2,neutral,12
卷一,天文类,天文类,雪声,2,neutral,12
卷一,天文类,天文类,喜雪,2,positive,12
卷一,天文类,天文类,春雪,2,positive,12
卷一,天文类,天文类,霰,1,neutral,12
卷一,天文类,天文类,霜,1,neutral,12
卷一,天文类,天文类,露,1,neutral,12
卷一,天文类,天文类,甘露,2,neutral,13
卷一,天文类,天文类,雾,1,neutral,13
卷一,天文类,天文类,烟,1,neutral,13
卷一,天文类,天文类,雷,1,neutral,13
卷一,天文类,天文类,电,1,neutral,13
卷一,天文类,天文类,雹,1,neutral,13
卷一,天文类,天文类,晴,1,positive,13
卷一,天文类,天文类,春晴,2,positive,13
卷一,天文类,天文类,祈晴,2,positive,13
卷一,天文类,天文类,秋晴,2,positive,13
卷一,天文类,天文类,旱,1,neutral,13
卷一,时令类,时令类,春,1,positive,15
卷一,时令类,时令类,早春,2,positive,15
卷一,时令类,时令类,春寒,2,mixed,15
卷一,时令类,时令类,春阴,2,positive,15
卷一,时令类,时令类,春色,2,positive,15
卷一,时令类,时令类,春暮,2,positive,15
卷一,时令类,时令类,春归,2,positive,15
卷一,时令类,时令类,春晓,2,positive,15
卷一,时令类,时令类,春昼,2,positive,15
卷一,时令类,时令类,春夜,2,positive,15
卷一,时令类,时令类,探春,2,positive,16
卷一,时令类,时令类,游春,2,positive,16
卷一,时令类,时令类,送春,2,positive,16
卷一,时令类,时令类,春曰书怀即事,6,positive,16
卷一,时令类,时令类,夏,1,neutral,16
卷一,时令类,时令类,初夏,2,neutral,16
卷一,时令类,时令类,残夏,2,neutral,16
卷一,时令类,时令类,夏夜,2,neutral,16
卷一,时令类,时令类,苦热,2,negative,16
卷一,时令类,时令类,夏曰即事书怀,6,neutral,17
卷一,时令类,时令类,夏曰途中,4,neutral,17
卷一,时令类,时令类,夏晓,2,neutral,17
卷一,时令类,时令类,昼寝,2,neutral,17
卷一,时令类,时令类,秋,1,neutral,17
卷一,时令类,时令类,新秋,2,neutral,17
卷一,时令类,时令类,秋凉,2,neutral,17
卷一,时令类,时令类,秋色,2,neutral,17
卷一,时令类,时令类,秋声,2,neutral,17
卷一,时令类,时令类,秋兴,2,neutral,18
卷一,时令类,时令类,秋阴,2,neutral,18
卷一,时令类,时令类,秋暮,2,neutral,18
卷一,时令类,时令类,秋夜,2,neutral,18
卷一,时令类,时令类,悲秋,2,negative,18
卷一,时令类,时令类,秋日书怀,4,neutral,18
卷一,时令类,时令类,秋日即事,4,neutral,18
卷一,时令类,时令类,晚,1,neutral,18
卷一,时令类,时令类,冬,1,neutral,18
卷一,时令类,时令类,初冬,2,neutral,19
卷一,时令类,时令类,暮冬,2,neutral,19
卷一,时令类,时令类,冬夜,2,neutral,19
卷一,时令类,时令类,苦寒,2,negative,19
卷一,时令类,时令类,冬日即事,4,neutral,19
卷一,时令类,时令类,冬日书怀,4,neutral,19
卷一,时令类,时令类,冬晓,2,neutral,19
卷一,时令类,时令类,闰,1,neutral,19
卷一,时令类,时令类,丰年,2,neutral,19
卷一,时令类,时令类,凶年,2,negative,20
卷一,节序类,节序类,立春,2,positive,22
卷一,节序类,节序类,除曰立春,4,positive,22
卷一,节序类,节序类,元曰立春,4,positive,22
卷一,节序类,节序类,元曰,2,neutral,22
卷一,节序类,节序类,人曰,2,neutral,22
卷一,节序类,节序类,上元,2,neutral,22
卷一,节序类,节序类,上元遇雨,4,neutral,22
卷一,节序类,节序类,上元遇雪,4,neutral,22
卷一,节序类,节序类,社曰,2,neutral,23
卷一,节序类,节序类,上巳,2,neutral,23
卷一,节序类,节序类,寒食,2,negative,23
卷一,节序类,节序类,旅中寒食,4,negative,23
卷一,节序类,节序类,寒食雨,3,negative,23
卷一,节序类,节序类,清明,2,neutral,23
卷一,节序类,节序类,立夏,2,neutral,23
卷一,节序类,节序类,端午,2,neutral,23
卷一,节序类,节序类,伏,1,neutral,23
卷一,节序类,节序类,立秋,2,neutral,24
卷一,节序类,节序类,七夕,2,neutral,24
卷一,节序类,节序类,七夕遇雨,4,neutral,24
卷一,节序类,节序类,中元,2,neutral,24
卷一,节序类,节序类,中秋,2,neutral,24
卷一,节序类,节序类,重九,2,neutral,24
卷一,节序类,节序类,九曰遇雨,4,neutral,24
卷一,节序类,节序类,九曰旅中,4,neutral,24
卷一,节序类,节序类,立冬,2,neutral,25
卷一,节序类,节序类,长至,2,neutral,25
卷一,节序类,节序类,蜡腊,2,neutral,25
卷一,节序类,节序类,除夜,2,neutral,25
卷一,节序类,节序类,守岁,2,neutral,25
卷一,地舆类,地舆类,地,1,neutral,27
卷一,地舆类,地舆类,山,1,neutral,27
卷一,地舆类,地舆类,逺山,2,neutral,27
卷一,地舆类,地舆类,孤峰,2,neutral,27
卷一,地舆类,地舆类,假山,2,neutral,27
卷一,地舆类,地舆类,春山,2,positive,27
卷一,地舆类,地舆类,秋山,2,neutral,27
卷一,地舆类,地舆类,泰山,2,neutral,27
卷一,地舆类,地舆类,衡山,2,neutral,27
卷一,地舆类,地舆类,华山,2,neutral,27
卷一,地舆类,地舆类,嵩山,2,neutral,28
卷一,地舆类,地舆类,恒山,2,neutral,28
卷一,地舆类,地舆类,武夷山,3,neutral,28
卷一,地舆类,地舆类,庐山,2,neutral,28
卷一,地舆类,地舆类,天台山,3,neutral,28
卷一,地舆类,地舆类,罗浮山,3,neutral,28
卷一,地舆类,地舆类,游山,2,neutral,28
卷一,地舆类,地舆类,水,1,neutral,28
卷一,地舆类,地舆类,逺水,2,neutral,28
卷一,地舆类,地舆类,流水,2,neutral,28
卷一,地舆类,地舆类,水声,2,neutral,29
卷一,地舆类,地舆类,水帘,2,neutral,29
卷一,地舆类,地舆类,春水,2,positive,29
卷一,地舆类,地舆类,秋水,2,neutral,29
卷一,地舆类,地舆类,观涨,2,neutral,29
卷一,地舆类,地舆类,冰,1,neutral,29
卷一,地舆类,地舆类,江,1,neutral,29
卷一,地舆类,地舆类,河,1,neutral,29
卷一,地舆类,地舆类,海,1,neutral,29
卷一,地舆类,地舆类,潮,1,neutral,29
卷一,地舆类,地舆类,湖,1,neutral,30
卷一,地舆类,地舆类,泛湖,2,neutral,30
卷一,地舆类,地舆类,溪,1,neutral,30
卷一,地舆类,地舆类,梅溪,2,neutral,30
卷一,地舆类,地舆类,竹溪,2,neutral,30
卷一,地舆类,地舆类,桃溪,2,neutral,30
卷一,地舆类,地舆类,涧,1,neutral,30
卷一,地舆类,地舆类,浦,1,neutral,30
卷一,地舆类,地舆类,渔矶,2,neutral,30
卷一,地舆类,地舆类,泉,1,neutral,30
卷一,地舆类,地舆类,醴泉,2,neutral,31
卷一,地舆类,地舆类,温泉,2,neutral,31
卷一,地舆类,地舆类,竹里泉,3,neutral,31
卷一,地舆类,地舆类,瀑布泉,3,neutral,31
卷一,地舆类,地舆类,泉声,2,neutral,31
卷一,地舆类,地舆类,渡,1,neutral,31
卷一,地舆类,地舆类,井,1,neutral,31
卷一,地舆类,地舆类,池,1,neutral,31
卷一,地舆类,地舆类,盆池,2,neutral,31
卷一,地舆类,地舆类,莲塘,2,neutral,31
卷一,地舆类,地舆类,陂塘,2,neutral,32
卷一,地舆类,地舆类,山水,2,neutral,32
卷一,地舆类,地舆类,岛屿,2,neutral,32
卷一,地舆类,地舆类,石洞,2,neutral,32
卷一,地舆类,地舆类,石,1,neutral,32
卷一,地舆类,地舆类,沙,1,neutral,32
卷一,地舆类,地舆类,尘,1,neutral,32
卷一,地舆类,地舆类,春郊,2,positive,32
卷一,地舆类,地舆类,秋郊,2,neutral,32
卷一,地舆类,地舆类,园,1,neutral,32
卷一,地舆类,地舆类,果园,2,neutral,34
卷一,地舆类,地舆类,蔬园,2,neutral,34
卷一,地舆类,地舆类,药园,2,neutral,34
卷一,地舆类,地舆类,春迳,2,positive,34
卷一,地舆类,地舆类,秋迳,2,neutral,34
卷一,地舆类,地舆类,松迳,2,neutral,34
卷一,地舆类,地舆类,竹迳,2,neutral,34
卷一,地舆类,地舆类,苏迳,2,neutral,34
卷一,地舆类,地舆类,樵迳,2,neutral,34
卷一,地舆类,地舆类,道路,2,neutral,34
卷一,地舆类,地舆类,堠,1,neutral,35
卷一,地舆类,地舆类,渡口,2,neutral,35
卷一,地舆类,地舆类,桥,1,neutral,35
卷一,地舆类,地舆类,石桥,2,neutral,35
卷一,地舆类,地舆类,边塞,2,neutral,35
卷一,地舆类,地舆类,关隘,2,neutral,35
卷一,地舆类,地舆类,市井,2,neutral,35
卷一,地舆类,地舆类,乡里,2,neutral,35
卷一,地舆类,地舆类,野烧,2,neutral,35
卷二,宫室类,宫室类,城,1,neutral,38
卷二,宫室类,宫室类,京城,2,neutral,38
卷二,宫室类,宫室类,江城,2,neutral,38
卷二,宫室类,宫室类,山城,2,neutral,38
卷二,宫室类,宫室类,宫阙,2,neutral,38
卷二,宫室类,宫室类,故宫,2,neutral,38
卷二,宫室类,宫室类,殿,1,neutral,38
卷二,宫室类,宫室类,阁,1,neutral,38
卷二,宫室类,宫室类,水阁,2,neutral,38
卷二,宫室类,宫室类,山阁,2,neutral,38
卷二,宫室类,宫室类,楼,1,neutral,39
卷二,宫室类,宫室类,江楼,2,neutral,39
卷二,宫室类,宫室类,酒楼,2,neutral,39
卷二,宫室类,宫室类,戍楼,2,neutral,39
卷二,宫室类,宫室类,亭,1,neutral,39
卷二,宫室类,宫室类,水亭,2,neutral,39
卷二,宫室类,宫室类,山亭,2,neutral,39
卷二,宫室类,宫室类,江亭,2,neutral,39
卷二,宫室类,宫室类,林亭,2,neutral,39
卷二,宫室类,宫室类,园亭,2,neutral,39
卷二,宫室类,宫室类,竹亭,2,neutral,40
卷二,宫室类,宫室类,客亭,2,neutral,40
卷二,宫室类,宫室类,台,1,neutral,40
卷二,宫室类,宫室类,琴台,2,neutral,40
卷二,宫室类,宫室类,月台,2,neutral,40
卷二,宫室类,宫室类,钓台,2,neutral,40
卷二,宫室类,宫室类,书斋,2,neutral,40
卷二,宫室类,宫室类,书牕,2,neutral,40
卷二,宫室类,宫室类,茅斋,2,neutral,40
卷二,宫室类,宫室类,轩,1,neutral,40
卷二,宫室类,宫室类,松轩,2,neutral,41
卷二,宫室类,宫室类,竹轩,2,neutral,41
卷二,宫室类,宫室类,第宅,2,neutral,41
卷二,宫室类,宫室类,废宅,2,neutral,41
卷二,宫室类,宫室类,官廨,2,neutral,41
卷二,宫室类,宫室类,馆驿,2,neutral,41
卷二,宫室类,宫室类,旅舍,2,neutral,41
卷二,宫室类,宫室类,闲居,2,neutral,41
卷二,宫室类,宫室类,山居,2,neutral,41
卷二,宫室类,宫室类,郊居,2,neutral,41
卷二,宫室类,宫室类,村居,2,neutral,42
卷二,宫室类,宫室类,溪居,2,neutral,42
卷二,宫室类,宫室类,贫居,2,neutral,42
卷二,宫室类,宫室类,迁居,2,neutral,42
卷二,宫室类,宫室类,山家,2,neutral,42
卷二,宫室类,宫室类,田家,2,neutral,42
卷二,宫室类,宫室类,渔家,2,neutral,42
卷二,宫室类,宫室类,酒家,2,neutral,42
卷二,宫室类,宫室类,庙,1,neutral,42
卷二,宫室类,宫室类,宣圣庙,3,neutral,42
卷二,宫室类,宫室类,释奠,2,neutral,43
卷二,宫室类,宫室类,古庙,2,neutral,43
卷二,宫室类,宫室类,龙祠,2,neutral,43
卷二,宫室类,宫室类,古冢,2,neutral,43
卷二,宫室类,宫室类,碑碣,2,neutral,43
卷二,宫室类,宫室类,寺,1,neutral,43
卷二,宫室类,宫室类,废寺,2,neutral,43
卷二,宫室类,宫室类,方丈,2,neutral,43
卷二,宫室类,宫室类,塔,1,neutral,43
卷二,宫室类,宫室类,禅庵,2,neutral,43
卷二,宫室类,宫室类,观,1,neutral,43
卷二,君道类,君道类,圣寿,2,positive,45
卷二,君道类,君道类,寿皇太子,4,positive,45
卷二,君道类,君道类,诏令,2,neutral,45
卷二,君道类,君道类,赦,1,neutral,45
卷二,君道类,君道类,爵禄,2,neutral,45
卷二,君道类,君道类,赏功,2,neutral,45
卷二,君道类,君道类,敬贤,2,neutral,45
卷二,臣道类,臣道类,忠义,2,neutral,47
卷二,臣道类,臣道类,谏诤,2,neutral,47
卷二,臣道类,臣道类,刚正,2,neutral,47
卷二,臣道类,臣道类,循吏,2,neutral,47
卷二,臣道类,臣道类,廉吏,2,neutral,47
卷二,臣道类,臣道类,能吏,2,neutral,47
卷二,百官类,百官类,宰相,2,neutral,49
卷二,百官类,百官类,吏部尚书,4,neutral,49
卷二,百官类,百官类,侍郎,2,neutral,49
卷二,百官类,百官类,文选司,3,neutral,49
卷二,百官类,百官类,騐封,2,neutral,49
卷二,百官类,百官类,稽勲,2,neutral,49
卷二,百官类,百官类,考功司,3,neutral,49
卷二,百官类,百官类,户部尚书,4,neutral,49
卷二,百官类,百官类,清吏司,3,neutral,50
卷二,百官类,百官类,礼部尚书,4,neutral,50
卷二,百官类,百官类,郎中员外郎,5,neutral,50
卷二,百官类,百官类,兵部尚书,4,neutral,50
卷二,百官类,百官类,工部尚书,4,neutral,51
卷二,百官类,百官类,工司属,3,neutral,51
卷二,百官类,百官类,六部尚书,4,neutral,51
卷二,百官类,百官类,郎官,2,neutral,51
卷二,百官类,百官类,东宫官属,4,neutral,51
卷二,百官类,百官类,翰林,2,neutral,52
卷二,百官类,百官类,御史,2,neutral,52
卷二,百官类,百官类,宗人府,3,neutral,52
卷二,百官类,百官类,通政司,3,neutral,52
卷二,百官类,百官类,大理寺,3,neutral,52
卷二,百官类,百官类,太常寺,3,neutral,52
卷二,百官类,百官类,府尹,2,neutral,52
卷二,百官类,百官类,太仆寺,3,neutral,52
卷二,百官类,百官类,鸿胪寺,3,neutral,52
卷二,百官类,百官类,行人司,3,neutral,53
卷二,百官类,百官类,国子监,3,neutral,53
卷二,百官类,百官类,侍卫,2,neutral,53
卷二,百官类,百官类,将帅,2,neutral,53
卷二,百官类,百官类,九门提督,4,neutral,53
卷二,百官类,百官类,巡城,2,neutral,53
卷二,百官类,百官类,六科给事中,5,neutral,53
卷二,百官类,百官类,中书舍人,4,neutral,53
卷二,百官类,百官类,光禄寺,3,neutral,54
卷二,百官类,百官类,钦天监,3,neutral,54
卷二,百官类,百官类,太医院,3,neutral,54
卷二,百官类,百官类,督抚,2,neutral,54
卷二,百官类,百官类,布政司,3,neutral,54
卷二,百官类,百官类,按察司,3,neutral,54
卷二,百官类,百官类,盐运司,3,neutral,54
卷二,百官类,百官类,总漕,2,neutral,54
卷二,百官类,百官类,粮道,2,neutral,54
卷二,百官类,百官类,刺史,2,neutral,54
卷二,百官类,百官类,学院,2,neutral,55
卷二,百官类,百官类,太守,2,neutral,55
卷二,百官类,百官类,府佐,2,neutral,55
卷二,百官类,百官类,县令,2,neutral,55
卷二,百官类,百官类,县佐,2,neutral,55
卷二,百官类,百官类,教官,2,neutral,55
卷二,仕进类,仕进类,荐举,2,neutral,57
卷二,仕进类,仕进类,入仕,2,neutral,57
卷二,仕进类,仕进类,除授,2,neutral,57
卷二,仕进类,仕进类,辟召,2,neutral,57
卷二,仕进类,仕进类,赴任,2,neutral,57
卷二,仕进类,仕进类,谪迁,2,neutral,57
卷二,仕进类,仕进类,致仕,2,neutral,57
卷二,仕进类,仕进类,登科,2,neutral,57
卷二,仕进类,仕进类,登第,2,neutral,57
卷二,仕进类,仕进类,下第,2,neutral,57
卷二,仕进类,仕进类,状元,2,neutral,58
卷二,仕进类,仕进类,座主,2,neutral,58
卷二,仕进类,仕进类,入泮,2,neutral,58
卷二,人伦类,人伦类,祖孙,2,neutral,60
卷二,人伦类,人伦类,父子,2,neutral,60
卷二,人伦类,人伦类,母子,2,neutral,60
卷二,人伦类,人伦类,兄弟,2,neutral,60
卷二,人伦类,人伦类,叔姪,2,neutral,60
卷二,人伦类,人伦类,夫妇,2,neutral,60
卷二,人伦类,人伦类,赠内,2,neutral,60
卷二,人伦类,人伦类,妻妾,2,neutral,60
卷二,人伦类,人伦类,舅甥,2,neutral,60
卷二,人伦类,人伦类,孝子,2,neutral,60
卷二,人伦类,人伦类,教子,2,neutral,61
卷二,人伦类,人伦类,丧子,2,negative,61
卷二,人伦类,人伦类,婚姻,2,neutral,61
卷二,人伦类,人伦类,女壻,2,neutral,61
卷二,人伦类,人伦类,悼亡,2,negative,61
卷二,人伦类,人伦类,伤妾,2,negative,61
卷二,师友类,师友类,儒师,2,neutral,63
卷二,师友类,师友类,门弟子,3,neutral,63
卷二,师友类,师友类,交友,2,neutral,63
卷二,师友类,师友类,怀友,2,neutral,63
卷二,师友类,师友类,访友,2,neutral,63
卷二,师友类,师友类,喜友见访,4,positive,63
卷二,师友类,师友类,月夜访友,4,neutral,63
卷二,师友类,师友类,寄友,2,neutral,63
卷二,师友类,师友类,访友不遇,4,neutral,64
卷二,师友类,师友类,宾客,2,neutral,64
卷二,人品类,人品类,人材,2,neutral,67
卷二,人品类,人品类,诗人,2,neutral,67
卷二,人品类,人品类,神童,2,neutral,67
卷二,人品类,人品类,公子,2,neutral,67
卷二,人品类,人品类,风标,2,neutral,67
卷二,人品类,人品类,武士,2,neutral,67
卷二,人品类,人品类,老将,2,neutral,67
卷二,人品类,人品类,老臣,2,neutral,67
卷二,人品类,人品类,隐者,2,neutral,67
卷二,人品类,人品类,高杰,2,neutral,67
卷二,人品类,人品类,相者,2,neutral,68
卷二,人品类,人品类,卜筮,2,neutral,68
卷二,人品类,人品类,星学,2,neutral,68
卷二,人品类,人品类,医者,2,neutral,68
卷二,人品类,人品类,采药,2,neutral,68
卷二,人品类,人品类,合药,2,neutral,68
卷二,人品类,人品类,地理,2,neutral,68
卷二,人品类,人品类,农夫,2,neutral,68
卷二,人品类,人品类,惰夫,2,neutral,68
卷二,人品类,人品类,樵夫,2,neutral,68
卷二,人品类,人品类,牧童,2,neutral,69
卷二,人品类,人品类,渔父,2,neutral,69
卷二,人品类,人品类,垂钓捕鱼,4,neutral,69
卷二,人品类,人品类,猎者,2,neutral,69
卷二,人品类,人品类,出猎,2,neutral,69
卷二,人品类,人品类,商旅,2,neutral,69
卷二,人品类,人品类,醉客,2,neutral,69
卷二,人品类,人品类,贫士,2,neutral,69
卷二,人品类,人品类,俳优,2,neutral,69
卷二,人品类,人品类,技艺,2,neutral,70
卷二,人品类,人品类,卖花声,3,neutral,70
卷二,释老类,释老类,佛,1,neutral,72
卷二,释老类,释老类,神仙,2,neutral,72
卷二,释老类,释老类,神鬼,2,neutral,72
卷二,释老类,释老类,僧,1,neutral,72
卷二,释老类,释老类,禅僧,2,neutral,72
卷二,释老类,释老类,讲僧,2,neutral,72
卷二,释老类,释老类,长老,2,neutral,72
卷二,释老类,释老类,不出院僧,4,neutral,72
卷二,释老类,释老类,行脚僧,3,neutral,72
卷二,释老类,释老类,诗僧,2,neutral,73
卷二,释老类,释老类,诗僧不遇,4,neutral,73
卷二,释老类,释老类,道士,2,neutral,73
卷二,释老类,释老类,送道士,3,neutral,73
卷二,释老类,释老类,访道士不遇,5,neutral,73
卷二,释老类,释老类,尼姑,2,neutral,73
卷二,释老类,释老类,女冠,2,neutral,73
卷二,释老类,释老类,巫觋,2,neutral,73
卷二,丽人类,丽人类,烈女,2,neutral,75
卷二,丽人类,丽人类,才女,2,neutral,75
卷二,丽人类,丽人类,贤女,2,neutral,75
卷二,丽人类,丽人类,美人,2,neutral,75
卷二,丽人类,丽人类,丽情,2,neutral,75
卷二,丽人类,丽人类,贫女,2,neutral,75
卷二,丽人类,丽人类,蚕妇,2,neutral,75
卷二,丽人类,丽人类,织妇,2,neutral,75
卷二,丽人类,丽人类,妓女,2,neutral,75
卷二,丽人类,丽人类,歌妓,2,neutral,75
卷二,丽人类,丽人类,舞妓,2,neutral,76
卷二,丽人类,丽人类,闺感,2,neutral,76
卷二,丽人类,丽人类,宫怨,2,negative,76
卷二,丽人类,丽人类,倦绣,2,neutral,76
卷二,丽人类,丽人类,慵粧,2,neutral,76
卷二,丽人类,丽人类,寄远,2,neutral,76
卷二,丽人类,丽人类,奴婢,2,neutral,76
卷二,文学类,文学类,勤学,2,neutral,78
卷二,文学类,文学类,劝学,2,neutral,78
卷二,文学类,文学类,博学,2,neutral,78
卷二,文学类,文学类,经籍,2,neutral,78
卷二,文学类,文学类,读书,2,neutral,78
卷二,文学类,文学类,借书,2,neutral,78
卷二,文学类,文学类,储书,2,neutral,78
卷二,文学类,文学类,晒书,2,neutral,78
卷二,文学类,文学类,文章,2,neutral,78
卷二,文学类,文学类,赋,1,neutral,78
卷二,文学类,文学类,诗,1,neutral,79
卷二,文学类,文学类,览友诗,3,neutral,79
卷二,文学类,文学类,吟诗,2,neutral,79
卷二,文学类,文学类,书简,2,neutral,79
卷二,文学类,文学类,寄书,2,neutral,79
卷二,仕宦类,仕宦类,仕宦,2,neutral,81
卷二,仕宦类,仕宦类,贵显,2,neutral,81
卷二,仕宦类,仕宦类,门第,2,neutral,81
卷二,仕宦类,仕宦类,遭遇,2,neutral,81
卷二,仕宦类,仕宦类,名誉,2,neutral,81
卷二,仕宦类,仕宦类,士望,2,neutral,81
卷二,仕宦类,仕宦类,干谒,2,neutral,81
卷二,仕宦类,仕宦类,名利,2,neutral,81
卷二,仕宦类,仕宦类,放逐,2,neutral,81
卷二,仕宦类,仕宦类,退休,2,neutral,81
卷二,仕宦类,仕宦类,遗爱,2,neutral,82
卷二,志气类,志气类,志气,2,neutral,84
卷二,志气类,志气类,气量,2,neutral,84
卷二,志气类,志气类,豪放,2,neutral,84
卷二,志气类,志气类,豪侈,2,neutral,84
卷二,志气类,志气类,聪慧,2,neutral,84
卷二,志气类,志气类,识鉴,2,neutral,84
卷二,志气类,志气类,旷达,2,neutral,84
卷二,志气类,志气类,知几,2,neutral,84
卷二,志气类,志气类,知音,2,neutral,84
卷二,志气类,志气类,急难,2,neutral,84
卷二,志气类,志气类,警戒,2,neutral,85
卷二,志气类,志气类,滑稽,2,neutral,85
卷二,志气类,志气类,景慕,2,neutral,85
卷二,志气类,志气类,称誉,2,neutral,85
卷二,志气类,志气类,不得志,3,neutral,85
卷二,志气类,志气类,报恩,2,neutral,85
卷二,人事类,人事类,怀古,2,neutral,87
卷二,人事类,人事类,感慨,2,neutral,87
卷二,人事类,人事类,闲适,2,neutral,87
卷二,人事类,人事类,怀归,2,neutral,87
卷二,人事类,人事类,夜宴,2,neutral,87
卷二,人事类,人事类,月下饮,3,neutral,87
卷二,人事类,人事类,嗜饮,2,neutral,87
卷二,人事类,人事类,醉,1,neutral,87
卷二,人事类,人事类,独酌,2,neutral,87
卷二,人事类,人事类,画寝,2,neutral,87
卷二,人事类,人事类,梦,1,neutral,88
卷二,人事类,人事类,不寝,2,neutral,88
卷二,人事类,人事类,早起,2,neutral,88
卷二,人事类,人事类,睡起,2,neutral,88
卷二,人事类,人事类,病起,2,negative,88
卷二,人事类,人事类,独坐,2,neutral,88
卷二,人事类,人事类,夜坐,2,neutral,88
卷二,人事类,人事类,投壶,2,neutral,88
卷二,人事类,人事类,蹴踘,2,neutral,88
卷二,人事类,人事类,打毬,2,neutral,88
卷二,人事类,人事类,击毬,2,neutral,89
卷二,人事类,人事类,秋千,2,neutral,89
卷二,人事类,人事类,藏阄,2,neutral,89
卷二,人事类,人事类,博戏,2,neutral,89
卷二,人事类,人事类,百戏,2,neutral,89
卷二,人事类,人事类,影戏,2,neutral,89
卷二,人事类,人事类,傀儡,2,neutral,89
卷二,人事类,人事类,战鬪,2,neutral,89
卷二,人事类,人事类,角觝,2,neutral,89
卷二,人事类,人事类,射,1,neutral,89
卷二,人事类,人事类,射虎,2,neutral,90
卷二,人事类,人事类,击丸,2,neutral,90
卷二,人事类,人事类,双陆,2,neutral,90
卷三,人事类,游眺类,行乐,2,positive,94
卷三,人事类,游眺类,寻访,2,neutral,94
卷三,人事类,游眺类,踏青,2,neutral,94
卷三,人事类,游眺类,闲草,2,neutral,94
卷三,人事类,游眺类,避暑,2,neutral,94
卷三,人事类,游眺类,早行,2,neutral,94
卷三,人事类,游眺类,山行,2,neutral,94
卷三,人事类,游眺类,郊行,2,neutral,94
卷三,人事类,游眺类,江行,2,neutral,94
卷三,人事类,游眺类,雪行,2,neutral,94
卷三,人事类,游眺类,晚步,2,neutral,95
卷三,人事类,游眺类,春望,2,positive,95
卷三,人事类,游眺类,秋望,2,neutral,95
卷三,人事类,游眺类,冬望,2,neutral,95
卷三,人事类,游眺类,晓望,2,neutral,95
卷三,人事类,游眺类,晚眺,2,neutral,95
卷三,人事类,游眺类,江楼晴望,4,positive,95
卷三,人事类,游眺类,野望,2,neutral,95
卷三,庆吊类,庆吊类,祝寿,2,positive,97
卷三,庆吊类,庆吊类,贺新娶,3,positive,97
卷三,庆吊类,庆吊类,贺生子,3,positive,97
卷三,庆吊类,庆吊类,贺生孙,3,positive,97
卷三,庆吊类,庆吊类,贺生女,3,positive,97
卷三,庆吊类,庆吊类,贺新居,3,positive,97
卷三,庆吊类,庆吊类,贺架楼,3,positive,97
卷三,庆吊类,庆吊类,吊亡,2,negative,97
卷三,祖饯类,祖饯类,送别,2,neutral,99
卷三,祖饯类,祖饯类,送调官,3,neutral,99
卷三,祖饯类,祖饯类,送人赴阙,4,neutral,99
卷三,祖饯类,祖饯类,送人赴举,4,neutral,99
卷三,祖饯类,祖饯类,送人从军,4,neutral,99
卷三,祖饯类,祖饯类,送人还乡,4,neutral,99
卷三,祖饯类,祖饯类,送友人,3,neutral,100
卷三,祖饯类,祖饯类,送僧,2,neutral,100
卷三,祖饯类,祖饯类,送道士,3,neutral,100
卷三,谢惠类,谢惠类,谢人诗,3,neutral,102
卷三,谢惠类,谢惠类,谢惠牋,3,neutral,102
卷三,谢惠类,谢惠类,谢惠笔,3,neutral,102
卷三,谢惠类,谢惠类,谢惠墨,3,neutral,102
卷三,谢惠类,谢惠类,谢惠砚,3,neutral,102
卷三,谢惠类,谢惠类,谢惠茶,3,neutral,102
卷三,谢惠类,谢惠类,谢惠酒,3,neutral,102
卷三,谢惠类,谢惠类,谢惠药,3,neutral,102
卷三,谢惠类,谢惠类,谢惠瓜,3,neutral,102
卷三,谢惠类,谢惠类,谢惠果,3,neutral,103
卷三,谢惠类,谢惠类,谢惠笋,3,neutral,103
卷三,谢惠类,谢惠类,谢惠菜,3,neutral,103
卷三,谢惠类,谢惠类,谢惠鱼,3,neutral,103
卷三,谢惠类,谢惠类,谢惠梅,3,neutral,103
卷三,谢惠类,谢惠类,谢惠扇,3,neutral,103
卷三,珍宝类,珍宝类,寳贝,2,neutral,105
卷三,珍宝类,珍宝类,试金石,3,neutral,105
卷三,珍宝类,珍宝类,金,1,neutral,105
卷三,珍宝类,珍宝类,玉,1,neutral,105
卷三,珍宝类,珍宝类,珠,1,neutral,105
卷三,珍宝类,珍宝类,数珠,2,neutral,105
卷三,珍宝类,珍宝类,钱,1,neutral,105
卷三,珍宝类,珍宝类,锦,1,neutral,105
卷三,服饰类,服饰类,衣服,2,neutral,107
卷三,服饰类,服饰类,袍,1,neutral,107
卷三,服饰类,服饰类,裘,1,neutral,107
卷三,服饰类,服饰类,冠,1,neutral,107
卷三,服饰类,服饰类,巾,1,neutral,107
卷三,服饰类,服饰类,帽,1,neutral,107
卷三,服饰类,服饰类,裳,1,neutral,107
卷三,服饰类,服饰类,带,1,neutral,107
卷三,服饰类,服饰类,袜,1,neutral,107
卷三,服饰类,服饰类,屦,1,neutral,107
卷三,服饰类,服饰类,帐,1,neutral,108
卷三,服饰类,服饰类,纸帐,2,neutral,108
卷三,服饰类,服饰类,帷幙,2,neutral,108
卷三,服饰类,服饰类,被,1,neutral,108
卷三,服饰类,服饰类,纸被,2,neutral,108
卷三,服饰类,服饰类,裀褥,2,neutral,108
卷三,饮食类,饮食类,谷食,2,neutral,110
卷三,饮食类,饮食类,肴馔,2,neutral,110
卷三,饮食类,饮食类,饼,1,neutral,110
卷三,饮食类,饮食类,酒,1,neutral,110
卷三,饮食类,饮食类,酌酒,2,neutral,110
卷三,饮食类,饮食类,酪酥,2,neutral,110
卷三,饮食类,饮食类,马乳,2,neutral,110
卷三,饮食类,饮食类,鱼脍,2,neutral,110
卷三,饮食类,饮食类,茶,1,neutral,110
卷三,器用类上,器用类上,舟,1,neutral,112
卷三,器用类上,器用类上,月夜泛舟,4,neutral,112
卷三,器用类上,器用类上,渔舟,2,neutral,112
卷三,器用类上,器用类上,渔网,2,neutral,112
卷三,器用类上,器用类上,钓竿,2,neutral,112
卷三,器用类上,器用类上,车舆,2,neutral,112
卷三,器用类上,器用类上,盖,1,neutral,112
卷三,器用类上,器用类上,雨伞,2,neutral,112
卷三,器用类上,器用类上,更漏,2,neutral,112
卷三,器用类上,器用类上,屏风,2,neutral,113
卷三,器用类上,器用类上,帘,1,neutral,113
卷三,器用类上,器用类上,几,1,neutral,113
卷三,器用类上,器用类上,柱杖,2,neutral,113
卷三,器用类上,器用类上,竹几,2,neutral,113
卷三,器用类上,器用类上,床,1,neutral,113
卷三,器用类上,器用类上,胡床,2,neutral,113
卷三,器用类上,器用类上,席,1,neutral,113
卷三,器用类上,器用类上,箪,1,neutral,113
卷三,器用类上,器用类上,枕,1,neutral,113
卷三,器用类上,器用类上,石枕,2,neutral,114
卷三,器用类上,器用类上,蒲团,2,neutral,114
卷三,器用类上,器用类上,扇,1,neutral,114
卷三,器用类上,器用类上,芭蕉扇,3,neutral,114
卷三,器用类上,器用类上,秋扇,2,neutral,114
卷三,器用类上,器用类上,麈尾,2,neutral,114
卷三,器用类上,器用类上,香炉,2,neutral,114
卷三,器用类上,器用类上,香印,2,neutral,114
卷三,器用类上,器用类上,地炉,2,neutral,114
卷三,器用类上,器用类上,围炉,2,neutral,114
卷三,器用类上,器用类上,鼎,1,neutral,115
卷三,器用类上,器用类上,石鼎,2,neutral,115
卷三,器用类上,器用类上,镜,1,neutral,115
卷三,器用类上,器用类上,古镜,2,neutral,115
卷三,器用类上,器用类上,磨镜,2,neutral,115
卷三,器用类上,器用类上,围碁,2,neutral,115
卷三,器用类上,器用类上,象棋,2,neutral,115
卷三,器用类上,器用类上,石棋盘,3,neutral,115
卷三,器用类上,器用类上,书匮,2,neutral,115
卷三,器用类上,器用类上,砚,1,neutral,115
卷三,器用类上,器用类上,洗砚,2,neutral,116
卷三,器用类上,器用类上,砚屏,2,neutral,116
卷三,器用类上,器用类上,笔,1,neutral,116
卷三,器用类上,器用类上,笔架,2,neutral,116
卷三,器用类上,器用类上,墨,1,neutral,116
卷三,器用类上,器用类上,纸,1,neutral,116
卷三,器用类上,器用类上,界方,2,neutral,116
卷三,器用类上,器用类上,机杼,2,neutral,116
卷三,器用类上,器用类上,尺,1,neutral,116
卷三,器用类上,器用类上,剪刀,2,neutral,116
卷三,器用类上,器用类上,针线,2,neutral,117
卷三,器用类上,器用类上,砧杵尺,3,neutral,117
卷三,器用类上,器用类上,碾,1,neutral,117
卷三,器用类上,器用类上,瓢,1,neutral,117
卷三,器用类上,器用类上,酒壶,2,neutral,117
卷三,器用类上,器用类上,酒杯,2,neutral,117
卷三,器用类上,器用类上,流杯,2,neutral,117
卷三,器用类上,器用类上,犂锄,2,neutral,117
卷三,器用类上,器用类上,篛笠,2,neutral,117
卷三,器用类上,器用类上,水车,2,neutral,117
卷三,器用类上,器用类上,桔臯,2,neutral,118
卷三,器用类上,器用类上,水硙,2,neutral,118
卷三,器用类上,器用类上,杵臼,2,neutral,118
卷三,器用类上,器用类上,蚪,1,neutral,118
卷三,器用类上,器用类上,剑,1,neutral,118
卷三,器用类上,器用类上,古剑,2,neutral,118
卷三,器用类上,器用类上,弓,1,neutral,118
卷三,器用类上,器用类上,箭,1,neutral,118
卷三,器用类上,器用类上,甲胄,2,neutral,118
卷三,器用类上,器用类上,斧,1,neutral,118
卷三,器用类上,器用类上,旌旗,2,neutral,119
卷三,器用类上,器用类上,酒旗,2,neutral,119
卷三,器用类上,器用类上,印,1,neutral,119
卷三,器用类上,器用类上,图书,2,neutral,119
卷三,器用类上,器用类上,笏,1,neutral,119
卷三,器用类上,器用类上,鞭,1,neutral,119
卷三,器用类上,器用类上,汤婆,2,neutral,119
卷三,器用类上,器用类上,灰,1,neutral,119
卷三,器用类上,器用类上,火,1,neutral,119
卷三,器用类下,器用类下,香,1,neutral,121
卷三,器用类下,器用类下,烛,1,neutral,121
卷三,器用类下,器用类下,灯,1,neutral,121
卷三,器用类下,器用类下,灯花,2,neutral,121
卷三,器用类下,器用类下,灯笼,2,neutral,121
卷三,器用类下,器用类下,残灯,2,neutral,121
卷三,器用类下,器用类下,灯檠,2,neutral,121
卷三,器用类下,器用类下,挑灯棒,3,neutral,121
卷三,器用类下,器用类下,读书灯,3,neutral,121
卷三,器用类下,器用类下,佛灯,2,neutral,122
卷三,器用类下,器用类下,渔灯,2,neutral,122
卷三,音乐类,音乐类,琴,1,neutral,124
卷三,音乐类,音乐类,断琴,2,neutral,124
卷三,音乐类,音乐类,瑟,1,neutral,124
卷三,音乐类,音乐类,阮,1,neutral,124
卷三,音乐类,音乐类,琵琶,2,neutral,124
卷三,音乐类,音乐类,箜篌,2,neutral,124
卷三,音乐类,音乐类,筝,1,neutral,124
卷三,音乐类,音乐类,笙,1,neutral,124
卷三,音乐类,音乐类,箫,1,neutral,124
卷三,音乐类,音乐类,笛,1,neutral,124
卷三,音乐类,音乐类,牧笛,2,neutral,125
卷三,音乐类,音乐类,渔笛,2,neutral,125
卷三,音乐类,音乐类,筚篥,2,neutral,125
卷三,音乐类,音乐类,角,1,neutral,125
卷三,音乐类,音乐类,笳,1,neutral,125
卷三,音乐类,音乐类,钟,1,neutral,125
卷三,音乐类,音乐类,磬,1,neutral,125
卷三,音乐类,音乐类,方响,2,neutral,125
卷三,音乐类,音乐类,鼓,1,neutral,125
卷三,音乐类,音乐类,渔鼓,2,neutral,125
卷三,音乐类,音乐类,水盏,2,neutral,126
卷三,音乐类,音乐类,拍板,2,neutral,126
卷三,音乐类,音乐类,杂乐,2,positive,126
卷三,音乐类,音乐类,闲乐,2,positive,126
卷三,音乐类,音乐类,乐府,2,positive,126
卷三,音乐类,音乐类,歌舞,2,neutral,126
卷三,书画类,书画类,字,1,neutral,128
卷三,书画类,书画类,篆书,2,neutral,129
卷三,书画类,书画类,草书,2,neutral,129
卷三,书画类,书画类,画,1,neutral,129
卷三,书画类,书画类,传神,2,neutral,129
卷三,书画类,书画类,画山水,3,neutral,129
卷三,书画类,书画类,画山,2,neutral,129
卷三,书画类,书画类,画水,2,neutral,129
卷三,书画类,书画类,画松,2,neutral,129
卷三,书画类,书画类,画竹,2,neutral,129
卷三,书画类,书画类,画梅,2,neutral,130
卷三,书画类,书画类,画花,2,neutral,130
卷三,书画类,书画类,画龙,2,neutral,130
卷三,书画类,书画类,画虎,2,neutral,130
卷三,书画类,书画类,画马,2,neutral,130
卷三,书画类,书画类,画鹤,2,neutral,130
卷三,书画类,书画类,画鹰,2,neutral,130
卷三,书画类,书画类,画卢鴈,3,neutral,130
卷三,书画类,书画类,画草虫,3,neutral,130
卷三,书画类,书画类,画鱼,2,neutral,130
卷三,百草类,百草类,草,1,neutral,132
卷三,百草类,百草类,芳草,2,neutral,132
卷三,百草类,百草类,阶草,2,neutral,132
卷三,百草类,百草类,芝,1,neutral,132
卷三,百草类,百草类,兰蕙,2,neutral,132
卷三,百草类,百草类,萱草,2,neutral,132
卷三,百草类,百草类,苔,1,neutral,132
卷三,百草类,百草类,萍,1,neutral,132
卷三,百草类,百草类,蒲,1,neutral,132
卷三,百草类,百草类,石菖蒲,3,neutral,133
卷三,百草类,百草类,芭蕉,2,neutral,133
卷三,百草类,百草类,藤萝,2,neutral,133
卷四,百草类,百花类,花,1,neutral,137
卷四,百草类,百花类,惜花,2,neutral,137
卷四,百草类,百花类,栽花,2,neutral,137
卷四,百草类,百花类,接花,2,neutral,137
卷四,百草类,百花类,赏花,2,neutral,137
卷四,百草类,百花类,戴花,2,neutral,137
卷四,百草类,百花类,花阴,2,neutral,137
卷四,百草类,百花类,落花,2,neutral,137
卷四,百草类,百花类,野花,2,neutral,137
卷四,百草类,百花类,牡丹,2,neutral,137
卷四,百草类,百花类,剪彩花,3,neutral,138
卷四,百草类,百花类,白牡丹,3,neutral,138
卷四,百草类,百花类,双头牡丹,4,neutral,138
卷四,百草类,百花类,未开牡丹,4,neutral,138
卷四,百草类,百花类,秋曰牡丹,4,neutral,138
卷四,百草类,百花类,冬曰牡丹,4,neutral,138
卷四,百草类,百花类,芍药,2,neutral,139
卷四,百草类,百花类,楼子芍药,4,neutral,139
卷四,百草类,百花类,丽春花,3,positive,139
卷四,百草类,百花类,黄葵,2,neutral,139
卷四,百草类,百花类,红葵,2,neutral,139
卷四,百草类,百花类,珍珠花,3,neutral,139
卷四,百草类,百花类,玉簪花,3,neutral,139
卷四,百草类,百花类,蔷薇花,3,neutral,139
卷四,百草类,百花类,紫薇花,3,neutral,140
卷四,百草类,百花类,瑞香花,3,positive,140
卷四,百草类,百花类,棠棣花,3,neutral,140
卷四,百草类,百花类,含笑花,3,neutral,140
卷四,百草类,百花类,木笔花,3,neutral,140
卷四,百草类,百花类,柳花,2,neutral,140
卷四,百草类,百花类,榴花,2,neutral,140
卷四,百草类,百花类,槐花,2,neutral,140
卷四,百草类,百花类,桂花,2,neutral,140
卷四,百草类,百花类,月中桂花,4,neutral,141
卷四,百草类,百花类,芙蓉花,3,neutral,141
卷四,百草类,百花类,山茶花,3,neutral,141
卷四,百草类,百花类,酴醿花,3,neutral,141
卷四,百草类,百花类,凌雪花,3,neutral,141
卷四,百草类,百花类,四季花,3,neutral,141
卷四,百草类,百花类,芦花,2,neutral,141
卷四,百草类,百花类,蓼花,2,neutral,141
卷四,百草类,百花类,水仙花,3,neutral,142
卷四,百草类,百花类,鸡冠花,3,neutral,142
卷四,百草类,百花类,莲花,2,neutral,142
卷四,百草类,百花类,白莲花,3,neutral,142
卷四,百草类,百花类,秋莲,2,neutral,142
卷四,百草类,百花类,并头莲,3,neutral,142
卷四,百草类,百花类,采莲,2,neutral,142
卷四,百草类,百花类,荷,1,neutral,142
卷四,百草类,百花类,新荷,2,neutral,142
卷四,百草类,百花类,败荷,2,neutral,142
卷四,百草类,百花类,荷叶,2,neutral,143
卷四,百草类,百花类,菊,1,neutral,143
卷四,百草类,百花类,白菊,2,neutral,143
卷四,百草类,百花类,五月菊,3,neutral,143
卷四,百草类,百花类,十月菊,3,neutral,143
卷四,百草类,百花类,千叶菊,3,neutral,143
卷四,百草类,百花类,残菊,2,neutral,143
卷四,百草类,百花类,采菊,2,neutral,143
卷四,百草类,百花类,金钱花,3,neutral,143
卷四,百草类,百花类,玉蕊花,3,neutral,144
卷四,百草类,百花类,合欢花,3,neutral,144
卷四,百草类,百花类,石竹花,3,neutral,144
卷四,百草类,百花类,梅花,2,neutral,144
卷四,百草类,百花类,早梅,2,neutral,144
卷四,百草类,百花类,红梅,2,neutral,144
卷四,百草类,百花类,腊梅,2,neutral,144
卷四,百草类,百花类,绿萼梅,3,neutral,144
卷四,百草类,百花类,落梅,2,neutral,144
卷四,百草类,百花类,探梅,2,neutral,144
卷四,百草类,百花类,寄梅,2,neutral,145
卷四,百草类,百花类,枯梅,2,neutral,145
卷四,百草类,百花类,桃花,2,neutral,145
卷四,百草类,百花类,千叶桃花,4,neutral,145
卷四,百草类,百花类,夹竹桃花,4,neutral,145
卷四,百草类,百花类,杏花,2,neutral,145
卷四,百草类,百花类,未开杏花,4,neutral,145
卷四,百草类,百花类,李花,2,neutral,146
卷四,百草类,百花类,梨花,2,neutral,146
卷四,百草类,百花类,海棠花,3,neutral,146
卷四,百草类,百花类,垂丝海棠,4,neutral,146
卷四,百谷类,百谷类,禾稼,2,neutral,148
卷四,百谷类,百谷类,嘉禾,2,neutral,148
卷四,百谷类,百谷类,稻,1,neutral,148
卷四,百谷类,百谷类,麦,1,neutral,148
卷四,百谷类,百谷类,麦浪,2,neutral,148
卷四,百谷类,百谷类,荞麦,2,neutral,148
卷四,百谷类,百谷类,菽豆,2,neutral,148
卷四,蔬菜类,蔬菜类,蔬,1,neutral,150
卷四,蔬菜类,蔬菜类,芹,1,neutral,150
卷四,蔬菜类,蔬菜类,韮,1,neutral,150
卷四,蔬菜类,蔬菜类,薤,1,neutral,150
卷四,蔬菜类,蔬菜类,葵,1,neutral,150
卷四,蔬菜类,蔬菜类,菘,1,neutral,150
卷四,蔬菜类,蔬菜类,莼,1,neutral,150
卷四,蔬菜类,蔬菜类,芋,1,neutral,150
卷四,蔬菜类,蔬菜类,蕨,1,neutral,150
卷四,百果类,百果类,果,1,neutral,152
卷四,百果类,百果类,桃子,2,neutral,152
卷四,百果类,百果类,李子,2,neutral,152
卷四,百果类,百果类,梅子,2,neutral,152
卷四,百果类,百果类,杏子,2,neutral,152
卷四,百果类,百果类,梨,1,neutral,152
卷四,百果类,百果类,柑子,2,neutral,152
卷四,百果类,百果类,橘子,2,neutral,152
卷四,百果类,百果类,金橘,2,neutral,152
卷四,百果类,百果类,橙子,2,neutral,152
卷四,百果类,百果类,柿子,2,neutral,153
卷四,百果类,百果类,枣子,2,neutral,153
卷四,百果类,百果类,栗子,2,neutral,153
卷四,百果类,百果类,荔枝,2,neutral,153
卷四,百果类,百果类,龙眼,2,neutral,153
卷四,百果类,百果类,橄榄,2,neutral,153
卷四,百果类,百果类,银杏,2,neutral,153
卷四,百果类,百果类,枇杷,2,neutral,153
卷四,百果类,百果类,樱桃,2,neutral,153
卷四,百果类,百果类,胡桃,2,neutral,153
卷四,百果类,百果类,林檎,2,neutral,154
卷四,百果类,百果类,石榴,2,neutral,154
卷四,百果类,百果类,杨梅,2,neutral,154
卷四,百果类,百果类,茱萸,2,neutral,154
卷四,百果类,百果类,木瓜,2,neutral,154
卷四,百果类,百果类,瓜,1,neutral,154
卷四,百果类,百果类,西瓜,2,neutral,154
卷四,百果类,百果类,葡萄,2,neutral,154
卷四,百果类,百果类,甘蔗,2,neutral,154
卷四,百果类,百果类,莲子,2,neutral,154
卷四,百果类,百果类,鸡头子,3,neutral,155
卷四,百果类,百果类,菱角,2,neutral,155
卷四,百果类,百果类,藕,1,neutral,155
卷四,树木类,树木类,松,1,neutral,157
卷四,树木类,树木类,矮松,2,neutral,157
卷四,树木类,树木类,老松,2,neutral,157
卷四,树木类,树木类,小松,2,neutral,157
卷四,树木类,树木类,松声,2,neutral,157
卷四,树木类,树木类,桧,1,neutral,157
卷四,树木类,树木类,栢,1,neutral,157
卷四,树木类,树木类,椿,1,neutral,157
卷四,树木类,树木类,柳,1,neutral,157
卷四,树木类,树木类,柳丝,2,neutral,157
卷四,树木类,树木类,新柳,2,neutral,158
卷四,树木类,树木类,衰柳,2,neutral,158
卷四,树木类,树木类,槐,1,neutral,158
卷四,树木类,树木类,枫,1,neutral,158
卷四,树木类,树木类,榆钱,2,neutral,158
卷四,树木类,树木类,梧桐,2,neutral,158
卷四,树木类,树木类,桑,1,neutral,158
卷四,树木类,树木类,采桑,2,neutral,158
卷四,竹木类,竹木类,竹,1,neutral,160
卷四,竹木类,竹木类,斑竹,2,neutral,160
卷四,竹木类,竹木类,紫竹,2,neutral,160
卷四,竹木类,竹木类,筇竹,2,neutral,160
卷四,竹木类,竹木类,新竹,2,neutral,160
卷四,竹木类,竹木类,衰竹,2,neutral,160
卷四,竹木类,竹木类,竹影,2,neutral,160
卷四,竹木类,竹木类,移竹,2,neutral,160
卷四,竹木类,竹木类,笋,1,neutral,160
卷四,竹木类,竹木类,木,1,neutral,160
卷四,竹木类,竹木类,伐术,2,neutral,161
卷四,竹木类,竹木类,红树,2,neutral,161
卷四,竹木类,竹木类,木叶,2,neutral,161
卷四,竹木类,竹木类,落叶,2,neutral,161
卷四,飞禽类,飞禽类,凤凰,2,neutral,163
卷四,飞禽类,飞禽类,鹤,1,neutral,163
卷四,飞禽类,飞禽类,舞鹤,2,neutral,163
卷四,飞禽类,飞禽类,病鹤,2,negative,163
卷四,飞禽类,飞禽类,放鹤,2,neutral,163
卷四,飞禽类,飞禽类,鹏,1,neutral,163
卷四,飞禽类,飞禽类,雕鹗,2,neutral,163
卷四,飞禽类,飞禽类,鹰,1,neutral,163
卷四,飞禽类,飞禽类,鹘,1,neutral,163
卷四,飞禽类,飞禽类,鹆,1,neutral,164
卷四,飞禽类,飞禽类,孔雀,2,neutral,164
卷四,飞禽类,飞禽类,鹦鹉,2,neutral,164
卷四,飞禽类,飞禽类,莺,1,neutral,164
卷四,飞禽类,飞禽类,燕,1,neutral,164
卷四,飞禽类,飞禽类,雏燕,2,neutral,164
卷四,飞禽类,飞禽类,归燕,2,neutral,164
卷四,飞禽类,飞禽类,鴈,1,neutral,164
卷四,飞禽类,飞禽类,鴈字,2,neutral,164
卷四,飞禽类,飞禽类,孤鴈,2,neutral,164
卷四,飞禽类,飞禽类,归鴈,2,neutral,165
卷四,飞禽类,飞禽类,雉,1,neutral,165
卷四,飞禽类,飞禽类,锦雉,2,neutral,165
卷四,飞禽类,飞禽类,鸯,1,neutral,165
卷四,飞禽类,飞禽类,白鹆,2,neutral,165
卷四,飞禽类,飞禽类,杜鹃,2,neutral,165
卷四,飞禽类,飞禽类,百舌,2,neutral,165
卷四,飞禽类,飞禽类,鹧鸪,2,neutral,165
卷四,飞禽类,飞禽类,啄木,2,neutral,165
卷四,飞禽类,飞禽类,鸽,1,neutral,165
卷四,飞禽类,飞禽类,鸠,1,neutral,166
卷四,飞禽类,飞禽类,鸦,1,neutral,166
卷四,飞禽类,飞禽类,鹊,1,neutral,166
卷四,飞禽类,飞禽类,雀,1,neutral,166
卷四,飞禽类,飞禽类,鸜鹆,2,neutral,166
卷四,飞禽类,飞禽类,鸥,1,neutral,166
卷四,飞禽类,飞禽类,鹭鹚,2,neutral,166
卷四,飞禽类,飞禽类,鸳鸯,2,neutral,166
卷四,飞禽类,飞禽类,翡翠,2,neutral,166
卷四,飞禽类,飞禽类,凫,1,neutral,166
卷四,飞禽类,飞禽类,鸡,1,neutral,167
卷四,飞禽类,飞禽类,白鸡,2,neutral,167
卷四,飞禽类,飞禽类,鸡雏,2,neutral,167
卷四,飞禽类,飞禽类,鬭鸡,2,neutral,167
卷四,飞禽类,飞禽类,鹅,1,neutral,167
卷四,飞禽类,飞禽类,鹅雏,2,neutral,167
卷四,飞禽类,飞禽类,鸭,1,neutral,167
卷四,飞禽类,飞禽类,笼中鸟,3,neutral,167
卷四,走兽类,走兽类,麒麟,2,neutral,169
卷四,走兽类,走兽类,狮子,2,neutral,169
卷四,走兽类,走兽类,虎,1,neutral,169
卷四,走兽类,走兽类,豹,1,neutral,169
卷四,走兽类,走兽类,熊罴,2,neutral,169
卷四,走兽类,走兽类,犀,1,neutral,169
卷四,走兽类,走兽类,象,1,neutral,169
卷四,走兽类,走兽类,骆驼,2,neutral,169
卷四,走兽类,走兽类,马,1,neutral,169
卷四,走兽类,走兽类,老马,2,neutral,169
卷四,走兽类,走兽类,病马,2,negative,170
卷四,走兽类,走兽类,走马,2,neutral,170
卷四,走兽类,走兽类,驴,1,neutral,170
卷四,走兽类,走兽类,牛,1,neutral,170
卷四,走兽类,走兽类,老牛,2,neutral,170
卷四,走兽类,走兽类,土牛,2,neutral,170
卷四,走兽类,走兽类,羊,1,neutral,170
卷四,走兽类,走兽类,鹿,1,neutral,170
卷四,走兽类,走兽类,狐,1,neutral,170
卷四,走兽类,走兽类,兔,1,neutral,170
卷四,走兽类,走兽类,猿猴,2,neutral,171
卷四,走兽类,走兽类,犬,1,neutral,171
卷四,走兽类,走兽类,豕,1,neutral,171
卷四,走兽类,走兽类,猫,1,neutral,171
卷四,走兽类,走兽类,鼠,1,neutral,171
卷四,鳞介类,鳞介类,龙,1,neutral,173
卷四,鳞介类,鳞介类,蛟,1,neutral,173
卷四,鳞介类,鳞介类,鼋,1,neutral,173
卷四,鳞介类,鳞介类,鼍,1,neutral,173
卷四,鳞介类,鳞介类,鱼,1,neutral,173
卷四,鳞介类,鳞介类,蛇,1,neutral,173
卷四,鳞介类,鳞介类,龟,1,neutral,173
卷四,鳞介类,鳞介类,放龟,2,neutral,173
卷四,鳞介类,鳞介类,鼈,1,neutral,173
卷四,鳞介类,鳞介类,蠏,1,neutral,173
卷四,鳞介类,鳞介类,蛙,1,neutral,174
卷四,鳞介类,鳞介类,螺,1,neutral,174
卷四,鳞介类,鳞介类,蚌,1,neutral,174
卷四,鳞介类,鳞介类,蛤,1,neutral,174
卷四,鳞介类,鳞介类,蛤蜊,2,neutral,174
卷四,昆虫类,昆虫类,蚕,1,neutral,176
卷四,昆虫类,昆虫类,蝉,1,neutral,176
卷四,昆虫类,昆虫类,新蝉,2,neutral,176
卷四,昆虫类,昆虫类,蜂,1,neutral,176
卷四,昆虫类,昆虫类,蝶,1,neutral,176
卷四,昆虫类,昆虫类,残蝶,2,neutral,176
卷四,昆虫类,昆虫类,蜻蜓,2,neutral,176
卷四,昆虫类,昆虫类,蟋蟀,2,neutral,176
卷四,昆虫类,昆虫类,促织,2,neutral,176
卷四,昆虫类,昆虫类,蛩,1,neutral,176
卷四,昆虫类,昆虫类,蜘蛛,2,neutral,177
卷四,昆虫类,昆虫类,萤,1,neutral,177
卷四,昆虫类,昆虫类,络纬,2,neutral,177
卷四,昆虫类,昆虫类,蝇,1,neutral,177
卷四,昆虫类,昆虫类,螳螂,2,neutral,177
卷四,昆虫类,昆虫类,蚁,1,neutral,177
卷四,昆虫类,昆虫类,蚊,1,neutral,177
卷四,昆虫类,昆虫类,灯蛾,2,neutral,177
