ID,花名,诗名,朝代,作者,物象数量,物象列表,物象分类
1,梅花,早 梅,南朝梁,何逊,12,梅｜霜｜雪｜寒｜枝｜月｜花｜风｜台｜夕｜杯｜春,植物花卉｜天象时令｜天象时令｜天象时令｜植物花卉｜天象时令｜植物花卉｜天象时令｜器物人文｜天象时令｜器物人文｜天象时令
2,梅花,咏梅花,南朝梁,鲍泉,6,梅｜风｜帘｜台｜客｜愁,植物花卉｜天象时令｜器物人文｜器物人文｜人物意象｜情感抽象
3,梅花,梅 花,北朝周,庾信,7,月｜梅花｜春｜雪｜冰｜枝｜寒,天象时令｜植物花卉｜天象时令｜天象时令｜天象时令｜植物花卉｜天象时令
4,梅花,梅花落,南朝宋,鲍照,8,梅｜霜｜花｜露｜春风｜春｜日｜寒风,植物花卉｜天象时令｜植物花卉｜天象时令｜天象时令｜天象时令｜天象时令｜天象时令
5,梅花,和秦太虚梅花,宋,苏轼,20,湖｜花｜马｜黄昏｜残雪｜月｜江｜春｜竹｜枝｜孤｜山｜万里｜客｜佳人｜花开｜草｜风｜雨｜余香,山水地理｜植物花卉｜动物禽鸟｜天象时令｜天象时令｜天象时令｜山水地理｜天象时令｜植物花卉｜植物花卉｜情感抽象｜山水地理｜时空行为｜人物意象｜人物意象｜植物花卉｜植物花卉｜天象时令｜天象时令｜植物花卉
6,梅花,十一月二十六日，松风亭下梅花盛开,宋,苏轼,19,春风｜岭｜梅花｜流｜风｜雨｜愁｜黄昏｜幽｜夜色｜冷｜冬｜松｜亭｜玉｜海｜云｜月｜酒,天象时令｜山水地理｜植物花卉｜山水地理｜天象时令｜天象时令｜情感抽象｜天象时令｜情感抽象｜时空行为｜天象时令｜天象时令｜植物花卉｜山水地理｜器物人文｜山水地理｜天象时令｜天象时令｜器物人文
7,梅花,再用前韵,宋,苏轼,19,山｜梅花｜玉｜雪｜冰｜月｜江｜海｜鹤｜天｜香｜酒｜蓬莱｜花｜鸟｜桑｜人｜寂｜空,山水地理｜植物花卉｜器物人文｜天象时令｜天象时令｜天象时令｜山水地理｜山水地理｜动物禽鸟｜山水地理｜植物花卉｜器物人文｜器物人文｜植物花卉｜动物禽鸟｜植物花卉｜人物意象｜情感抽象｜山水地理
8,梅花,江 梅,唐,杜甫,10,梅｜梅花｜春｜客｜愁｜雪｜江｜风｜波｜故园,植物花卉｜植物花卉｜天象时令｜人物意象｜情感抽象｜天象时令｜山水地理｜天象时令｜山水地理｜山水地理
9,梅花,山路梅,唐,钱起,12,山｜风｜客｜凉｜冷｜溪｜寒山｜日｜峰｜江南｜酒｜杯,山水地理｜天象时令｜人物意象｜天象时令｜天象时令｜山水地理｜山水地理｜天象时令｜山水地理｜山水地理｜器物人文｜器物人文
10,梅花,.看早梅,唐,许浑,13,涧｜梅｜寒｜笛｜雪｜清香｜风｜枝｜山｜野｜蜂｜今日｜人,山水地理｜植物花卉｜天象时令｜器物人文｜天象时令｜植物花卉｜天象时令｜植物花卉｜山水地理｜山水地理｜动物禽鸟｜时空行为｜人物意象
11,梅花,早 梅,唐,齐己,11,孤｜根｜暖｜雪｜夜｜枝｜风｜幽香｜禽｜春｜台,情感抽象｜植物花卉｜天象时令｜天象时令｜天象时令｜植物花卉｜天象时令｜植物花卉｜动物禽鸟｜天象时令｜器物人文
12,梅花,十一月中旬扶风界见梅花,唐,李商隐,5,亭｜香｜月｜霜｜芳,山水地理｜植物花卉｜天象时令｜天象时令｜植物花卉
13,梅花,早 梅,宋,朱熹,13,今日｜江｜寒｜梅｜枝｜愁｜风｜雪｜暖｜热｜酒｜千里｜相思,时空行为｜山水地理｜天象时令｜植物花卉｜植物花卉｜情感抽象｜天象时令｜天象时令｜天象时令｜天象时令｜器物人文｜时空行为｜情感抽象
14,梅花,梅 花,宋,陈亮,8,枝｜玉｜珠｜花｜香｜春｜雪｜玉笛,植物花卉｜器物人文｜器物人文｜植物花卉｜植物花卉｜天象时令｜天象时令｜器物人文
15,梅花,探 梅,宋,戴昺,8,山｜春｜花｜香｜寒｜酒｜空｜烛,山水地理｜天象时令｜植物花卉｜植物花卉｜天象时令｜器物人文｜山水地理｜器物人文
16,梅花,铜坑看梅,明,王稚登,12,人｜梅花｜舟｜莲｜叶｜青山｜流水｜春｜香｜夜｜枝｜野,人物意象｜植物花卉｜器物人文｜植物花卉｜植物花卉｜山水地理｜山水地理｜天象时令｜植物花卉｜天象时令｜植物花卉｜山水地理
17,梅花,梅 花(其一),清,钱澄之,8,花｜春｜天｜夜｜月｜喜｜芳｜寂寞,植物花卉｜天象时令｜山水地理｜天象时令｜天象时令｜情感抽象｜植物花卉｜情感抽象
18,梅花,梅 花(其二),清,钱澄之,9,残雪｜溪｜夜｜月｜天｜春｜芳｜风｜人,天象时令｜山水地理｜天象时令｜天象时令｜山水地理｜天象时令｜植物花卉｜天象时令｜人物意象
19,梅花,和裴迪登蜀州东亭送客逢早梅相忆见寄,唐,杜甫,10,阁｜梅｜雪｜客｜春｜暮｜乡愁｜江｜夕｜人,器物人文｜植物花卉｜天象时令｜人物意象｜天象时令｜天象时令｜情感抽象｜山水地理｜天象时令｜人物意象
20,梅花,酬崔八早梅有赠兼示之作,唐,李商隐,11,寒｜梅｜野｜金｜雪｜炉｜香｜蝶｜蜂｜天｜花,天象时令｜植物花卉｜山水地理｜器物人文｜天象时令｜器物人文｜植物花卉｜动物禽鸟｜动物禽鸟｜山水地理｜植物花卉
21,梅花,梅,唐,罗隐,11,夜｜雨｜山｜鸟｜风｜人｜愁｜寒｜香｜酒｜黄昏,天象时令｜天象时令｜山水地理｜动物禽鸟｜天象时令｜人物意象｜情感抽象｜天象时令｜植物花卉｜器物人文｜天象时令
22,梅花,梅,唐,崔鲁,10,枝｜香｜日｜人｜雨｜愁｜玉笛｜客｜帆｜烟,植物花卉｜植物花卉｜天象时令｜人物意象｜天象时令｜情感抽象｜器物人文｜人物意象｜器物人文｜天象时令
23,梅花,山园小梅,宋,林逋,11,芳｜风｜疏影｜水｜暗香｜月｜黄昏｜霜｜禽｜粉蝶｜金樽,植物花卉｜天象时令｜植物花卉｜山水地理｜植物花卉｜天象时令｜天象时令｜天象时令｜动物禽鸟｜动物禽鸟｜器物人文
24,梅花,山园小梅,宋,林逋,10,日｜春｜霜｜夜｜寒｜冷｜客｜江南｜酒｜旗,天象时令｜天象时令｜天象时令｜天象时令｜天象时令｜天象时令｜人物意象｜山水地理｜器物人文｜器物人文
25,梅花,咏小梅,宋,林逋,8,林｜梅｜空｜山｜雪｜清香｜愁｜杯,山水地理｜植物花卉｜山水地理｜山水地理｜天象时令｜植物花卉｜情感抽象｜器物人文
26,梅花,歧亭道上见梅花戏赠季常,宋,苏轼,14,兰｜菊｜香｜岭｜梅｜枝｜风｜芳｜野｜竹｜叶｜酒｜江｜云,植物花卉｜植物花卉｜植物花卉｜山水地理｜植物花卉｜植物花卉｜天象时令｜植物花卉｜山水地理｜植物花卉｜植物花卉｜器物人文｜山水地理｜天象时令
27,梅花,次韵赏梅,宋,黄庭坚,9,玉｜春｜幽｜人｜芳｜风｜凉｜雨｜香,器物人文｜天象时令｜情感抽象｜人物意象｜植物花卉｜天象时令｜天象时令｜天象时令｜植物花卉
28,梅花,梅 花,宋,陆游,13,江南｜兰｜水｜月｜寒｜春｜玉笛｜孤｜怨｜夜｜冷｜人｜恨,山水地理｜植物花卉｜山水地理｜天象时令｜天象时令｜天象时令｜器物人文｜情感抽象｜情感抽象｜天象时令｜天象时令｜人物意象｜情感抽象
29,梅花,梅 花,宋,陆游,13,月｜地｜云｜孤｜芳｜香｜渡｜寒｜桥｜怨｜江南｜客｜故乡,天象时令｜山水地理｜天象时令｜情感抽象｜植物花卉｜植物花卉｜山水地理｜天象时令｜山水地理｜情感抽象｜山水地理｜人物意象｜山水地理
30,梅花,浣花赏梅,宋,陆游,17,人间｜梅｜春｜积雪｜冰｜香｜山｜野｜水｜月｜枝｜风｜人｜石｜楼｜笛｜玉,时空行为｜植物花卉｜天象时令｜天象时令｜天象时令｜植物花卉｜山水地理｜山水地理｜山水地理｜天象时令｜植物花卉｜天象时令｜人物意象｜山水地理｜器物人文｜器物人文｜器物人文
31,梅花,山亭观梅,宋,陆游,12,梅｜幽｜月｜雪｜地｜花｜春｜恨｜夜｜香｜空｜枝,植物花卉｜情感抽象｜天象时令｜天象时令｜山水地理｜植物花卉｜天象时令｜情感抽象｜天象时令｜植物花卉｜山水地理｜植物花卉
32,梅花,怀古堂前小梅渐开,宋,杨万里,12,梅｜春｜日｜风｜水｜枝｜愁｜寒｜故园｜雪｜江｜乱云,植物花卉｜天象时令｜天象时令｜天象时令｜山水地理｜植物花卉｜情感抽象｜天象时令｜山水地理｜天象时令｜山水地理｜天象时令
33,梅花,梅花下小饮,宋,杨万里,11,春｜空山｜梅｜花｜人｜竹｜叶｜冰｜玉｜杯｜雨,天象时令｜山水地理｜植物花卉｜植物花卉｜人物意象｜植物花卉｜植物花卉｜天象时令｜器物人文｜器物人文｜天象时令
34,梅花,梅 花,宋,徐玑,5,寒｜枝｜幽｜月｜风,天象时令｜植物花卉｜情感抽象｜天象时令｜天象时令
35,梅花,落 梅,宋,刘克庄,13,夜｜风｜寒｜枝｜金｜刀｜玉｜山｜野｜客｜月｜空｜牡丹,天象时令｜天象时令｜天象时令｜植物花卉｜器物人文｜器物人文｜器物人文｜山水地理｜山水地理｜人物意象｜天象时令｜山水地理｜植物花卉
36,梅花,渔舍观梅,宋,林景熙,15,冷｜云｜枝｜竹｜林｜寒｜雪｜香｜春｜水｜芳｜沙｜湖｜扁舟｜寂寞,天象时令｜天象时令｜植物花卉｜植物花卉｜山水地理｜天象时令｜天象时令｜植物花卉｜天象时令｜山水地理｜植物花卉｜山水地理｜山水地理｜器物人文｜情感抽象
37,梅花,梅 魂,元,谢宗可,15,枝｜孤｜山｜夜｜寂｜水｜月｜香｜溪｜风｜愁｜玉笛｜恨｜冷｜草,植物花卉｜情感抽象｜山水地理｜天象时令｜情感抽象｜山水地理｜天象时令｜植物花卉｜山水地理｜天象时令｜情感抽象｜器物人文｜情感抽象｜天象时令｜植物花卉
38,梅花,水中梅影,元,谢宗可,14,寒｜冰｜云｜春色｜枝｜流｜雪｜风｜月｜波｜玉｜黄昏｜溪｜桥,天象时令｜天象时令｜天象时令｜时空行为｜植物花卉｜山水地理｜天象时令｜天象时令｜天象时令｜山水地理｜器物人文｜天象时令｜山水地理｜山水地理
39,梅花,梅花九首(其一),明,高启,16,台｜江南｜雪｜山｜高士｜月｜林｜美人｜寒｜疏影｜竹｜春｜香｜东风｜愁｜寂,器物人文｜山水地理｜天象时令｜山水地理｜人物意象｜天象时令｜山水地理｜人物意象｜天象时令｜植物花卉｜植物花卉｜天象时令｜植物花卉｜天象时令｜情感抽象｜情感抽象
40,梅花,梅花九首(其三),明,高启,16,冷｜香｜客｜风｜鹤｜人｜雪｜舟｜月｜云｜空山｜流水｜愁｜疏影｜花｜夜,天象时令｜植物花卉｜人物意象｜天象时令｜动物禽鸟｜人物意象｜天象时令｜器物人文｜天象时令｜天象时令｜山水地理｜山水地理｜情感抽象｜植物花卉｜植物花卉｜天象时令
41,梅花,梅 涧,明,李东阳,16,地｜沙｜寒｜水｜梅｜涧｜风｜石｜枝｜野｜鹤｜人｜雪｜山｜翁｜春,山水地理｜山水地理｜天象时令｜山水地理｜植物花卉｜山水地理｜天象时令｜山水地理｜植物花卉｜山水地理｜动物禽鸟｜人物意象｜天象时令｜山水地理｜人物意象｜天象时令
42,梅花,赠范蔚宗,南朝宋,陆凯,5,折梅｜人｜江南｜枝｜春,器物人文｜人物意象｜山水地理｜植物花卉｜天象时令
43,梅花,咏 梅,南朝梁,萧绎,6,梅｜春｜日｜人｜花｜枝,植物花卉｜天象时令｜天象时令｜人物意象｜植物花卉｜植物花卉
44,梅花,江滨梅,唐,王适,4,寒｜梅｜花｜水,天象时令｜植物花卉｜植物花卉｜山水地理
45,梅花,杂 诗（其二）,唐,王维,5,故乡｜日｜寒｜梅｜花,山水地理｜天象时令｜天象时令｜植物花卉｜植物花卉
46,梅花,忆 梅,唐,李商隐,5,天涯｜寒｜梅｜恨｜花,山水地理｜天象时令｜植物花卉｜情感抽象｜植物花卉
47,梅花,梅 花,宋,王安石,5,枝｜梅｜凌寒｜雪｜暗香,植物花卉｜植物花卉｜情感抽象｜天象时令｜植物花卉
48,梅花,梅 花,宋,陈与义,7,客｜山｜雪｜香｜梅花｜明月｜夜,人物意象｜山水地理｜天象时令｜植物花卉｜植物花卉｜天象时令｜天象时令
49,梅花,梅 花,宋,陆游,8,山｜月｜幽｜人｜酒｜寒｜愁｜梅花,山水地理｜天象时令｜情感抽象｜人物意象｜器物人文｜天象时令｜情感抽象｜植物花卉
50,梅花,早 梅,宋,朱熹,3,霜｜风｜喜,天象时令｜天象时令｜情感抽象
51,梅花,寒 梅,宋,朱熹,6,玉｜风｜月影｜笛｜夜｜寒,器物人文｜天象时令｜时空行为｜器物人文｜天象时令｜天象时令
52,梅花,岭 梅,宋,朱熹,4,梅花｜雨｜雪｜愁,植物花卉｜天象时令｜天象时令｜情感抽象
53,梅花,咏 梅,金,李俊民,6,江南｜雪｜花｜月｜马｜黄昏,山水地理｜天象时令｜植物花卉｜天象时令｜动物禽鸟｜天象时令
54,梅花,邻墙梅花,元,张昱,4,春｜寒｜香｜梅花,天象时令｜天象时令｜植物花卉｜植物花卉
55,梅花,梅 花,清,蒋锡震,5,竹｜雪｜林｜暗香｜春风,植物花卉｜天象时令｜山水地理｜植物花卉｜天象时令
56,梅花,梅 花,清,汪中,8,孤｜寒｜梅｜春风｜故园｜花落｜江｜枝,情感抽象｜天象时令｜植物花卉｜天象时令｜山水地理｜植物花卉｜山水地理｜植物花卉
57,梅花,梅花坞坐月,清,翁照,6,月｜孤｜冷｜溪｜鹤｜梅花,天象时令｜情感抽象｜天象时令｜山水地理｜动物禽鸟｜植物花卉
58,梅花,灵谷寺梅花坞,明,焦竑,8,山｜茅屋｜梅花｜草｜壶｜燕｜林｜石,山水地理｜器物人文｜植物花卉｜植物花卉｜器物人文｜动物禽鸟｜山水地理｜山水地理
59,梅花,新栽梅,唐,白居易,4,梅｜花｜洲｜桃,植物花卉｜植物花卉｜山水地理｜植物花卉
60,梅花,春女怨,唐,薛维翰,5,玉｜梅｜今朝｜花开｜春色,器物人文｜植物花卉｜时空行为｜植物花卉｜时空行为
61,梅花,早 梅,唐,戎昱,9,寒｜梅｜玉｜溪｜桥｜水｜花｜冬｜雪,天象时令｜植物花卉｜器物人文｜山水地理｜山水地理｜山水地理｜植物花卉｜天象时令｜天象时令
62,梅花,竹里梅,唐,刘言史,5,竹｜梅花｜枝｜风｜雪,植物花卉｜植物花卉｜植物花卉｜天象时令｜天象时令
63,梅花,山驿梅花,唐,李群玉,11,幽｜崖｜溪｜涧｜鸟｜行人｜愁｜香｜空｜山｜雨,情感抽象｜山水地理｜山水地理｜山水地理｜动物禽鸟｜人物意象｜情感抽象｜植物花卉｜山水地理｜山水地理｜天象时令
64,梅花,梅 花,唐,来鹏,7,枝｜冰｜香｜恨｜芳｜霜｜雪,植物花卉｜天象时令｜植物花卉｜情感抽象｜植物花卉｜天象时令｜天象时令
65,梅花,京师逢卖梅花,宋,梅尧臣,6,马｜修竹｜香｜蝴蝶｜水｜芳,动物禽鸟｜植物花卉｜植物花卉｜动物禽鸟｜山水地理｜植物花卉
66,梅花,梅 花,宋,范仲淹,5,春｜雪｜霜｜昨日｜枝,天象时令｜天象时令｜天象时令｜时空行为｜植物花卉
67,梅花,梅花二首,宋,苏轼,17,春｜幽｜谷｜水｜乐｜梅花｜草｜夜｜东风｜石｜飞雪｜渡｜关山｜人｜把酒｜愁｜溪,天象时令｜情感抽象｜山水地理｜山水地理｜情感抽象｜植物花卉｜植物花卉｜天象时令｜天象时令｜山水地理｜天象时令｜山水地理｜山水地理｜人物意象｜器物人文｜情感抽象｜山水地理
68,梅花,次韵杨公济奉议梅花,宋,苏轼,7,寒｜林｜空｜枝｜风｜流｜双燕,天象时令｜山水地理｜山水地理｜植物花卉｜天象时令｜山水地理｜动物禽鸟
69,梅花,梅 花,宋,苏轼,7,春｜湖｜花｜芳草｜山｜烟｜酒,天象时令｜山水地理｜植物花卉｜植物花卉｜山水地理｜天象时令｜器物人文
70,梅花,十一月后庭梅花盛开,宋,蔡襄,6,腊梅｜花｜幽香｜人｜山｜禽,植物花卉｜植物花卉｜植物花卉｜人物意象｜山水地理｜动物禽鸟
71,梅花,梅,宋,陈与义,6,香｜夜｜东风｜残雪｜泪｜梨花,植物花卉｜天象时令｜天象时令｜天象时令｜情感抽象｜植物花卉
72,梅花,和张规臣水墨梅五绝(其三),宋,陈与义,3,江南｜玉｜春,山水地理｜器物人文｜天象时令
73,梅花,和张规臣水墨梅五绝（其五）,宋,陈与义,5,湖｜水｜幽｜夜｜雪,山水地理｜山水地理｜情感抽象｜天象时令｜天象时令
74,梅花,绿萼梅,宋,范成大,7,玉｜霜｜绿竹｜人间｜日｜暮｜寒,器物人文｜天象时令｜植物花卉｜时空行为｜天象时令｜天象时令｜天象时令
75,梅花,落 梅,宋,陆游,4,雪｜风｜花｜气节,天象时令｜天象时令｜植物花卉｜情感抽象
76,梅花,梅 花,宋,陆游,6,幽香｜雪｜风｜花｜人间｜关,植物花卉｜天象时令｜天象时令｜植物花卉｜时空行为｜山水地理
77,梅花,梅 花,宋,陆游,6,梅花｜晓风｜雪｜山｜梅｜翁,植物花卉｜天象时令｜天象时令｜山水地理｜植物花卉｜人物意象
78,梅花,梅 花,宋,陆游,6,桐｜花｜雪｜酒｜壶｜夜,植物花卉｜植物花卉｜天象时令｜器物人文｜器物人文｜天象时令
79,梅花,江上寻梅,宋,陆游,5,风｜月｜梅花｜地｜藤,天象时令｜天象时令｜植物花卉｜山水地理｜植物花卉
80,梅花,折梅花,宋,陆游,5,梅花｜书｜山｜泉｜石,植物花卉｜器物人文｜山水地理｜山水地理｜山水地理
81,梅花,雪后寻梅,宋,陆游,5,枝｜梅｜幽｜人｜香,植物花卉｜植物花卉｜情感抽象｜人物意象｜植物花卉
82,梅花,池亭双树梅花,宋,杨万里,6,梅花｜枝｜雪｜寒｜亭｜水,植物花卉｜植物花卉｜天象时令｜天象时令｜山水地理｜山水地理
83,梅花,南斋梅花,宋,杨万里,4,梅花｜晓｜月｜香,植物花卉｜天象时令｜天象时令｜植物花卉
84,梅花,梅影上有寒雀来往,宋,杨万里,4,梅花｜寒｜日｜飞花,植物花卉｜天象时令｜天象时令｜植物花卉
85,梅花,昌英知县叔作岁，坐上赋瓶里梅花，时坐上九人,宋,杨万里,7,冰｜水｜江｜竹｜客｜人｜梅花,天象时令｜山水地理｜山水地理｜植物花卉｜人物意象｜人物意象｜植物花卉
86,梅花,庆长叔招饮花下,宋,杨万里,4,梅｜风｜雪｜愁,植物花卉｜天象时令｜天象时令｜情感抽象
87,梅花,瓶里梅花,宋,杨万里,6,银｜玉｜梅｜枝｜空山｜人,器物人文｜器物人文｜植物花卉｜植物花卉｜山水地理｜人物意象
88,梅花,除夜自石湖归苕溪(其一),宋,姜夔,13,细雨｜沙｜雪｜烟｜冷｜水｜梅花｜竹｜人｜夜｜香｜石｜桥,天象时令｜山水地理｜天象时令｜天象时令｜天象时令｜山水地理｜植物花卉｜植物花卉｜人物意象｜天象时令｜植物花卉｜山水地理｜山水地理
89,梅花,水边早梅,宋,吴龙翰,6,花｜寒｜烟｜春｜疏影｜枝,植物花卉｜天象时令｜天象时令｜天象时令｜植物花卉｜植物花卉
90,梅花,久客买舟西还,宋,吴龙翰,7,万里｜烟｜波｜愁｜桥｜折梅｜花,时空行为｜天象时令｜山水地理｜情感抽象｜山水地理｜器物人文｜植物花卉
91,梅花,梅 花,宋,黄谷城,11,玉｜箫｜楼｜寒｜野｜月｜山｜夜｜霜｜春｜人间,器物人文｜器物人文｜器物人文｜天象时令｜山水地理｜天象时令｜山水地理｜天象时令｜天象时令｜天象时令｜时空行为
92,梅花,武夷山中,宋,谢枋得,9,峰｜野｜水｜天｜地｜寂｜山｜雨｜梅花,山水地理｜山水地理｜山水地理｜山水地理｜山水地理｜情感抽象｜山水地理｜天象时令｜植物花卉
93,梅花,夜 坐,宋,元吉,7,夜｜寒｜酒｜梅花｜风｜雪｜江南,天象时令｜天象时令｜器物人文｜植物花卉｜天象时令｜天象时令｜山水地理
94,梅花,窗外梅蕾,金,刘仲尹,10,柳｜春风｜人｜玉｜溪｜石｜竹｜桥｜风｜雪,植物花卉｜天象时令｜人物意象｜器物人文｜山水地理｜山水地理｜植物花卉｜山水地理｜天象时令｜天象时令
95,梅花,墨 梅,金,刘仲尹,5,疏影｜冷｜香｜烟雨｜湖,植物花卉｜天象时令｜植物花卉｜天象时令｜山水地理
96,梅花,梅,金,李俊民,6,雪｜沙｜花｜春色｜暗香｜夜,天象时令｜山水地理｜植物花卉｜时空行为｜植物花卉｜天象时令
97,梅花,观梅有感,元,刘因,6,东风｜沙｜湖｜江南｜春｜梅花,天象时令｜山水地理｜山水地理｜山水地理｜天象时令｜植物花卉
98,梅花,白 梅,元,王冕,9,冰｜雪｜林｜桃｜芳｜夜｜清香｜万里｜春,天象时令｜天象时令｜山水地理｜植物花卉｜植物花卉｜天象时令｜植物花卉｜时空行为｜天象时令
99,梅花,梅 花,元,王冕,10,月｜东风｜雪｜湖｜南山｜羌笛｜人｜梅花｜野｜桥,天象时令｜天象时令｜天象时令｜山水地理｜器物人文｜器物人文｜人物意象｜植物花卉｜山水地理｜山水地理
100,梅花,梅 花,元,王冕,11,月｜海｜夜｜烟｜湖｜雪｜天｜人｜玉｜箫｜楼,天象时令｜山水地理｜天象时令｜天象时令｜山水地理｜天象时令｜山水地理｜人物意象｜器物人文｜器物人文｜器物人文
101,梅花,风 梅,元,僧明本,7,花｜春｜寒｜月｜夜｜冷｜玉,植物花卉｜天象时令｜天象时令｜天象时令｜天象时令｜天象时令｜器物人文
102,梅花,王元章倒枝画梅,明,徐渭,6,孤｜芳｜云｜枝｜梅花｜地,情感抽象｜植物花卉｜天象时令｜植物花卉｜植物花卉｜山水地理
103,梅花,吉祥寺古梅,清,林古度,6,梅花｜客｜花｜山｜春｜寒,植物花卉｜人物意象｜植物花卉｜山水地理｜天象时令｜天象时令
104,梅花,百嘉村见梅花,清,龚鼎孳,8,天涯｜疏影｜黄昏｜玉笛｜高楼｜客｜寒月｜江,山水地理｜植物花卉｜天象时令｜器物人文｜器物人文｜人物意象｜天象时令｜山水地理
105,梅花,梅 花,清,王允皙,3,春｜香｜人,天象时令｜植物花卉｜人物意象
106,梅花,枯 梅,清,吴淇,3,香｜林｜人,植物花卉｜山水地理｜人物意象
107,梅花,浣溪沙,宋,王从叔,13,水｜月｜玉｜雪｜桥｜流水｜春｜夜｜石｜天｜香｜台｜花开,山水地理｜天象时令｜器物人文｜天象时令｜山水地理｜山水地理｜天象时令｜天象时令｜山水地理｜山水地理｜植物花卉｜器物人文｜植物花卉
108,梅花,浣溪沙,清,郑侠如,11,孤｜水｜云｜桃｜春｜桐｜明月｜幽香｜枝｜寒｜玉,情感抽象｜山水地理｜天象时令｜植物花卉｜天象时令｜植物花卉｜天象时令｜植物花卉｜植物花卉｜天象时令｜器物人文
109,梅花,长相思,宋,刘克庄,6,寒｜暖｜花｜笛｜枝｜雪,天象时令｜天象时令｜植物花卉｜器物人文｜植物花卉｜天象时令
110,梅花,鬲溪梅令,宋,姜夔,14,花｜香｜人｜浪｜春风｜玉｜木兰｜桨｜云｜水｜孤｜山｜禽｜春,植物花卉｜植物花卉｜人物意象｜山水地理｜天象时令｜器物人文｜植物花卉｜器物人文｜天象时令｜山水地理｜情感抽象｜山水地理｜动物禽鸟｜天象时令
111,梅花,卜算子,宋,朱敦儒,12,涧｜枝｜梅｜林｜远山｜寒｜春｜幽｜风｜流｜香｜明月,山水地理｜植物花卉｜植物花卉｜山水地理｜山水地理｜天象时令｜天象时令｜情感抽象｜天象时令｜山水地理｜植物花卉｜天象时令
112,梅花,卜算子,宋,陆游,10,桥｜寂寞｜黄昏｜愁｜风｜雨｜苦｜春｜芳｜香,山水地理｜情感抽象｜天象时令｜情感抽象｜天象时令｜天象时令｜情感抽象｜天象时令｜植物花卉｜植物花卉
113,梅花,诉衷情,宋,李清照,9,夜｜梅｜枝｜酒｜春｜人｜月｜帘｜余香,天象时令｜植物花卉｜植物花卉｜器物人文｜天象时令｜人物意象｜天象时令｜器物人文｜植物花卉
114,梅花,霜天晓角,宋,林逋,16,冰｜霜｜夜｜梅花｜玉｜龙｜枝｜月｜金｜热｜晓｜寒｜兰｜珠｜帘｜雪,天象时令｜天象时令｜天象时令｜植物花卉｜器物人文｜动物禽鸟｜植物花卉｜天象时令｜器物人文｜天象时令｜天象时令｜天象时令｜植物花卉｜器物人文｜器物人文｜天象时令
115,梅花,霜天晓角,宋,范成大,13,风｜夜｜春｜花｜天｜云｜枝｜雪｜愁｜雁｜人｜楼｜月,天象时令｜天象时令｜天象时令｜植物花卉｜山水地理｜天象时令｜植物花卉｜天象时令｜情感抽象｜动物禽鸟｜人物意象｜器物人文｜天象时令
116,梅花,霜天晓角,宋,萧泰来,7,霜｜雪｜寒｜月｜原｜春风｜海棠,天象时令｜天象时令｜天象时令｜天象时令｜山水地理｜天象时令｜植物花卉
117,梅花,霜天晓角,清,叶申芗,7,雪｜霜｜寒｜香｜花｜春｜林,天象时令｜天象时令｜天象时令｜植物花卉｜植物花卉｜天象时令｜山水地理
118,梅花,清平乐,宋,张孝祥,13,香｜东风｜雪｜云｜天｜水｜桃｜月｜冷｜风｜寒｜岭｜人,植物花卉｜天象时令｜天象时令｜天象时令｜山水地理｜山水地理｜植物花卉｜天象时令｜天象时令｜天象时令｜天象时令｜山水地理｜人物意象
119,梅花,清平乐,宋,李清照,6,雪｜梅花｜泪｜海角｜天涯｜风,天象时令｜植物花卉｜情感抽象｜山水地理｜山水地理｜天象时令
120,梅花,好事近,宋,陈亮,13,乐｜枝｜暮｜烟｜玉｜横笛｜月｜水｜林｜花｜石｜蝶｜幽香,情感抽象｜植物花卉｜天象时令｜天象时令｜器物人文｜器物人文｜天象时令｜山水地理｜山水地理｜植物花卉｜山水地理｜动物禽鸟｜植物花卉
121,梅花,忆秦娥,宋,房舜卿,12,相思｜夜｜梅花｜凉｜南浦｜桥｜月｜波｜东风｜天涯｜暮云｜愁,情感抽象｜天象时令｜植物花卉｜天象时令｜山水地理｜山水地理｜天象时令｜山水地理｜天象时令｜山水地理｜天象时令｜情感抽象
122,梅花,忆少年,宋,无名氏,9,暗香｜梨花｜马｜空｜水｜寒｜沙｜天涯｜羌笛,植物花卉｜植物花卉｜动物禽鸟｜山水地理｜山水地理｜天象时令｜山水地理｜山水地理｜器物人文
123,梅花,阮郎归,宋,苏轼,15,暗香｜月｜黄昏｜春｜东风｜雪｜冷｜玉｜香｜花｜岭｜人｜江南｜日｜暮云,植物花卉｜天象时令｜天象时令｜天象时令｜天象时令｜天象时令｜天象时令｜器物人文｜植物花卉｜植物花卉｜山水地理｜人物意象｜山水地理｜天象时令｜天象时令
124,梅花,善萨蛮,宋,苏轼,7,雪｜花｜暖｜香｜飞花｜梅｜恨,天象时令｜植物花卉｜天象时令｜植物花卉｜植物花卉｜植物花卉｜情感抽象
125,梅花,菩萨蛮,宋,毛滂,11,月｜雪｜桃｜杏｜春｜风｜台｜人｜孤｜雨｜香,天象时令｜天象时令｜植物花卉｜植物花卉｜天象时令｜天象时令｜器物人文｜人物意象｜情感抽象｜天象时令｜植物花卉
126,梅花,菩萨蛮,宋,周邦彦,14,银｜河｜波｜舟｜夕阳｜江｜楼｜天｜梅｜浪｜枝｜雪｜帘｜寒,器物人文｜山水地理｜山水地理｜器物人文｜天象时令｜山水地理｜器物人文｜山水地理｜植物花卉｜山水地理｜植物花卉｜天象时令｜器物人文｜天象时令
127,梅花,朝中措,宋,陆游,10,幽｜少年｜凉｜冷｜江｜月｜孤｜恨｜清香｜东风,情感抽象｜时空行为｜天象时令｜天象时令｜山水地理｜天象时令｜情感抽象｜情感抽象｜植物花卉｜天象时令
128,梅花,虞美人,宋,黄庭坚,15,天涯｜江南｜梅｜春｜夜｜风｜香｜晓｜枝｜玉｜台｜花｜平生｜杯｜少年,山水地理｜山水地理｜植物花卉｜天象时令｜天象时令｜天象时令｜植物花卉｜天象时令｜植物花卉｜器物人文｜器物人文｜植物花卉｜时空行为｜器物人文｜时空行为
129,梅花,西江月,宋,苏轼,12,玉｜愁｜雾｜冰｜风｜海｜芳｜凤｜晓｜云｜空｜梨花,器物人文｜情感抽象｜天象时令｜天象时令｜天象时令｜山水地理｜植物花卉｜动物禽鸟｜天象时令｜天象时令｜山水地理｜植物花卉
130,梅花,盐角儿,宋,晁补之,8,雪｜花｜香｜溪｜风｜月｜山｜桃,天象时令｜植物花卉｜植物花卉｜山水地理｜天象时令｜天象时令｜山水地理｜植物花卉
131,梅花,踏莎行,宋,吕本中,8,雪｜梅花｜人｜风｜楼｜月｜梅｜恨,天象时令｜植物花卉｜人物意象｜天象时令｜器物人文｜天象时令｜植物花卉｜情感抽象
132,梅花,临江仙,宋,李之仪,14,江｜人｜梅｜花｜晓｜寒｜春｜蜂｜蝶｜玉｜云｜泪｜枝｜清香,山水地理｜人物意象｜植物花卉｜植物花卉｜天象时令｜天象时令｜天象时令｜动物禽鸟｜动物禽鸟｜器物人文｜天象时令｜情感抽象｜植物花卉｜植物花卉
133,梅花,临江仙,宋,魏夫人,15,云｜雾｜阁｜春｜芳｜夜｜枝｜玉｜恨｜楼｜香｜暖｜风｜日｜杏花,天象时令｜天象时令｜器物人文｜天象时令｜植物花卉｜天象时令｜植物花卉｜器物人文｜情感抽象｜器物人文｜植物花卉｜天象时令｜天象时令｜天象时令｜植物花卉
134,梅花,临江仙,宋,辛弃疾,15,花｜梅｜江｜枝｜玉｜溪｜春｜雪｜空山｜竹｜根｜流水｜云｜月｜黄昏,植物花卉｜植物花卉｜山水地理｜植物花卉｜器物人文｜山水地理｜天象时令｜天象时令｜山水地理｜植物花卉｜植物花卉｜山水地理｜天象时令｜天象时令｜天象时令
135,梅花,渔家傲,宋,强至,14,雪｜月｜梅｜溪｜幽｜冷｜枝｜香｜玉｜人｜花｜天｜月色｜云,天象时令｜天象时令｜植物花卉｜山水地理｜情感抽象｜天象时令｜植物花卉｜植物花卉｜器物人文｜人物意象｜植物花卉｜山水地理｜时空行为｜天象时令
136,梅花,孤雁儿,宋,李清照,21,人｜梅｜笔｜藤｜香｜玉｜炉｜寒｜水｜笛｜春｜风｜雨｜地｜泪｜箫｜玉楼｜空｜枝｜人间｜天上,人物意象｜植物花卉｜器物人文｜植物花卉｜植物花卉｜器物人文｜器物人文｜天象时令｜山水地理｜器物人文｜天象时令｜天象时令｜天象时令｜山水地理｜情感抽象｜器物人文｜器物人文｜山水地理｜植物花卉｜时空行为｜时空行为
137,梅花,江梅引,金,李献能,21,竹｜云｜枝｜暮｜凉｜月｜香｜玉｜浪｜春｜帘｜冰｜夜｜冷｜孤鸿｜烟｜水｜鸟｜天｜霜｜江,植物花卉｜天象时令｜植物花卉｜天象时令｜天象时令｜天象时令｜植物花卉｜器物人文｜山水地理｜天象时令｜器物人文｜天象时令｜天象时令｜天象时令｜动物禽鸟｜天象时令｜山水地理｜动物禽鸟｜山水地理｜天象时令｜山水地理
138,梅花,望 梅,宋,无名氏,25,人｜寂｜喜｜水｜寒｜芳｜枝｜云｜露｜玉｜冰｜江南｜春色｜恨｜风｜雪｜暗香｜故国｜花｜千里｜珠｜愁｜羌笛｜晓｜月,人物意象｜情感抽象｜情感抽象｜山水地理｜天象时令｜植物花卉｜植物花卉｜天象时令｜天象时令｜器物人文｜天象时令｜山水地理｜时空行为｜情感抽象｜天象时令｜天象时令｜植物花卉｜山水地理｜植物花卉｜时空行为｜器物人文｜情感抽象｜器物人文｜天象时令｜天象时令
139,梅花,最高楼,宋,辛弃疾,16,花｜地｜天｜冷｜香｜枝｜雪｜月｜山｜水｜风｜流｜人｜竹｜桃｜少年,植物花卉｜山水地理｜山水地理｜天象时令｜植物花卉｜植物花卉｜天象时令｜天象时令｜山水地理｜山水地理｜天象时令｜山水地理｜人物意象｜植物花卉｜植物花卉｜时空行为
140,梅花,汉宫春,宋,李邴,23,江｜梅｜竹｜枝｜雪｜霜｜燕｜春｜寒｜花｜塞雁｜溪｜玉｜故人｜冷｜云｜月｜天｜空｜清香｜风｜流｜人,山水地理｜植物花卉｜植物花卉｜植物花卉｜天象时令｜天象时令｜动物禽鸟｜天象时令｜天象时令｜植物花卉｜动物禽鸟｜山水地理｜器物人文｜人物意象｜天象时令｜天象时令｜天象时令｜山水地理｜山水地理｜植物花卉｜天象时令｜山水地理｜人物意象
141,梅花,东风第一枝,明,马洪,24,玉｜香｜云｜月｜花｜人｜台｜冷｜人间｜雪｜烟｜孤｜江｜波｜流｜春风｜相思｜愁｜禽｜湖｜阁｜风｜芳｜他日,器物人文｜植物花卉｜天象时令｜天象时令｜植物花卉｜人物意象｜器物人文｜天象时令｜时空行为｜天象时令｜天象时令｜情感抽象｜山水地理｜山水地理｜山水地理｜天象时令｜情感抽象｜情感抽象｜动物禽鸟｜山水地理｜器物人文｜天象时令｜植物花卉｜时空行为
142,梅花,满江红,宋,刘克庄,21,日｜溪｜空｜幽｜冷｜月｜天｜寒｜暮｜竹｜人｜山｜涧｜金｜雪｜银｜烛｜风｜谷｜玉｜林,天象时令｜山水地理｜山水地理｜情感抽象｜天象时令｜天象时令｜山水地理｜天象时令｜天象时令｜植物花卉｜人物意象｜山水地理｜山水地理｜器物人文｜天象时令｜器物人文｜器物人文｜天象时令｜山水地理｜器物人文｜山水地理
143,梅花,花心动,宋,黄子行,22,楼｜笛｜雨｜水｜帘｜东风｜香｜雪｜余香｜空｜愁｜泪｜寒｜恨｜江南｜春｜冷｜烟｜残月｜兰｜灯｜人,器物人文｜器物人文｜天象时令｜山水地理｜器物人文｜天象时令｜植物花卉｜天象时令｜植物花卉｜山水地理｜情感抽象｜情感抽象｜天象时令｜情感抽象｜山水地理｜天象时令｜天象时令｜天象时令｜天象时令｜植物花卉｜器物人文｜人物意象
144,梅花,孤 鸾,宋,赵以夫,23,江南｜春｜江｜寒｜梅｜冷｜春风｜幽香｜烟｜草｜竹｜枝｜花｜玉｜雪｜月｜凉｜塞｜相思｜湖｜霜｜天｜晓,山水地理｜天象时令｜山水地理｜天象时令｜植物花卉｜天象时令｜天象时令｜植物花卉｜天象时令｜植物花卉｜植物花卉｜植物花卉｜植物花卉｜器物人文｜天象时令｜天象时令｜天象时令｜山水地理｜情感抽象｜山水地理｜天象时令｜山水地理｜天象时令
145,梅花,赏南枝,宋,曾巩,19,暮｜冬｜天｜地｜雪｜南山｜岭｜梅｜露｜玉｜枝｜霜｜苦｜花｜根｜春｜酒｜幽香｜人,天象时令｜天象时令｜山水地理｜山水地理｜天象时令｜器物人文｜山水地理｜植物花卉｜天象时令｜器物人文｜植物花卉｜天象时令｜情感抽象｜植物花卉｜植物花卉｜天象时令｜器物人文｜植物花卉｜人物意象
146,梅花,一尊红,元,朱晞颜,18,玉｜帘｜暖｜春｜夜｜寒｜月｜露｜空｜香｜冷｜芳｜恨｜冰｜空山｜溪｜笛｜平生,器物人文｜器物人文｜天象时令｜天象时令｜天象时令｜天象时令｜天象时令｜天象时令｜山水地理｜植物花卉｜天象时令｜植物花卉｜情感抽象｜天象时令｜山水地理｜山水地理｜器物人文｜时空行为
147,梅花,暗香,宋,姜夔,23,冬｜雪｜石｜湖｜月｜日｜暗香｜疏影｜月色｜梅｜笛｜玉｜人｜寒｜春风｜笔｜竹｜花｜香｜冷｜江｜寂｜夜,天象时令｜天象时令｜山水地理｜山水地理｜天象时令｜天象时令｜植物花卉｜植物花卉｜时空行为｜植物花卉｜器物人文｜器物人文｜人物意象｜天象时令｜天象时令｜器物人文｜植物花卉｜植物花卉｜植物花卉｜天象时令｜山水地理｜情感抽象｜天象时令
148,梅花,暗香,清,李良年,17,春｜日｜枝｜修竹｜天｜寒｜月｜露｜帘｜夜｜香｜根｜溪｜楼｜短亭｜风｜笛,天象时令｜天象时令｜植物花卉｜植物花卉｜山水地理｜天象时令｜天象时令｜天象时令｜器物人文｜天象时令｜植物花卉｜植物花卉｜山水地理｜器物人文｜山水地理｜天象时令｜器物人文
149,梅花,疏 影,宋,姜夔,22,枝｜玉｜禽｜客｜黄昏｜修竹｜昭君｜沙｜江南｜江｜月｜夜｜花｜幽｜人｜春风｜金｜波｜怨｜龙｜哀｜幽香,植物花卉｜器物人文｜动物禽鸟｜人物意象｜天象时令｜植物花卉｜人物意象｜山水地理｜山水地理｜山水地理｜天象时令｜天象时令｜植物花卉｜情感抽象｜人物意象｜天象时令｜器物人文｜山水地理｜情感抽象｜动物禽鸟｜情感抽象｜植物花卉
150,梅花,疏 影,宋,王沂孙,18,月｜石｜春｜寒｜相思｜芳｜东风｜恨｜水｜孤｜云｜残雪｜冰｜冷｜枝｜黄昏｜故人｜香,天象时令｜山水地理｜天象时令｜天象时令｜情感抽象｜植物花卉｜天象时令｜情感抽象｜山水地理｜情感抽象｜天象时令｜天象时令｜天象时令｜天象时令｜植物花卉｜天象时令｜人物意象｜植物花卉
151,梅花,疏 影,宋,张炎,20,黄昏｜月｜地｜枝｜灯｜夜｜竹｜云｜镜｜孤｜花｜春｜海｜水｜酒｜天｜寒｜空｜香｜雪,天象时令｜天象时令｜山水地理｜植物花卉｜器物人文｜天象时令｜植物花卉｜天象时令｜器物人文｜情感抽象｜植物花卉｜天象时令｜山水地理｜山水地理｜器物人文｜山水地理｜天象时令｜山水地理｜植物花卉｜天象时令
152,梅花,扬州慢,清,张琦,22,山｜烟｜溪｜雪｜桥｜竹｜人｜夜｜孤｜春｜幽香｜天｜寒｜霞｜愁｜泪｜冰｜花｜洲｜天涯｜云｜明月,山水地理｜天象时令｜山水地理｜天象时令｜山水地理｜植物花卉｜人物意象｜天象时令｜情感抽象｜天象时令｜植物花卉｜山水地理｜天象时令｜天象时令｜情感抽象｜情感抽象｜天象时令｜植物花卉｜山水地理｜山水地理｜天象时令｜天象时令
153,梅花,沁园春,宋,方岳,20,美人｜石｜春｜枝｜喜｜龙｜雪｜月｜鹤｜寒｜云｜空山｜孤｜江｜珠｜风｜水｜烟雨｜愁｜山,人物意象｜山水地理｜天象时令｜植物花卉｜情感抽象｜动物禽鸟｜天象时令｜天象时令｜动物禽鸟｜天象时令｜天象时令｜山水地理｜情感抽象｜山水地理｜器物人文｜天象时令｜山水地理｜天象时令｜情感抽象｜山水地理
154,梅花,沁园春,宋,刘克庄,18,天｜梅花｜孤｜芬｜芳｜山｜冷｜幽｜香｜书｜日｜暮｜寒山｜空｜月｜玉｜羌笛｜凉,山水地理｜植物花卉｜情感抽象｜植物花卉｜植物花卉｜山水地理｜天象时令｜情感抽象｜植物花卉｜器物人文｜天象时令｜天象时令｜山水地理｜山水地理｜天象时令｜器物人文｜器物人文｜天象时令
155,梅花,贺新郎,宋,吴文英,18,云｜东风｜地｜月｜夜｜鹤｜花｜竹｜枝｜露｜泪｜春｜幽｜梅｜寒｜浪｜水｜恨,天象时令｜天象时令｜山水地理｜天象时令｜天象时令｜动物禽鸟｜植物花卉｜植物花卉｜植物花卉｜天象时令｜情感抽象｜天象时令｜情感抽象｜植物花卉｜天象时令｜山水地理｜山水地理｜情感抽象
156,梅花,六州歌头,元,张翥,31,孤｜山｜石｜花｜冰｜修竹｜残雪｜霞｜空｜谷｜佳人｜寒｜江南｜江｜水｜云｜枝｜香｜凤｜蜂｜月｜芳｜客｜人｜酒｜春｜锦｜瑟｜流｜风｜沙,情感抽象｜山水地理｜山水地理｜植物花卉｜天象时令｜植物花卉｜天象时令｜天象时令｜山水地理｜山水地理｜人物意象｜天象时令｜山水地理｜山水地理｜山水地理｜天象时令｜植物花卉｜植物花卉｜动物禽鸟｜动物禽鸟｜天象时令｜植物花卉｜人物意象｜人物意象｜器物人文｜天象时令｜器物人文｜器物人文｜山水地理｜天象时令｜山水地理
157,迎春花,代迎春花招刘郎中,唐,白居易.,4,松｜桃｜杏｜花,植物花卉｜植物花卉｜植物花卉｜植物花卉
158,迎春花,刘敞阁前迎春花,宋,韩琦,4,地｜花｜枝｜春,山水地理｜植物花卉｜植物花卉｜天象时令
159,迎春花,中书东厅迎春,宋,韩琦,6,雪｜寒｜春｜花｜芬｜芳,天象时令｜天象时令｜天象时令｜植物花卉｜植物花卉｜植物花卉
160,迎春花,嘲迎春花,清,赵执信,8,金｜梅｜清香｜菊｜春｜寒｜苦｜风,器物人文｜植物花卉｜植物花卉｜植物花卉｜天象时令｜天象时令｜情感抽象｜天象时令
161,迎春花,清平乐,宋,赵师侠,5,春｜枝｜江｜迎春｜金,天象时令｜植物花卉｜山水地理｜植物花卉｜器物人文
162,樱桃花,和乐天宴李美周中丞宅池中赏櫻桃花,唐,刘禹锡,13,桃｜枝｜雪｜天｜水｜露｜清香｜酒｜客｜芳｜日｜人｜杯,植物花卉｜植物花卉｜天象时令｜山水地理｜山水地理｜天象时令｜植物花卉｜器物人文｜人物意象｜植物花卉｜天象时令｜人物意象｜器物人文
163,樱桃花,櫻桃花下有感而作,唐,白居易,7,春｜日｜客｜花｜风｜杯｜喜,天象时令｜天象时令｜人物意象｜植物花卉｜天象时令｜器物人文｜情感抽象
164,樱桃花,履信池櫻桃岛上醉后走笔送别舒员外兼寄宗正李卿考功崔郎中,唐,白居易,17,桃｜春｜花｜枝｜日｜空｜叶｜风｜地｜悲｜秋｜今朝｜寒｜水｜故人｜樱桃花｜云,植物花卉｜天象时令｜植物花卉｜植物花卉｜天象时令｜山水地理｜植物花卉｜天象时令｜山水地理｜情感抽象｜天象时令｜时空行为｜天象时令｜山水地理｜人物意象｜植物花卉｜天象时令
165,樱桃花,同诸客携酒早看櫻桃花,唐,白居易,11,晓｜桃｜春｜酒｜客｜雪｜枝｜天｜人｜杯｜花,天象时令｜植物花卉｜天象时令｜器物人文｜人物意象｜天象时令｜植物花卉｜山水地理｜人物意象｜器物人文｜植物花卉
166,樱桃花,二月十五日櫻桃花盛开,唐,温庭筠,10,晓｜烟｜春｜雪｜蝶｜莺｜晨｜香｜夜雨｜恨,天象时令｜天象时令｜天象时令｜天象时令｜动物禽鸟｜动物禽鸟｜天象时令｜植物花卉｜天象时令｜情感抽象
167,樱桃花,和永叔同游上林院后亭见櫻桃花悉已披谢,宋,梅尧臣,11,春｜今日｜芳｜幽｜枝｜蜂｜谷｜鸟｜把酒｜欢｜夕阳,天象时令｜时空行为｜植物花卉｜情感抽象｜植物花卉｜动物禽鸟｜山水地理｜动物禽鸟｜器物人文｜情感抽象｜天象时令
168,樱桃花,酬韩侍郎张博士雨后游曲江见寄,唐,白居易,4,花｜马｜雨｜江,植物花卉｜动物禽鸟｜天象时令｜山水地理
169,樱桃花,題东楼前李使君所种樱桃花,唐,白居易,7,云｜日｜春｜花｜楼｜愁｜人,天象时令｜天象时令｜天象时令｜植物花卉｜器物人文｜情感抽象｜人物意象
170,樱桃花,折枝花赠行,唐,元稹,5,樱桃花｜春｜枝｜相思｜林,植物花卉｜天象时令｜植物花卉｜情感抽象｜山水地理
171,樱桃花,和裴仆射看櫻桃花,唐,张籍,6,昨日｜雨｜樱桃花｜枝｜天｜人,时空行为｜天象时令｜植物花卉｜植物花卉｜山水地理｜人物意象
172,樱桃花,山寺看櫻桃花題僧壁,唐,刘言史,5,春风｜桃｜枝｜花｜人,天象时令｜植物花卉｜植物花卉｜植物花卉｜人物意象
173,樱桃花,题樱桃,唐,李群玉,8,春｜酒｜花｜风｜玉｜山｜今日｜叶,天象时令｜器物人文｜植物花卉｜天象时令｜器物人文｜山水地理｜时空行为｜植物花卉
174,樱桃花,樱桃树,唐,韦庄,9,花开｜雪｜枝｜蜂｜蝶｜花｜花落｜空｜人,植物花卉｜天象时令｜植物花卉｜动物禽鸟｜动物禽鸟｜植物花卉｜植物花卉｜山水地理｜人物意象
175,樱桃花,买带花樱桃,唐,吴融,4,露｜烟｜恨｜春,天象时令｜天象时令｜情感抽象｜天象时令
176,樱桃花,樱桃花,宋,范成大,4,暖｜寒｜玉｜梅,天象时令｜天象时令｜器物人文｜植物花卉
177,樱桃花,樱桃花,元,方回,4,花开｜风｜苦｜露,植物花卉｜天象时令｜情感抽象｜天象时令
178,樱桃花,红窗睡,清,陈维崧,8,小楼｜风｜花｜枝｜细雨｜莺｜香｜美人,器物人文｜天象时令｜植物花卉｜植物花卉｜天象时令｜动物禽鸟｜植物花卉｜人物意象
179,海棠,折海棠戏赠圣俞,宋,欧阳修,11,花｜凉｜草｜露｜春｜白日｜人｜浪｜苦｜酒｜翁,植物花卉｜天象时令｜植物花卉｜天象时令｜天象时令｜天象时令｜人物意象｜山水地理｜情感抽象｜器物人文｜人物意象
180,海棠,张园观海棠,宋,陆游,13,楼｜春｜马｜锦｜花｜人｜晓｜夜｜欢｜酒｜黄昏｜雨｜泪,器物人文｜天象时令｜动物禽鸟｜器物人文｜植物花卉｜人物意象｜天象时令｜天象时令｜情感抽象｜器物人文｜天象时令｜天象时令｜情感抽象
181,海棠,寓居定惠院之东，杂花溝山，有海棠一株，土人不知贵也,宋,苏轼,33,江｜地｜草｜花｜苦｜幽｜竹｜桃｜山｜佳人｜空｜谷｜天｜金｜酒｜林｜雾｜晓｜日｜暖｜风｜春｜雨｜泪｜月｜人｜修竹｜根｜千里｜鸿｜天涯｜流｜雪,山水地理｜山水地理｜植物花卉｜植物花卉｜情感抽象｜情感抽象｜植物花卉｜植物花卉｜山水地理｜人物意象｜山水地理｜山水地理｜山水地理｜器物人文｜器物人文｜山水地理｜天象时令｜天象时令｜天象时令｜天象时令｜天象时令｜天象时令｜天象时令｜情感抽象｜天象时令｜人物意象｜植物花卉｜植物花卉｜时空行为｜动物禽鸟｜山水地理｜山水地理｜天象时令
182,海棠,张园海棠,宋,陆游,18,春｜沙｜叶｜海棠｜燕｜台｜天｜地｜花｜云｜空｜雪｜风｜蜂｜蝶｜锦｜天上｜刀,天象时令｜山水地理｜植物花卉｜植物花卉｜动物禽鸟｜器物人文｜山水地理｜山水地理｜植物花卉｜天象时令｜山水地理｜天象时令｜天象时令｜动物禽鸟｜动物禽鸟｜器物人文｜时空行为｜器物人文
183,海棠,海棠歌,宋,陆游,18,霜｜亭｜海棠｜天｜枝｜人｜花｜扁舟｜千里｜桃｜根｜芍药｜风｜雨｜春｜杜鹃｜夜｜寒,天象时令｜山水地理｜植物花卉｜山水地理｜植物花卉｜人物意象｜植物花卉｜器物人文｜时空行为｜植物花卉｜植物花卉｜植物花卉｜天象时令｜天象时令｜天象时令｜植物花卉｜天象时令｜天象时令
184,海棠,游海棠西山示赵彦成,宋,邵雍,12,东风｜雨｜溪｜滩｜石｜岸｜江｜山｜客｜春色｜海棠｜花,天象时令｜天象时令｜山水地理｜山水地理｜山水地理｜山水地理｜山水地理｜山水地理｜人物意象｜时空行为｜植物花卉｜植物花卉
185,海棠,海 棠,宋,郭稹,10,芳｜风｜枝｜香｜怨｜露｜河｜人｜龙｜阁,植物花卉｜天象时令｜植物花卉｜植物花卉｜情感抽象｜天象时令｜山水地理｜人物意象｜动物禽鸟｜器物人文
186,海棠,陪粹翁举酒君子亭寧下海棠方开,宋,陈与义,12,人｜地｜春风｜游子｜暮｜雨｜海棠｜故国｜帘｜花｜叶｜酒,人物意象｜山水地理｜天象时令｜人物意象｜天象时令｜天象时令｜植物花卉｜山水地理｜器物人文｜植物花卉｜植物花卉｜器物人文
187,海棠,海棠,宋,刘子翚,11,幽｜春｜梅｜风｜流｜柳｜野｜水｜清明｜夜雨｜香,情感抽象｜天象时令｜植物花卉｜天象时令｜山水地理｜植物花卉｜山水地理｜山水地理｜天象时令｜天象时令｜植物花卉
188,海棠,夜宴赏海棠醉书,宋,陆游,10,天涯｜欢｜燕｜雨｜海棠｜春｜寒｜锦｜夜｜泪,山水地理｜情感抽象｜动物禽鸟｜天象时令｜植物花卉｜天象时令｜天象时令｜器物人文｜天象时令｜情感抽象
189,海棠,怀成都海棠,宋,陆游,8,海棠｜月｜马｜落日｜春｜枝｜故人｜烟,植物花卉｜天象时令｜动物禽鸟｜天象时令｜天象时令｜植物花卉｜人物意象｜天象时令
190,海棠,垂丝海棠,宋,杨万里,7,风｜海棠｜玉｜日｜春｜晓｜桃,天象时令｜植物花卉｜器物人文｜天象时令｜天象时令｜天象时令｜植物花卉
191,海棠,海 棠(其一),宋,杨万里,10,晨｜落日｜暮｜春｜露｜酒｜花｜银｜烛｜冰,天象时令｜天象时令｜天象时令｜天象时令｜天象时令｜器物人文｜植物花卉｜器物人文｜器物人文｜天象时令
192,海棠,海 棠(其二),宋,杨万里,8,人｜晓｜日｜东风｜花｜关｜春｜恨,人物意象｜天象时令｜天象时令｜天象时令｜植物花卉｜山水地理｜天象时令｜情感抽象
193,海棠,祁阳道中见海棠,明,杨基,12,桂｜江｜烟云｜野｜雨｜香｜春｜鹃｜湖｜柳｜暖｜风,植物花卉｜山水地理｜天象时令｜山水地理｜天象时令｜植物花卉｜天象时令｜动物禽鸟｜山水地理｜植物花卉｜天象时令｜天象时令
194,海棠,咏白海棠,清,曹雪芹,10,帘｜冰｜玉｜梅花｜月｜人｜秋｜怨｜西风｜夜,器物人文｜天象时令｜器物人文｜植物花卉｜天象时令｜人物意象｜天象时令｜情感抽象｜天象时令｜天象时令
195,海棠,垂丝海棠,宋,洪适,2,地｜云,山水地理｜天象时令
196,海棠,海 棠,唐,何希尧,3,雨｜金｜东风,天象时令｜器物人文｜天象时令
197,海棠,海 棠,宋,苏轼,8,东风｜香｜雾｜空｜月｜夜｜花｜烛,天象时令｜植物花卉｜天象时令｜山水地理｜天象时令｜天象时令｜植物花卉｜器物人文
198,海棠,海棠三首(其一),宋,陈与义,6,海棠｜日｜暮｜锦｜花｜雨,植物花卉｜天象时令｜天象时令｜器物人文｜植物花卉｜天象时令
199,海棠,海棠三首(其二),宋,陈与义,2,林｜春,山水地理｜天象时令
200,海棠,海棠三首(其三),宋,陈与义,8,人｜春｜日｜蜂｜燕｜海棠｜东风｜晓,人物意象｜天象时令｜天象时令｜动物禽鸟｜动物禽鸟｜植物花卉｜天象时令｜天象时令
201,海棠,海 棠,宋,陈与义,7,月｜日｜风｜春｜寒｜海棠｜细雨,天象时令｜天象时令｜天象时令｜天象时令｜天象时令｜植物花卉｜天象时令
202,海棠,赏海棠三绝,宋,范成大,13,芳｜春｜海棠｜灯｜烛｜花｜风｜月｜夜｜暖｜月光｜寒｜露,植物花卉｜天象时令｜植物花卉｜器物人文｜器物人文｜植物花卉｜天象时令｜天象时令｜天象时令｜天象时令｜时空行为｜天象时令｜天象时令
203,海棠,闻石湖海棠盛开亟携家过之,宋,范成大,9,东风｜花｜风｜人｜锦｜蜂｜蝶｜春｜云,天象时令｜植物花卉｜天象时令｜人物意象｜器物人文｜动物禽鸟｜动物禽鸟｜天象时令｜天象时令
204,海棠,花时遍游诸家园,宋,陆游,7,花｜风｜日｜芳｜夜｜春｜海棠,植物花卉｜天象时令｜天象时令｜植物花卉｜天象时令｜天象时令｜植物花卉
205,海棠,海 棠,宋,陆游,7,地｜花｜枝｜林｜香｜恨｜人,山水地理｜植物花卉｜植物花卉｜山水地理｜植物花卉｜情感抽象｜人物意象
206,海棠,题苦竹寺海棠洞,宋,王之道,1,风,天象时令
207,海棠,海棠三首(其一),宋,刘克庄,4,石｜花｜芙蓉｜海棠,山水地理｜植物花卉｜植物花卉｜植物花卉
208,海棠,海棠三首(其二),宋,刘克庄,5,山｜芳｜金｜溪｜野,山水地理｜植物花卉｜器物人文｜山水地理｜山水地理
209,海棠,海棠三首(其三),宋,刘克庄,2,蛱蝶｜风,动物禽鸟｜天象时令
210,海棠,雨中海棠,宋,程敦厚,9,玉｜寒｜风｜雨｜苦｜晓｜珠｜帘｜香,器物人文｜天象时令｜天象时令｜天象时令｜情感抽象｜天象时令｜器物人文｜器物人文｜植物花卉
211,海棠,黄海棠,金,蔡松年,3,冰｜雪｜玉,天象时令｜天象时令｜器物人文
212,海棠,同儿辈赋未开海棠,金,元好问,4,枝｜芳｜桃｜春风,植物花卉｜植物花卉｜植物花卉｜天象时令
213,海棠,海 棠,元,黄庚,6,酒｜夜｜杜鹃｜落花｜月｜东风,器物人文｜天象时令｜植物花卉｜植物花卉｜天象时令｜天象时令
214,海棠,腊月海棠,元,尹廷高,5,枝｜霜｜花｜春｜风,植物花卉｜天象时令｜植物花卉｜天象时令｜天象时令
215,海棠,西斋庭前海棠,明,高启,10,寂｜银｜烛｜金｜帘｜晓｜寒｜人｜幽｜雨,情感抽象｜器物人文｜器物人文｜器物人文｜器物人文｜天象时令｜天象时令｜人物意象｜情感抽象｜天象时令
216,海棠,兴教寺海棠,明,杨慎,6,繁花｜春｜芳｜人｜金｜空山,植物花卉｜天象时令｜植物花卉｜人物意象｜器物人文｜山水地理
217,海棠,海棠词,清,袁枚,2,风｜玉,天象时令｜器物人文
218,海棠,如梦令,宋,李清照,6,夜雨｜风｜酒｜帘｜人｜海棠,天象时令｜天象时令｜器物人文｜器物人文｜人物意象｜植物花卉
219,海棠,如梦令,宋,吴潜,9,江｜芳草｜故园｜春｜海棠｜花｜夜｜晓｜啼鸟,山水地理｜植物花卉｜山水地理｜天象时令｜植物花卉｜植物花卉｜天象时令｜天象时令｜动物禽鸟
220,海棠,卜算子,宋,刘克庄,7,蝶｜天｜花｜暮｜枝｜雨｜风,动物禽鸟｜山水地理｜植物花卉｜天象时令｜植物花卉｜天象时令｜天象时令
221,海棠,南乡子（十月海棠）,宋,李石,15,月｜春｜天｜红叶｜花｜雨｜烟｜冷｜梅｜雪｜晓｜莺｜锦｜枝｜凤,天象时令｜天象时令｜山水地理｜植物花卉｜植物花卉｜天象时令｜天象时令｜天象时令｜植物花卉｜天象时令｜天象时令｜动物禽鸟｜器物人文｜植物花卉｜动物禽鸟
222,海棠,殢人娇,清,沈皡日,11,山｜水｜林｜香｜蝶｜雨｜烟｜露｜江｜亭｜花,山水地理｜山水地理｜山水地理｜植物花卉｜动物禽鸟｜天象时令｜天象时令｜天象时令｜山水地理｜山水地理｜植物花卉
223,海棠,满江红（二月二十四夜饮海棠下作）,宋,刘克庄,15,石｜花｜寒｜风｜烈｜日｜烛｜雨｜云｜今夕｜空｜枝｜杜鹃｜愁｜寂,山水地理｜植物花卉｜天象时令｜天象时令｜情感抽象｜天象时令｜器物人文｜天象时令｜天象时令｜时空行为｜山水地理｜植物花卉｜植物花卉｜情感抽象｜情感抽象
224,海棠,宴清都（连理海棠）,宋,吴文英,22,云｜芳｜根｜花｜锦｜人｜东风｜枝｜燕｜欢｜冷｜人间｜幽｜春｜风｜露｜暖｜恨｜秋｜灯｜夜｜暮,天象时令｜植物花卉｜植物花卉｜植物花卉｜器物人文｜人物意象｜天象时令｜植物花卉｜动物禽鸟｜情感抽象｜天象时令｜时空行为｜情感抽象｜天象时令｜天象时令｜天象时令｜天象时令｜情感抽象｜天象时令｜器物人文｜天象时令｜天象时令
225,海棠,摸鱼儿,宋,刘克庄,24,春｜冷｜烟｜雨｜芳｜暖｜日｜霜｜花｜玉｜石｜湖｜笔｜孤｜风｜佳人｜寂｜东风｜暮｜酒｜天｜叶｜地｜恨,天象时令｜天象时令｜天象时令｜天象时令｜植物花卉｜天象时令｜天象时令｜天象时令｜植物花卉｜器物人文｜山水地理｜山水地理｜器物人文｜情感抽象｜天象时令｜人物意象｜情感抽象｜天象时令｜天象时令｜器物人文｜山水地理｜植物花卉｜山水地理｜情感抽象
226,桃花,风雨看舟前落花戏为新句,唐,杜甫,16,江｜人｜桃｜枝｜春｜寒｜细雨｜碧水｜风｜花｜舟｜水｜沙｜草｜蜂｜蝴蝶,山水地理｜人物意象｜植物花卉｜植物花卉｜天象时令｜天象时令｜天象时令｜山水地理｜天象时令｜植物花卉｜器物人文｜山水地理｜山水地理｜植物花卉｜动物禽鸟｜动物禽鸟
227,桃花,绯桃花歌,唐,李咸用,11,春｜桃｜花｜牡丹｜露｜月｜野｜鹃｜霞｜东风｜芳,天象时令｜植物花卉｜植物花卉｜植物花卉｜天象时令｜天象时令｜山水地理｜动物禽鸟｜天象时令｜天象时令｜植物花卉
1005-01,海棠,驿舍见故屏风画海棠有感,宋,陆游,18,石｜酒｜月｜海棠｜锦｜燕｜花｜海｜豪｜天｜朝日｜乐｜故人｜夜｜风｜雨｜愁｜枝,山水地理｜器物人文｜天象时令｜植物花卉｜器物人文｜动物禽鸟｜植物花卉｜山水地理｜情感抽象｜山水地理｜天象时令｜情感抽象｜人物意象｜天象时令｜天象时令｜天象时令｜情感抽象｜植物花卉
1006-01,海棠,和泽民求海棠,宋,吴芾,5,花｜雨｜露｜沙｜霞,植物花卉｜天象时令｜天象时令｜山水地理｜天象时令
1007,海棠,菩萨蛮,宋,王安石,12,海棠｜水｜花｜凉｜月｜香｜风｜岸｜枝｜鸟｜酒｜杯,植物花卉｜山水地理｜植物花卉｜天象时令｜天象时令｜植物花卉｜天象时令｜山水地理｜植物花卉｜动物禽鸟｜器物人文｜器物人文
1008,桃花,四月九日幽谷见绯桃盛开,宋,欧阳修,12,花｜幽｜谷｜花开｜人｜书｜东风｜桃｜芳｜清香｜日｜草,植物花卉｜情感抽象｜山水地理｜植物花卉｜人物意象｜器物人文｜天象时令｜植物花卉｜植物花卉｜植物花卉｜天象时令｜植物花卉
1009,桃花,忆左掖千叶桃花,明,杨基,17,雪｜桃｜霞｜江｜日｜春色｜花｜愁｜月｜风｜喜｜书｜夕｜露｜香｜客｜人,天象时令｜植物花卉｜天象时令｜山水地理｜天象时令｜时空行为｜植物花卉｜情感抽象｜天象时令｜天象时令｜情感抽象｜器物人文｜天象时令｜天象时令｜植物花卉｜人物意象｜人物意象
228,桃花,桃 花,明,赵福元,21,蓬莱｜帷｜香｜风｜云｜芳｜春｜莲｜芬｜晨｜霞｜寒｜玉｜锦｜莺｜燕｜苦｜花｜桃｜流水｜溪,器物人文｜器物人文｜植物花卉｜天象时令｜天象时令｜植物花卉｜天象时令｜植物花卉｜植物花卉｜天象时令｜天象时令｜天象时令｜器物人文｜器物人文｜动物禽鸟｜动物禽鸟｜情感抽象｜植物花卉｜植物花卉｜山水地理｜山水地理
229,桃花,晚 桃,唐,刘长卿,8,月｜涧｜桃花｜地｜春风｜空｜幽｜林,天象时令｜山水地理｜植物花卉｜山水地理｜天象时令｜山水地理｜情感抽象｜山水地理
230,桃花,敷水小桃盛开,唐,温庭筠,8,水｜桥｜露｜地｜恨｜春风｜月｜枝,山水地理｜山水地理｜天象时令｜山水地理｜情感抽象｜天象时令｜天象时令｜植物花卉
231,桃花,百井路山桃,宋,韩琦,9,岭｜桃｜人｜云｜霞｜锦｜芳｜杯｜客,山水地理｜植物花卉｜人物意象｜天象时令｜天象时令｜器物人文｜植物花卉｜器物人文｜人物意象
232,桃花,桃·花,明,高启,5,春色｜人｜香｜蝶｜风,时空行为｜人物意象｜植物花卉｜动物禽鸟｜天象时令
233,桃花,晚桃花,唐,白居易,9,桃｜竹｜松｜斜日｜人｜寒｜地｜春｜枝,植物花卉｜植物花卉｜植物花卉｜天象时令｜人物意象｜天象时令｜山水地理｜天象时令｜植物花卉
234,桃花,咏庭前桃,唐,韦庄,12,桃｜舟｜幽｜露｜泪｜愁｜春｜恨｜香｜风｜酒｜楼,植物花卉｜器物人文｜情感抽象｜天象时令｜情感抽象｜情感抽象｜天象时令｜情感抽象｜植物花卉｜天象时令｜器物人文｜器物人文
235,桃花,绯桃花,唐,李咸用,9,天｜桃｜愁｜灯｜电｜梨花｜空｜雪｜春色,山水地理｜植物花卉｜情感抽象｜器物人文｜天象时令｜植物花卉｜山水地理｜天象时令｜时空行为
236,桃花,连日至梅仙坞及花径观桃花二首(其一),宋,陆游,11,桃｜镜｜湖｜春风｜舟｜山｜雨｜人｜夕阳｜豪｜乐,植物花卉｜器物人文｜山水地理｜天象时令｜器物人文｜山水地理｜天象时令｜人物意象｜天象时令｜情感抽象｜情感抽象
237,桃花,连日至梅仙坞及花径观桃花二首(其二),宋,陆游,11,桃花｜鱼｜万里｜水｜云｜雪｜春｜风｜天｜日｜夜,植物花卉｜动物禽鸟｜时空行为｜山水地理｜天象时令｜天象时令｜天象时令｜天象时令｜山水地理｜天象时令｜天象时令
238,桃花,桃 花,元,马臻,14,枝｜晓｜露｜莺｜香｜春｜燕｜金｜谷｜芳草｜人｜云｜天｜台,植物花卉｜天象时令｜天象时令｜动物禽鸟｜植物花卉｜天象时令｜动物禽鸟｜器物人文｜山水地理｜植物花卉｜人物意象｜天象时令｜山水地理｜器物人文
239,桃花,山中看桃花,明,申时行,17,山｜天｜台｜月｜桃花｜水｜浪｜暖｜崖｜云｜雨｜锦｜霞｜酒｜杯｜客｜津,山水地理｜山水地理｜器物人文｜天象时令｜植物花卉｜山水地理｜山水地理｜天象时令｜山水地理｜天象时令｜天象时令｜器物人文｜天象时令｜器物人文｜器物人文｜人物意象｜山水地理
240,桃花,粉红桃花,明,胡师闵,7,暖｜玉｜晓风｜酒｜春｜含笑｜人,天象时令｜器物人文｜天象时令｜器物人文｜天象时令｜植物花卉｜人物意象
241,桃花,桃 花,清,严遂成,6,东风｜酒｜花｜山｜霞｜雨,天象时令｜器物人文｜植物花卉｜山水地理｜天象时令｜天象时令
242,桃花,白桃花次乾斋侍读韵,清,王丹林,9,孤｜峰｜根｜流水｜空｜春风｜玉｜银｜燕,情感抽象｜山水地理｜植物花卉｜山水地理｜山水地理｜天象时令｜器物人文｜器物人文｜动物禽鸟
243,桃花,歧下桃花,宋,苏轼,5,叶｜人｜鱼｜水｜桥,植物花卉｜人物意象｜动物禽鸟｜山水地理｜山水地理
244,桃花,江畔独步寻花绝句,唐,杜甫,5,江｜水｜春｜东风｜桃花,山水地理｜山水地理｜天象时令｜天象时令｜植物花卉
245,桃花,听邻家吹笙,唐,郎士元,4,凤｜霞｜桃｜花,动物禽鸟｜天象时令｜植物花卉｜植物花卉
246,桃花,亚枝红,唐,元稹,4,枝｜山｜竹｜流,植物花卉｜山水地理｜植物花卉｜山水地理
247,桃花,元和十年自朗州承召至京戏赠看花诸君子,唐,刘禹锡,3,人｜花｜桃,人物意象｜植物花卉｜植物花卉
248,桃花,竹枝词(其二),唐,刘禹锡,8,山｜桃｜花｜江｜春水｜流｜水｜愁,山水地理｜植物花卉｜植物花卉｜山水地理｜山水地理｜山水地理｜山水地理｜情感抽象
249,桃花,竹枝词(其九),唐,刘禹锡,10,山｜桃｜李花｜云｜烟｜人｜银｜金｜水｜刀,山水地理｜植物花卉｜植物花卉｜天象时令｜天象时令｜人物意象｜器物人文｜器物人文｜山水地理｜器物人文
250,桃花,宫 词,唐,王建,5,桃花｜人｜恨｜五更｜风,植物花卉｜人物意象｜情感抽象｜天象时令｜天象时令
251,桃花,题都城南庄,唐,崔护,4,今日｜人｜桃花｜春风,时空行为｜人物意象｜植物花卉｜天象时令
252,桃花,春游湖,宋,徐俯,9,燕｜岸｜桃花｜水｜春雨｜桥｜人｜舟｜柳,动物禽鸟｜山水地理｜植物花卉｜山水地理｜天象时令｜山水地理｜人物意象｜器物人文｜植物花卉
253,桃花,绯碧两桃花,宋,范成大,7,香｜雾｜霞｜花｜天｜风｜羊,植物花卉｜天象时令｜天象时令｜植物花卉｜山水地理｜天象时令｜动物禽鸟
254,桃花,杨 柳,金,元好问,7,杨柳｜水｜流｜莺｜桃花｜客｜春风,植物花卉｜山水地理｜山水地理｜动物禽鸟｜植物花卉｜人物意象｜天象时令
255,桃花,潘岳爱桃,明,陈宪章,5,桃花｜河｜花｜地｜桑,植物花卉｜山水地理｜植物花卉｜山水地理｜植物花卉
1012,桃花,杭州半山看桃,清,马曰璐,8,山｜霞｜燕｜酒｜溪｜流｜春水｜桃花,山水地理｜天象时令｜动物禽鸟｜器物人文｜山水地理｜山水地理｜山水地理｜植物花卉
256,桃花,桃 花,清,沈荣隽,5,柳｜花｜东风｜清明｜雨,植物花卉｜植物花卉｜天象时令｜天象时令｜天象时令
257,桃花,乘马與行正定真道中,清,秦朝钙,8,雷｜雨｜山｜泉｜桃花｜蝴蝶｜春｜烟,天象时令｜天象时令｜山水地理｜山水地理｜植物花卉｜动物禽鸟｜天象时令｜天象时令
258,桃花,画堂春,清,王士祯,11,春｜梨花｜柳｜阁｜霞｜流｜莺｜雨｜雾｜水｜枝,天象时令｜植物花卉｜植物花卉｜器物人文｜天象时令｜山水地理｜动物禽鸟｜天象时令｜天象时令｜山水地理｜植物花卉
1013,桃花,点绛唇（桃花）,清,陈大成,4,花开｜溪｜春｜人,植物花卉｜山水地理｜天象时令｜人物意象
259,桃花,定风波,宋,贺铸,12,桃｜帘｜芳｜花｜人｜恨｜五更｜风｜露｜流水｜春｜空,植物花卉｜器物人文｜植物花卉｜植物花卉｜人物意象｜情感抽象｜天象时令｜天象时令｜天象时令｜山水地理｜天象时令｜山水地理
260,桃花,露 华,宋,王沂孙,23,寒｜冰｜玉｜香｜春｜水｜烟｜渡｜叶｜根｜山｜人｜月｜风｜燕｜黄昏｜溪｜夜｜雪｜芳｜冷｜禽｜云,天象时令｜天象时令｜器物人文｜植物花卉｜天象时令｜山水地理｜天象时令｜山水地理｜植物花卉｜植物花卉｜山水地理｜人物意象｜天象时令｜天象时令｜动物禽鸟｜天象时令｜山水地理｜天象时令｜天象时令｜植物花卉｜天象时令｜动物禽鸟｜天象时令
261,桃花,六幺令（咏桃）,清,吴伟业,13,枝｜水｜清明｜柳｜人｜烟｜雾｜东风｜客｜燕｜地｜愁｜芳,植物花卉｜山水地理｜天象时令｜植物花卉｜人物意象｜天象时令｜天象时令｜天象时令｜人物意象｜动物禽鸟｜山水地理｜情感抽象｜植物花卉
262,桃花,花心动（同章酌亭刘氏庄看桃花）,清,凌廷堪,23,月｜春｜桃｜林｜雨｜燕｜莺｜枝｜花｜露｜人｜柳｜桥｜波｜水色｜山｜日｜昼｜含笑｜玉｜梅｜天｜台,天象时令｜天象时令｜植物花卉｜山水地理｜天象时令｜动物禽鸟｜动物禽鸟｜植物花卉｜植物花卉｜天象时令｜人物意象｜植物花卉｜山水地理｜山水地理｜时空行为｜山水地理｜天象时令｜天象时令｜植物花卉｜器物人文｜植物花卉｜山水地理｜器物人文
263,桃花,瑶花慢,清,龙启瑞,22,人｜野｜芳｜洲｜桃｜根｜叶｜花｜天｜香｜云｜雪｜远山｜芳草｜碧波｜春｜蜂｜蝶｜少年｜波｜月｜枝,人物意象｜山水地理｜植物花卉｜山水地理｜植物花卉｜植物花卉｜植物花卉｜植物花卉｜山水地理｜植物花卉｜天象时令｜天象时令｜山水地理｜植物花卉｜山水地理｜天象时令｜动物禽鸟｜动物禽鸟｜时空行为｜山水地理｜天象时令｜植物花卉
264,桃花,水龙吟,宋,晁端礼,22,岭｜梅｜香｜雪｜杏｜枝｜桃｜春｜朝露｜怨｜空｜东风｜佳人｜波｜溪｜流水｜雨｜风｜五更｜天｜人｜泪,山水地理｜植物花卉｜植物花卉｜天象时令｜植物花卉｜植物花卉｜植物花卉｜天象时令｜天象时令｜情感抽象｜山水地理｜天象时令｜人物意象｜山水地理｜山水地理｜山水地理｜天象时令｜天象时令｜天象时令｜山水地理｜人物意象｜情感抽象
265,桃花,风流子（出关见桃花）,清,张惠言,21,海｜风｜冷｜月｜关｜地｜塞｜沙｜山｜人｜柳｜草｜桃花｜水｜东风｜暮｜芳｜春｜玉｜寂寞｜雨,山水地理｜天象时令｜天象时令｜天象时令｜山水地理｜山水地理｜山水地理｜山水地理｜山水地理｜人物意象｜植物花卉｜植物花卉｜植物花卉｜山水地理｜天象时令｜天象时令｜植物花卉｜天象时令｜器物人文｜情感抽象｜天象时令
266,杏花,杏花,宋,王安石,6,石｜空｜茅屋｜杏｜含笑｜波,山水地理｜山水地理｜器物人文｜植物花卉｜植物花卉｜山水地理
267,杏花,江路见杏花,宋,陆游,11,花｜杏｜枝｜林｜岭｜梅｜雨｜云｜叶｜风｜日,植物花卉｜植物花卉｜植物花卉｜山水地理｜山水地理｜植物花卉｜天象时令｜天象时令｜植物花卉｜天象时令｜天象时令
268,杏花,杏 花,唐,韩愈,19,空｜杏花｜江｜雨｜风｜流｜岭｜草｜冬｜寒｜地｜花｜浪｜雾｜山｜猿｜谷｜人｜翁,山水地理｜植物花卉｜山水地理｜天象时令｜天象时令｜山水地理｜山水地理｜植物花卉｜天象时令｜天象时令｜山水地理｜植物花卉｜山水地理｜天象时令｜山水地理｜动物禽鸟｜山水地理｜人物意象｜人物意象
269,杏花,月夜与客饮杏花下,宋,苏轼,21,杏花｜帘｜春｜明月｜幽｜人｜月｜花｜流水｜蘋花｜酒｜清香｜香｜雪｜山｜杯｜洞箫｜空｜地｜东风｜叶,植物花卉｜器物人文｜天象时令｜天象时令｜情感抽象｜人物意象｜天象时令｜植物花卉｜山水地理｜植物花卉｜器物人文｜植物花卉｜植物花卉｜天象时令｜山水地理｜器物人文｜器物人文｜山水地理｜山水地理｜天象时令｜植物花卉
270,杏花,古苑杏花,唐,张籍,6,杏花｜行人｜愁｜露｜枝｜春,植物花卉｜人物意象｜情感抽象｜天象时令｜植物花卉｜天象时令
271,杏花,杏 花,唐,郑谷,13,梅｜雪｜桃｜双燕｜香｜龙｜客｜烟｜蝶｜枝｜轩｜风｜雨,植物花卉｜天象时令｜植物花卉｜动物禽鸟｜植物花卉｜动物禽鸟｜人物意象｜天象时令｜动物禽鸟｜植物花卉｜器物人文｜天象时令｜天象时令
272,杏花,依韵和王几道途次杏花有感,宋,梅尧臣,6,马｜杏｜芳｜故园｜客｜愁,动物禽鸟｜植物花卉｜植物花卉｜山水地理｜人物意象｜情感抽象
273,杏花,杏 花,唐,王涯,4,江｜杏｜夜风｜碧波,山水地理｜植物花卉｜天象时令｜山水地理
274,杏花,初见杏花,宋,梅尧臣,5,春风｜烟｜林｜江｜梅,天象时令｜天象时令｜山水地理｜山水地理｜植物花卉
275,杏花,和梅圣俞杏花,宋,欧阳修,14,梅花｜春｜风｜日｜芳｜月｜梅｜山｜杏花｜江｜冬｜雪｜人｜原,植物花卉｜天象时令｜天象时令｜天象时令｜植物花卉｜天象时令｜植物花卉｜山水地理｜植物花卉｜山水地理｜天象时令｜天象时令｜人物意象｜山水地理
276,杏花,杏 花,宋,杨万里,1,天,山水地理
277,杏花,苏溪亭,唐,戴叔伦,9,溪｜亭｜草｜东风｜燕｜春｜烟雨｜杏花｜寒,山水地理｜山水地理｜植物花卉｜天象时令｜动物禽鸟｜天象时令｜天象时令｜植物花卉｜天象时令
278,杏花,曲江红杏,唐,郑谷,7,江｜柳｜日｜莺｜枝｜春风｜花,山水地理｜植物花卉｜天象时令｜动物禽鸟｜植物花卉｜天象时令｜植物花卉
279,杏花,杏 花(其一),宋,王禹偁,6,暖｜雪｜春｜烟｜风｜流,天象时令｜天象时令｜天象时令｜天象时令｜天象时令｜山水地理
280,杏花,杏 花(其二),宋,王禹傅,7,愁｜风｜雨｜流｜莺｜夜｜枝,情感抽象｜天象时令｜天象时令｜山水地理｜动物禽鸟｜天象时令｜植物花卉
281,杏花,杏 花(其三),宋,王禹偁,3,枝｜人｜雪,植物花卉｜人物意象｜天象时令
282,杏花,田家,宋,欧阳修,5,桑｜林｜春雨｜日｜杏花,植物花卉｜山水地理｜天象时令｜天象时令｜植物花卉
283,杏花,北陂杏花,宋,王安石,5,春水｜花｜春｜东风｜雪,山水地理｜植物花卉｜天象时令｜天象时令｜天象时令
284,杏花,杏 花,宋,王安石,5,人｜杏花｜客｜斜日｜枝,人物意象｜植物花卉｜人物意象｜天象时令｜植物花卉
285,杏花,春 晚,宋,方岳,7,梅｜烟｜雨｜桥｜杨柳｜杏花｜春,植物花卉｜天象时令｜天象时令｜山水地理｜植物花卉｜植物花卉｜天象时令
286,杏花,游园不值,宋,叶绍翁,4,春色｜关｜枝｜杏,时空行为｜山水地理｜植物花卉｜植物花卉
287,杏花,杏 花,金,元好问,4,杏花｜枝｜晓｜春风,植物花卉｜植物花卉｜天象时令｜天象时令
288,杏花,杏 花,明,沈周,5,春｜寒｜烟｜花｜晓,天象时令｜天象时令｜天象时令｜植物花卉｜天象时令
289,杏花,浣溪沙,清,洪亮吉,8,花｜枝｜楼｜东风｜帘｜烟｜露｜愁,植物花卉｜植物花卉｜器物人文｜天象时令｜器物人文｜天象时令｜天象时令｜情感抽象
290,杏花,酒泉子,唐,司空图,9,杏花｜山｜枝｜空｜白发｜人｜黄昏｜把酒｜东风,植物花卉｜山水地理｜植物花卉｜山水地理｜时空行为｜人物意象｜天象时令｜器物人文｜天象时令
291,杏花,画堂春,明,陈子龙,8,水｜桥｜雨｜花｜寒｜香｜玉｜寂寞,山水地理｜山水地理｜天象时令｜植物花卉｜天象时令｜植物花卉｜器物人文｜情感抽象
292,杏花,忆秦娥,宋,康与之,10,春｜寂寞｜东风｜地｜杏花｜金｜天｜寒｜珠｜泪,天象时令｜情感抽象｜天象时令｜山水地理｜植物花卉｜器物人文｜山水地理｜天象时令｜器物人文｜情感抽象
293,杏花,忆汉月,宋,杜安世,12,杏｜枝｜露｜愁｜香｜怨｜春风｜恨｜流｜莺｜夜雨｜孤,植物花卉｜植物花卉｜天象时令｜情感抽象｜植物花卉｜情感抽象｜天象时令｜情感抽象｜山水地理｜动物禽鸟｜天象时令｜情感抽象
1016,杏花,干秋岁,宋,赵彦瑞,14,杏花｜风｜春｜寒｜夜｜雨｜枝｜寂寞｜玉｜香｜花｜杯｜帘｜人,植物花卉｜天象时令｜天象时令｜天象时令｜天象时令｜天象时令｜植物花卉｜情感抽象｜器物人文｜植物花卉｜植物花卉｜器物人文｜器物人文｜人物意象
294,杏花,水龙吟,宋,晁端礼,22,桃｜春｜双燕｜杏｜枝｜竹｜柳｜愁｜香｜怨｜玉｜千里｜人｜山｜清香｜日｜风｜暖｜马｜帘｜雨｜翁,植物花卉｜天象时令｜动物禽鸟｜植物花卉｜植物花卉｜植物花卉｜植物花卉｜情感抽象｜植物花卉｜情感抽象｜器物人文｜时空行为｜人物意象｜山水地理｜植物花卉｜天象时令｜天象时令｜天象时令｜动物禽鸟｜器物人文｜天象时令｜人物意象
295,杏花,燕山亭,宋,赵佶,17,冰｜香｜珠｜风｜雨｜愁｜苦｜凉｜春｜暮｜恨｜双燕｜人｜天｜地｜水｜山,天象时令｜植物花卉｜器物人文｜天象时令｜天象时令｜情感抽象｜情感抽象｜天象时令｜天象时令｜天象时令｜情感抽象｜动物禽鸟｜人物意象｜山水地理｜山水地理｜山水地理｜山水地理
296,杏花,念奴娇,宋,沈公述,11,杏花｜雨｜流水｜香｜人｜春｜恨｜梅｜金｜云｜燕,植物花卉｜天象时令｜山水地理｜植物花卉｜人物意象｜天象时令｜情感抽象｜植物花卉｜器物人文｜天象时令｜动物禽鸟
297,杏花,金缕曲,清,高士奇,24,塞｜山｜愁｜马｜雁｜黑云｜雾｜春｜草｜花开｜江｜雨｜人｜春风｜玉门关｜秋｜香｜空｜蝶｜蜂｜旗｜酒｜日｜亭,山水地理｜山水地理｜情感抽象｜动物禽鸟｜动物禽鸟｜天象时令｜天象时令｜天象时令｜植物花卉｜植物花卉｜山水地理｜天象时令｜人物意象｜天象时令｜山水地理｜天象时令｜植物花卉｜山水地理｜动物禽鸟｜动物禽鸟｜器物人文｜器物人文｜天象时令｜山水地理
298,杏花,沁园春,清,施闰章,16,春｜花｜关｜草｜水｜泉｜杏花｜酒｜日｜云｜暖｜蝶｜蜂｜锦｜枝｜东风,天象时令｜植物花卉｜山水地理｜植物花卉｜山水地理｜山水地理｜植物花卉｜器物人文｜天象时令｜天象时令｜天象时令｜动物禽鸟｜动物禽鸟｜器物人文｜植物花卉｜天象时令
299,李花,李花赠张十一署,唐,韩愈,21,江｜月｜花｜桃｜风｜雨｜雪｜波｜涛｜空｜烛｜天｜夜｜金｜海｜少年｜燕｜流｜霞｜杯｜日,山水地理｜天象时令｜植物花卉｜植物花卉｜天象时令｜天象时令｜天象时令｜山水地理｜山水地理｜山水地理｜器物人文｜山水地理｜天象时令｜器物人文｜山水地理｜时空行为｜动物禽鸟｜山水地理｜天象时令｜器物人文｜天象时令
300,李花,李花二首(其二),唐,韩愈,12,春｜天｜地｜雪｜花｜日｜明月｜夜｜云｜玉｜香｜寒,天象时令｜山水地理｜山水地理｜天象时令｜植物花卉｜天象时令｜天象时令｜天象时令｜天象时令｜器物人文｜植物花卉｜天象时令
301,李花,丙戌上元后和昌英叔李花,宋,杨万里,12,春｜暖｜雪｜山｜香｜李花｜露｜月｜梅｜雨｜风｜日,天象时令｜天象时令｜天象时令｜山水地理｜植物花卉｜植物花卉｜天象时令｜天象时令｜植物花卉｜天象时令｜天象时令｜天象时令
302,李花,李 花,明,杨基,12,花｜月色｜江｜风｜雨｜寒｜雪｜愁｜春｜冰｜月｜香,植物花卉｜时空行为｜山水地理｜天象时令｜天象时令｜天象时令｜天象时令｜情感抽象｜天象时令｜天象时令｜天象时令｜植物花卉
303,李花,李花二首,宋,杨万里,11,山｜李花｜细雨｜雪｜春｜恨｜东风｜江｜梅｜疏影｜风,山水地理｜植物花卉｜天象时令｜天象时令｜天象时令｜情感抽象｜天象时令｜山水地理｜植物花卉｜植物花卉｜天象时令
304,梨花,遣 兴,唐,元稹,7,梨花｜叶｜霜｜月｜客｜原｜秋风,植物花卉｜植物花卉｜天象时令｜天象时令｜人物意象｜山水地理｜天象时令
305,梨花,梨 花,金,元好问,15,梨花｜寂寞｜春｜暮｜天｜玉｜风｜露｜月｜恨｜人｜雪｜香｜孤｜芳,植物花卉｜情感抽象｜天象时令｜天象时令｜山水地理｜器物人文｜天象时令｜天象时令｜天象时令｜情感抽象｜人物意象｜天象时令｜植物花卉｜情感抽象｜植物花卉
306,梨花,梨 花,唐,温宪,11,寒｜空｜雨｜芳｜蜂｜寂｜枝｜野｜江｜人｜酒,天象时令｜山水地理｜天象时令｜植物花卉｜动物禽鸟｜情感抽象｜植物花卉｜山水地理｜山水地理｜人物意象｜器物人文
307,梨花,梨 花,金,张建,9,枝｜雪｜黄叶｜晓｜雨｜愁｜香｜酒｜楼,植物花卉｜天象时令｜植物花卉｜天象时令｜天象时令｜情感抽象｜植物花卉｜器物人文｜器物人文
308,梨花,梨 花,清,赵进美,11,暮｜烟｜雨｜春｜月｜寒｜莺｜阁｜灯｜玉｜风,天象时令｜天象时令｜天象时令｜天象时令｜天象时令｜天象时令｜动物禽鸟｜器物人文｜器物人文｜器物人文｜天象时令
309,梨花,咏池上梨花,南朝齐,王融,7,草｜水｜芳｜春｜流｜雪｜夕,植物花卉｜山水地理｜植物花卉｜天象时令｜山水地理｜天象时令｜天象时令
310,梨花,左掖梨花,唐,王维,3,草｜风｜黄莺,植物花卉｜天象时令｜动物禽鸟
311,梨花,梨 花,唐,殷璠,7,云｜月｜流｜五更｜风｜花｜春,天象时令｜天象时令｜山水地理｜天象时令｜天象时令｜植物花卉｜天象时令
312,梨花,鄂杜郊居,唐,温庭筠,8,芳｜寂寞｜人｜寒｜夜｜风｜雨｜梨花,植物花卉｜情感抽象｜人物意象｜天象时令｜天象时令｜天象时令｜天象时令｜植物花卉
313,梨花,和孔密州东栏梨花,宋,苏轼,6,梨花｜柳｜花｜雪｜人｜清明,植物花卉｜植物花卉｜植物花卉｜天象时令｜人物意象｜天象时令
314,梨花,和王拱辰观梨花,宋,晁补之,12,沙｜芳｜流｜雪｜霜｜银｜寒｜晓｜人｜玉｜天｜香,山水地理｜植物花卉｜山水地理｜天象时令｜天象时令｜器物人文｜天象时令｜天象时令｜人物意象｜器物人文｜山水地理｜植物花卉
315,梨花,梨 花,宋,张舜民,7,冷｜春｜雨｜流｜莺｜金｜玉,天象时令｜天象时令｜天象时令｜山水地理｜动物禽鸟｜器物人文｜器物人文
316,梨花,梨花二首,宋,谢逸,11,冷｜香｜风｜日｜雪｜蝴蝶｜寒｜玉｜枝｜雨｜行人,天象时令｜植物花卉｜天象时令｜天象时令｜天象时令｜动物禽鸟｜天象时令｜器物人文｜植物花卉｜天象时令｜人物意象
317,梨花,梨 花,宋,陆游,5,香｜桃｜清明｜风｜雪,植物花卉｜植物花卉｜天象时令｜天象时令｜天象时令
318,梨花,宫 词,宋,武衍,5,梨花｜风｜玉｜香｜春色,植物花卉｜天象时令｜器物人文｜植物花卉｜时空行为
319,梨花,梨 花,宋,何菊潭,8,月｜春风｜杨柳｜马｜长亭｜相思｜酒｜梨花,天象时令｜天象时令｜植物花卉｜动物禽鸟｜山水地理｜情感抽象｜器物人文｜植物花卉
320,梨花,梨 花,金,吕中孚,9,清明｜芳｜枝｜雪｜暖｜香｜风｜流｜海棠,天象时令｜植物花卉｜植物花卉｜天象时令｜天象时令｜植物花卉｜天象时令｜山水地理｜植物花卉
321,梨花,梨 花,元,郑韶,9,渚｜花落｜雨｜春｜江南｜客｜蝴蝶｜相思｜云,山水地理｜植物花卉｜天象时令｜天象时令｜山水地理｜人物意象｜动物禽鸟｜情感抽象｜天象时令
322,梨花,玉楼春,宋,史达祖,13,玉｜寂寞｜寒｜愁｜梅｜夜｜月｜香｜蝴蝶｜雪｜秋｜黄昏｜夜雨,器物人文｜情感抽象｜天象时令｜情感抽象｜植物花卉｜天象时令｜天象时令｜植物花卉｜动物禽鸟｜天象时令｜天象时令｜天象时令｜天象时令
323,玉兰,玉 兰,明,文征明,12,玉｜雪｜天｜空｜月｜冷｜香｜风｜燕｜江｜梅｜恨,器物人文｜天象时令｜山水地理｜山水地理｜天象时令｜天象时令｜植物花卉｜天象时令｜动物禽鸟｜山水地理｜植物花卉｜情感抽象
324,玉兰,题玉兰,明,沈周,8,风｜银｜花｜玉｜雪｜香｜人｜帘,天象时令｜器物人文｜植物花卉｜器物人文｜天象时令｜植物花卉｜人物意象｜器物人文
325,玉兰,雪中玉兰盛开,清,查慎行,5,根｜寒｜花｜雪｜玉,植物花卉｜天象时令｜植物花卉｜天象时令｜器物人文
326,玉兰,大风惜玉兰花,清,赵执信,8,烟｜柳｜苦｜辛夷｜杯｜花｜雪｜风,天象时令｜植物花卉｜情感抽象｜植物花卉｜器物人文｜植物花卉｜天象时令｜天象时令
327,玉兰,东风第一枝,清,陈维崧,16,细雨｜风｜枝｜楼｜蜂｜蝶｜水｜雾｜亭｜杏｜桃｜空｜玉楼｜花｜龙｜镜,天象时令｜天象时令｜植物花卉｜器物人文｜动物禽鸟｜动物禽鸟｜山水地理｜天象时令｜山水地理｜植物花卉｜植物花卉｜山水地理｜器物人文｜植物花卉｜动物禽鸟｜器物人文
328,月季,月季花,明,刘绘,13,烟｜月｜花｜夕｜芳｜台｜霜｜菊｜雪｜梅｜岸｜金｜杯,天象时令｜天象时令｜植物花卉｜天象时令｜植物花卉｜器物人文｜天象时令｜植物花卉｜天象时令｜植物花卉｜山水地理｜器物人文｜器物人文
329,月季,腊前月季,宋,杨万里,12,花｜日｜春风｜笔｜香｜桃｜梅｜雪｜霜｜喜｜晨｜冬,植物花卉｜天象时令｜天象时令｜器物人文｜植物花卉｜植物花卉｜植物花卉｜天象时令｜天象时令｜情感抽象｜天象时令｜天象时令
330,月季,长春花,宋,徐积,16,春｜叶｜云｜枝｜日｜桃｜雨｜梧桐｜风｜人｜酒｜花｜翁｜月季｜流｜笔,天象时令｜植物花卉｜天象时令｜植物花卉｜天象时令｜植物花卉｜天象时令｜植物花卉｜天象时令｜人物意象｜器物人文｜植物花卉｜人物意象｜植物花卉｜山水地理｜器物人文
331,月季,月季花,宋,陈与义,6,月季｜花｜雨｜春｜凭栏｜客,植物花卉｜植物花卉｜天象时令｜天象时令｜器物人文｜人物意象
332,月季,东厅月季,宋,韩琦,6,牡丹｜春风｜露｜菊｜怨｜花,植物花卉｜天象时令｜天象时令｜植物花卉｜情感抽象｜植物花卉
333,月季,长春花,宋,朱淑真,3,枝｜春｜牡丹,植物花卉｜天象时令｜植物花卉
334,月季,月季花,清,孙星衍,8,寒｜梅｜桃｜人｜天｜风｜流｜花,天象时令｜植物花卉｜植物花卉｜人物意象｜山水地理｜天象时令｜山水地理｜植物花卉
335,月季,一落索,宋,舒亶,9,叶｜枝｜天｜桃｜春｜雪｜霜｜晓｜花,植物花卉｜植物花卉｜山水地理｜植物花卉｜天象时令｜天象时令｜天象时令｜天象时令｜植物花卉
336,月季,更漏子,清,叶申芗,8,春｜客｜玫瑰｜蔷薇｜花｜月｜香｜芳,天象时令｜人物意象｜植物花卉｜植物花卉｜植物花卉｜天象时令｜植物花卉｜植物花卉
337,绣球花,绣球花次元颜廉使韵,元,张昱,10,绣球｜春｜寒｜雪｜杨花｜蝴蝶｜天｜夜｜凉｜月,植物花卉｜天象时令｜天象时令｜天象时令｜植物花卉｜动物禽鸟｜山水地理｜天象时令｜天象时令｜天象时令
338,绣球花,绣 球,明,陈淳,10,东风｜冰｜雪｜亭｜夜｜月｜人｜花｜叶｜墨,天象时令｜天象时令｜天象时令｜山水地理｜天象时令｜天象时令｜人物意象｜植物花卉｜植物花卉｜器物人文
339,绣球,绣 球,明,张新,3,花｜风｜明月,植物花卉｜天象时令｜天象时令
340,素馨,素 馨,宋,傅大谏,8,日｜云｜烟｜香｜人｜空｜幽｜花,天象时令｜天象时令｜天象时令｜植物花卉｜人物意象｜山水地理｜情感抽象｜植物花卉
341,素馨,丑奴儿,宋,王灼,7,东风｜梅｜雪｜凤｜枝｜江南｜春,天象时令｜植物花卉｜天象时令｜动物禽鸟｜植物花卉｜山水地理｜天象时令
342,素馨,菩萨蛮,宋,张链,10,冰｜花｜云｜帆｜露｜玉｜人｜水｜凉｜香,天象时令｜植物花卉｜天象时令｜器物人文｜天象时令｜器物人文｜人物意象｜山水地理｜天象时令｜植物花卉
343,素馨,念奴娇,宋,刘镇,19,冰｜雪｜花｜夏｜天｜香｜凉｜人间｜轩｜愁｜酒｜金｜露｜月｜水｜秋｜云｜风｜玉,天象时令｜天象时令｜植物花卉｜天象时令｜山水地理｜植物花卉｜天象时令｜时空行为｜器物人文｜情感抽象｜器物人文｜器物人文｜天象时令｜天象时令｜山水地理｜天象时令｜天象时令｜天象时令｜器物人文
344,剪春罗,剪春罗,宋,翁元广,3,风｜刀｜春,天象时令｜器物人文｜天象时令
345,剪春罗,剪春罗,清,秋瑾,4,月｜春风｜花｜刀,天象时令｜天象时令｜植物花卉｜器物人文
346,木兰,木 兰,宋,刘儗,15,晓｜蔷薇｜露｜香｜素馨｜茉莉｜荷花｜枝｜叶｜根｜凉｜松柏｜雪｜霜｜桂,天象时令｜植物花卉｜天象时令｜植物花卉｜植物花卉｜植物花卉｜植物花卉｜植物花卉｜植物花卉｜植物花卉｜天象时令｜植物花卉｜天象时令｜天象时令｜植物花卉
347,木兰,戏题木兰花,唐,白居易,3,日｜风｜木兰,天象时令｜天象时令｜植物花卉
348,木兰,题令狐家木兰花,唐,白居易,6,玉｜金｜刀｜霞｜春｜花,器物人文｜器物人文｜器物人文｜天象时令｜天象时令｜植物花卉
349,棠梨花,棠梨白练图,元,王冕,18,芙蓉｜香｜冷｜箫｜月｜烟｜晓｜禽｜雪｜恨｜秋风｜花｜霜｜露｜山｜玉｜人｜云,植物花卉｜植物花卉｜天象时令｜器物人文｜天象时令｜天象时令｜天象时令｜动物禽鸟｜天象时令｜情感抽象｜天象时令｜植物花卉｜天象时令｜天象时令｜山水地理｜器物人文｜人物意象｜天象时令
350,棠梨花,正月十八日甘棠院,宋,蔡襄,5,天｜酒｜花｜春｜客,山水地理｜器物人文｜植物花卉｜天象时令｜人物意象
351,棠梨花,碧 瓦,宋,范成大,8,楼｜桥｜溪｜风｜杨柳｜雨｜地｜花,器物人文｜山水地理｜山水地理｜天象时令｜植物花卉｜天象时令｜山水地理｜植物花卉
352,菜花,秦邮舟中望菜花,清,孔尚任,14,轻舟｜水｜菜花｜春｜湖｜江｜万里｜金｜春色｜柳｜菊｜月｜烟｜波,器物人文｜山水地理｜植物花卉｜天象时令｜山水地理｜山水地理｜时空行为｜器物人文｜时空行为｜植物花卉｜植物花卉｜天象时令｜天象时令｜山水地理
353,菜花,菜 花,清,张问陶,11,野｜岸｜花｜根｜风｜露｜香｜地｜金｜春｜桃,山水地理｜山水地理｜植物花卉｜植物花卉｜天象时令｜天象时令｜植物花卉｜山水地理｜器物人文｜天象时令｜植物花卉
354,菜花,宿新市徐公店,宋,杨万里,3,花落｜蝶｜菜花,植物花卉｜动物禽鸟｜植物花卉
355,菜花,东风第一枝,清,杜文澜,16,寒｜桑｜雨｜花｜春｜金｜玉｜人｜蝶｜凤｜香｜烟｜愁｜夕阳｜野｜旗,天象时令｜植物花卉｜天象时令｜植物花卉｜天象时令｜器物人文｜器物人文｜人物意象｜动物禽鸟｜动物禽鸟｜植物花卉｜天象时令｜情感抽象｜天象时令｜山水地理｜器物人文
1000-01,梅花,梅花落,南朝陈,徐陵,12,梅｜花落｜燕｜莲｜风｜镜｜台｜怨｜楼｜竹｜叶｜锦,植物花卉｜植物花卉｜动物禽鸟｜植物花卉｜天象时令｜器物人文｜器物人文｜情感抽象｜器物人文｜植物花卉｜植物花卉｜器物人文
1001-01,梅花,与诸人用东坡韵共赋梅花，适得元履书，有怀其人，因复赋此以寄意焉,宋,朱熹,11,山｜梅花｜烟｜冰｜暖｜桃｜春色｜修竹｜寂｜杯｜林,山水地理｜植物花卉｜天象时令｜天象时令｜天象时令｜植物花卉｜时空行为｜植物花卉｜情感抽象｜器物人文｜山水地理
1002-01,梅花,柳梢青,宋,杨无咎,9,月｜霜｜枝｜寒｜香｜帷｜风｜云｜酒,天象时令｜天象时令｜植物花卉｜天象时令｜植物花卉｜器物人文｜天象时令｜天象时令｜器物人文
1003-01,梅花,望梅花,宋,蒲宗孟,11,暖｜寒｜雷｜粉蝶｜芳｜夜｜帘｜银｜残雪｜枝｜清香,天象时令｜天象时令｜天象时令｜动物禽鸟｜植物花卉｜天象时令｜器物人文｜器物人文｜天象时令｜植物花卉｜植物花卉
1004-01,梅花,花犯,宋,周邦彦,21,梅花｜风｜露｜孤｜冰｜燕｜喜｜雪｜香｜花｜恨｜愁｜酒｜人｜空｜江｜烟｜浪｜枝｜黄昏｜水,植物花卉｜天象时令｜天象时令｜情感抽象｜天象时令｜动物禽鸟｜情感抽象｜天象时令｜植物花卉｜植物花卉｜情感抽象｜情感抽象｜器物人文｜人物意象｜山水地理｜山水地理｜天象时令｜山水地理｜植物花卉｜天象时令｜山水地理
356,牡丹,和钱学士白牡丹,唐,白居易,11,花｜客｜暮｜人｜牡丹｜马｜日｜芳｜馨｜夜｜玉蕊花,植物花卉｜人物意象｜天象时令｜人物意象｜植物花卉｜动物禽鸟｜天象时令｜植物花卉｜植物花卉｜天象时令｜植物花卉
357,牡丹,买 花,唐,白居易,9,春｜暮｜马｜牡丹｜花｜戈｜水｜人｜翁,天象时令｜天象时令｜动物禽鸟｜植物花卉｜植物花卉｜器物人文｜山水地理｜人物意象｜人物意象
358,牡丹,秋题牡丹丛,唐,白居易,8,白露｜夕｜叶｜凉｜风｜芳｜幽｜人,天象时令｜天象时令｜植物花卉｜天象时令｜天象时令｜植物花卉｜情感抽象｜人物意象
359,牡丹,雨中看牡丹(其一),宋,苏轼,9,雾｜雨｜空｜花｜乐｜珠｜暗香｜雪｜黄昏,天象时令｜天象时令｜山水地理｜植物花卉｜情感抽象｜器物人文｜植物花卉｜天象时令｜天象时令
360,牡丹,雨中看牡丹(其二),宋,苏轼,9,日｜雨｜晨｜松｜枝｜清香｜花｜暮｜幽,天象时令｜天象时令｜天象时令｜植物花卉｜植物花卉｜植物花卉｜植物花卉｜天象时令｜情感抽象
361,牡丹,雨中看牡丹(其三),宋,苏轼,8,幽｜日｜东风｜酒｜花｜草｜沙｜牛,情感抽象｜天象时令｜天象时令｜器物人文｜植物花卉｜植物花卉｜山水地理｜动物禽鸟
362,牡丹,牡丹种曲,唐,李贺,20,莲｜枝｜马｜金｜春｜草｜水｜香｜月｜夜｜晓｜美人｜烟｜花｜蝶｜风｜霞｜楼｜台｜燕,植物花卉｜植物花卉｜动物禽鸟｜器物人文｜天象时令｜植物花卉｜山水地理｜植物花卉｜天象时令｜天象时令｜天象时令｜人物意象｜天象时令｜植物花卉｜动物禽鸟｜天象时令｜天象时令｜器物人文｜器物人文｜动物禽鸟
363,牡丹,远公亭牡丹,唐,李咸用,19,雁｜客｜春｜亭｜牡丹｜花｜云｜风｜暮｜雨｜愁｜蝶｜蜂｜山｜根｜江｜银｜笙｜清明,动物禽鸟｜人物意象｜天象时令｜山水地理｜植物花卉｜植物花卉｜天象时令｜天象时令｜天象时令｜天象时令｜情感抽象｜动物禽鸟｜动物禽鸟｜山水地理｜植物花卉｜山水地理｜器物人文｜器物人文｜天象时令
364,牡丹,惜 花,宋,苏轼,18,锦｜花｜人｜清明｜鼓｜春｜雷｜凉｜沙｜河｜枝｜叶｜金｜杯｜夜｜雨｜梅｜哀,器物人文｜植物花卉｜人物意象｜天象时令｜器物人文｜天象时令｜天象时令｜天象时令｜山水地理｜山水地理｜植物花卉｜植物花卉｜器物人文｜器物人文｜天象时令｜天象时令｜植物花卉｜情感抽象
365,牡丹,题益公丞相天香堂,宋,杨万里,24,香｜亭｜东风｜天｜春｜芳｜日｜花｜风｜雨｜江｜山｜龙｜芬｜水｜云｜原｜松｜竹｜天上｜人间｜酒｜野｜客,植物花卉｜山水地理｜天象时令｜山水地理｜天象时令｜植物花卉｜天象时令｜植物花卉｜天象时令｜天象时令｜山水地理｜山水地理｜动物禽鸟｜植物花卉｜山水地理｜天象时令｜山水地理｜植物花卉｜植物花卉｜时空行为｜时空行为｜器物人文｜山水地理｜人物意象
366,牡丹,白牡丹,明,桑悦,20,春｜香｜流｜霞｜桃｜花｜台｜银｜河｜乐｜浪｜天上｜金｜人间｜人｜空｜东风｜酒｜根｜天,天象时令｜植物花卉｜山水地理｜天象时令｜植物花卉｜植物花卉｜器物人文｜器物人文｜山水地理｜情感抽象｜山水地理｜时空行为｜器物人文｜时空行为｜人物意象｜山水地理｜天象时令｜器物人文｜植物花卉｜山水地理
367,牡丹,题所赁宅牡丹花,唐,王建,5,花｜风｜愁｜日｜香,植物花卉｜天象时令｜情感抽象｜天象时令｜植物花卉
368,牡丹,戏题牡丹,唐,韩愈,4,晨｜双燕｜蜂｜今日,天象时令｜动物禽鸟｜动物禽鸟｜时空行为
369,牡丹,牡 丹,唐,李商隐,13,锦｜人｜玉｜金｜石｜烛｜香｜炉｜笔｜书｜花｜叶｜云,器物人文｜人物意象｜器物人文｜器物人文｜山水地理｜器物人文｜植物花卉｜器物人文｜器物人文｜器物人文｜植物花卉｜植物花卉｜天象时令
370,牡丹,回中牡丹为雨所败二首(其一),唐,李商隐,16,今日｜水｜亭｜暮｜雨｜寒｜春｜香｜暖｜蝶｜佳人｜空｜帷｜台｜芳｜枝,时空行为｜山水地理｜山水地理｜天象时令｜天象时令｜天象时令｜天象时令｜植物花卉｜天象时令｜动物禽鸟｜人物意象｜山水地理｜器物人文｜器物人文｜植物花卉｜植物花卉
371,牡丹,回中牡丹为雨所败二首(其二),唐,李商隐,13,浪｜榴花｜春｜愁｜人｜玉｜泪｜锦｜瑟｜万里｜流｜溪｜今朝,山水地理｜植物花卉｜天象时令｜情感抽象｜人物意象｜器物人文｜情感抽象｜器物人文｜器物人文｜时空行为｜山水地理｜山水地理｜时空行为
372,牡丹,牡 丹,唐,温庭筠,9,水｜波｜晓｜金｜春｜客｜帘｜地｜凭栏,山水地理｜山水地理｜天象时令｜器物人文｜天象时令｜人物意象｜器物人文｜山水地理｜器物人文
373,牡丹,红白牡丹,唐,吴融,6,霞｜月｜波｜戈｜风｜香,天象时令｜天象时令｜山水地理｜器物人文｜天象时令｜植物花卉
374,牡丹,牡 丹,唐,罗隐,6,东风｜春｜人｜芍药｜芙蓉｜芳,天象时令｜天象时令｜人物意象｜植物花卉｜植物花卉｜植物花卉
375,牡丹,卖残牡丹,唐,鱼玄机,12,风｜落花｜芳｜春｜人｜香｜蝶｜叶｜露｜根｜林｜恨,天象时令｜植物花卉｜植物花卉｜天象时令｜人物意象｜植物花卉｜动物禽鸟｜植物花卉｜天象时令｜植物花卉｜山水地理｜情感抽象
376,牡丹,咏重台九心淡紫牡丹,宋,杨万里,8,玉｜金｜花｜叶｜亭｜细雨｜寒｜东风,器物人文｜器物人文｜植物花卉｜植物花卉｜山水地理｜天象时令｜天象时令｜天象时令
377,牡丹,水晶球,宋,范成大,4,风｜日｜云｜雪,天象时令｜天象时令｜天象时令｜天象时令
378,牡丹,寿安红,宋,范成大,4,喜｜风｜雨｜人,情感抽象｜天象时令｜天象时令｜人物意象
379,牡丹,叠罗红,宋,范成大,3,孤｜芳｜东风,情感抽象｜植物花卉｜天象时令
380,牡丹,崇宁红,宋,范成大,3,春风｜晓｜潮,天象时令｜天象时令｜山水地理
381,牡丹,清平调(其二),唐,李白,7,枝｜露｜香｜云｜雨｜巫山｜燕,植物花卉｜天象时令｜植物花卉｜天象时令｜天象时令｜山水地理｜动物禽鸟
382,牡丹,白牡丹,唐,裴士淹,7,春｜牡丹｜玉｜露｜冷｜人｜月,天象时令｜植物花卉｜器物人文｜天象时令｜天象时令｜人物意象｜天象时令
383,牡丹,牡 丹,唐,李益,3,客｜空｜花,人物意象｜山水地理｜植物花卉
384,牡丹,赏牡丹二首(其一),唐,刘禹锡,3,芍药｜牡丹｜花开,植物花卉｜植物花卉｜植物花卉
385,牡丹,酬胡三凭人问牡丹,唐,元稹,3,牡丹｜花｜雨,植物花卉｜植物花卉｜天象时令
386,牡丹,赠李十二牡丹花片因以饯行,唐,元稹,5,莺｜风｜牡丹｜花｜叶,动物禽鸟｜天象时令｜植物花卉｜植物花卉｜植物花卉
387,牡丹,移牡丹栽,唐,白居易,4,金｜牡丹｜芳｜恨,器物人文｜植物花卉｜植物花卉｜情感抽象
388,牡丹,惜牡丹花,唐,白居易,4,牡丹｜枝｜风｜夜,植物花卉｜植物花卉｜天象时令｜天象时令
389,牡丹,白牡丹,唐,韦庄,4,夜｜月｜水｜香,天象时令｜天象时令｜山水地理｜植物花卉
390,牡丹,和僧咏牡丹,唐,吴融,3,花｜恨｜香,植物花卉｜情感抽象｜植物花卉
391,牡丹,山僧送牡丹,宋,王禹偁,4,枝｜香｜雨｜竹,植物花卉｜植物花卉｜天象时令｜植物花卉
392,牡丹,雨中闻姚黄开呈子骏尧夫,宋,司马光,3,雨｜春｜花,天象时令｜天象时令｜植物花卉
393,牡丹,效王仲至少监咏姚花用其韵四首(选二首),宋,黄庭坚,9,山｜云｜羊｜花｜草｜人间｜风｜日｜叶,山水地理｜天象时令｜动物禽鸟｜植物花卉｜植物花卉｜时空行为｜天象时令｜天象时令｜植物花卉
394,牡丹,牡 丹,宋,陈与义,6,关｜溪｜龙｜客｜东风｜牡丹,山水地理｜山水地理｜动物禽鸟｜人物意象｜天象时令｜植物花卉
395,牡丹,偶得牡丹数本移植窗外将有著花意,宋,朱淑真,4,玉｜雨｜人｜春,器物人文｜天象时令｜人物意象｜天象时令
396,牡丹,奉陪颖叔赋锁院牡丹,宋,沈辽,5,玉｜金｜溪｜白发｜东风,器物人文｜器物人文｜山水地理｜时空行为｜天象时令
397,牡丹,昔日杂兴,元,马臻,10,花｜酒｜浪｜迎春｜春｜日｜客｜炉｜烟｜牡丹,植物花卉｜器物人文｜山水地理｜植物花卉｜天象时令｜天象时令｜人物意象｜器物人文｜天象时令｜植物花卉
398,牡丹,牡 丹,明,冯琦,9,烟｜雾｜天｜香｜雨｜美人｜锦｜春｜寒,天象时令｜天象时令｜山水地理｜植物花卉｜天象时令｜人物意象｜器物人文｜天象时令｜天象时令
399,牡丹,牡 丹,明,冯琦,7,晓｜寒｜香｜亭｜春｜芳｜牡丹,天象时令｜天象时令｜植物花卉｜山水地理｜天象时令｜植物花卉｜植物花卉
400,牡丹,二色牡丹(二首),明,王衡,8,云｜霞｜酒｜玉｜梅花｜红颜｜月｜花,天象时令｜天象时令｜器物人文｜器物人文｜植物花卉｜人物意象｜天象时令｜植物花卉
401,牡丹,并头牡丹诗,清,袁枚,4,枝｜春｜花｜云,植物花卉｜天象时令｜植物花卉｜天象时令
402,牡丹,牡 丹,清,孙星衍,5,香｜天｜楼｜台｜花,植物花卉｜山水地理｜器物人文｜器物人文｜植物花卉
403,牡丹,点绛唇,宋,李钰,8,谷｜雨｜香｜春｜把酒｜欢｜花｜故人,山水地理｜天象时令｜植物花卉｜天象时令｜器物人文｜情感抽象｜植物花卉｜人物意象
404,牡丹,江城子,金,段成己,13,牡丹｜花｜酒｜水｜台｜人｜锦｜日｜晓风｜云｜怨｜春｜墨,植物花卉｜植物花卉｜器物人文｜山水地理｜器物人文｜人物意象｜器物人文｜天象时令｜天象时令｜天象时令｜情感抽象｜天象时令｜器物人文
405,牡丹,汉宫春,宋,吴文英,17,花｜天｜香｜日｜酒｜人间｜风｜烟｜春｜恨｜云｜露｜客｜霜｜兰｜壶｜人,植物花卉｜山水地理｜植物花卉｜天象时令｜器物人文｜时空行为｜天象时令｜天象时令｜天象时令｜情感抽象｜天象时令｜天象时令｜人物意象｜天象时令｜植物花卉｜器物人文｜人物意象
406,牡丹,水龙吟,宋,王沂孙,23,晓｜寒｜珠｜帘｜牡丹｜落花｜玉｜柳｜风｜天｜香｜春｜流水｜芳｜地｜幽｜人｜水｜竹｜把酒｜花｜春色｜杜鹃,天象时令｜天象时令｜器物人文｜器物人文｜植物花卉｜植物花卉｜器物人文｜植物花卉｜天象时令｜山水地理｜植物花卉｜天象时令｜山水地理｜植物花卉｜山水地理｜情感抽象｜人物意象｜山水地理｜植物花卉｜器物人文｜植物花卉｜时空行为｜植物花卉
407,牡丹,平韵满江红（牡丹）,宋,彭元逊,21,寒｜花｜人间｜恨｜雨｜风｜枝｜流｜人｜泪｜山｜雾｜叶｜云｜空｜白日｜鸟｜花落｜故人｜东风｜酒,天象时令｜植物花卉｜时空行为｜情感抽象｜天象时令｜天象时令｜植物花卉｜山水地理｜人物意象｜情感抽象｜山水地理｜天象时令｜植物花卉｜天象时令｜山水地理｜天象时令｜动物禽鸟｜植物花卉｜人物意象｜天象时令｜器物人文
408,兰花,感 遇,唐,陈子昂,9,兰｜春｜夏｜幽｜空｜林｜白日｜秋风｜芳,植物花卉｜天象时令｜天象时令｜情感抽象｜山水地理｜山水地理｜天象时令｜天象时令｜植物花卉
409,兰花,题杨次公春兰,宋,苏轼,7,春｜兰｜美人｜风｜露｜香｜燕,天象时令｜植物花卉｜人物意象｜天象时令｜天象时令｜植物花卉｜动物禽鸟
410,兰花,明上人画兰图,元,王冕,16,雪｜芳｜霜｜风｜花｜人｜春｜浪｜江｜雨｜冷｜暮｜烟｜寂｜云｜天,天象时令｜植物花卉｜天象时令｜天象时令｜植物花卉｜人物意象｜天象时令｜山水地理｜山水地理｜天象时令｜天象时令｜天象时令｜天象时令｜情感抽象｜天象时令｜山水地理
411,兰花,幽 兰,唐,崔涂,7,幽｜芬｜芳｜香｜白露｜春风｜草,情感抽象｜植物花卉｜植物花卉｜植物花卉｜天象时令｜天象时令｜植物花卉
412,兰花,咏 兰,唐,唐彦谦,8,风｜凉｜露｜玉｜美人｜幽香｜空｜谷,天象时令｜天象时令｜天象时令｜器物人文｜人物意象｜植物花卉｜山水地理｜山水地理
413,兰花,兰 涧,宋,朱熹,5,风｜涧｜兰｜日｜人,天象时令｜山水地理｜植物花卉｜天象时令｜人物意象
414,兰花,春 兰,元,揭溪斯,6,谷｜暖｜云｜岩｜花｜人,山水地理｜天象时令｜天象时令｜山水地理｜植物花卉｜人物意象
415,兰花,咏 兰,元,余同麓,6,兰｜日｜暖｜风｜香｜蝶,植物花卉｜天象时令｜天象时令｜天象时令｜植物花卉｜动物禽鸟
416,兰花,咏幽兰,清,玄烨,7,花｜叶｜风｜谷｜香｜人｜芳,植物花卉｜植物花卉｜天象时令｜山水地理｜植物花卉｜人物意象｜植物花卉
417,兰花,破盆兰花,清,郑燮,4,春风｜春雨｜人间｜山,天象时令｜天象时令｜时空行为｜山水地理
418,兰花,折枝兰,清,郑燮,10,春风｜枝｜玉｜山｜旭日｜林｜鸟｜相思｜月｜天,天象时令｜植物花卉｜器物人文｜山水地理｜天象时令｜山水地理｜动物禽鸟｜情感抽象｜天象时令｜山水地理
419,兰花,题画兰,清,郑燮,4,山｜岩｜香｜浮云,山水地理｜山水地理｜植物花卉｜天象时令
420,兰花,画 兰,清,张问陶,5,江｜草｜幽｜兰｜香,山水地理｜植物花卉｜情感抽象｜植物花卉｜植物花卉
421,兰花,兰 花,清,秋瑾,2,美人｜轩,人物意象｜器物人文
422,兰花,蕙兰芳引,清,陈维崧,16,溪｜桥｜峰｜叶｜露｜烟｜日｜幽｜芳｜佳人｜草｜枝｜菊｜桃｜空｜谷,山水地理｜山水地理｜山水地理｜植物花卉｜天象时令｜天象时令｜天象时令｜情感抽象｜植物花卉｜人物意象｜植物花卉｜植物花卉｜植物花卉｜植物花卉｜山水地理｜山水地理
423,蔷薇,看美人摘蔷薇,南朝梁,刘缓,5,花｜水｜香｜枝｜恨,植物花卉｜山水地理｜植物花卉｜植物花卉｜情感抽象
424,蔷薇,蔷薇洞,明,顾璘,12,蔷薇｜枝｜叶｜帷｜花｜锦｜玉｜夏｜香｜云｜月｜芳,植物花卉｜植物花卉｜植物花卉｜器物人文｜植物花卉｜器物人文｜器物人文｜天象时令｜植物花卉｜天象时令｜天象时令｜植物花卉
425,蔷薇,蔷薇歌,唐,储光羲,12,林｜枝｜春｜日｜莺｜人｜叶｜芳｜杨柳｜鸟｜风｜香,山水地理｜植物花卉｜天象时令｜天象时令｜动物禽鸟｜人物意象｜植物花卉｜植物花卉｜植物花卉｜动物禽鸟｜天象时令｜植物花卉
426,蔷薇,蔷薇正开，春酒初熟，因招刘十九张大夫崔二十四同饮,唐,白居易,10,竹｜叶｜春｜蔷薇｜夏｜台｜风｜日｜花｜杯,植物花卉｜植物花卉｜天象时令｜植物花卉｜天象时令｜器物人文｜天象时令｜天象时令｜植物花卉｜器物人文
427,蔷薇,咏七姊妹花,明,杨基,4,春｜晓｜东风｜江,天象时令｜天象时令｜天象时令｜山水地理
428,蔷薇,咏蔷薇,南朝梁,萧纲,5,燕｜枝｜风｜花｜香,动物禽鸟｜植物花卉｜天象时令｜植物花卉｜植物花卉
429,蔷薇,蔷 薇,唐,吴融,4,春风｜繁花｜夏｜人,天象时令｜植物花卉｜天象时令｜人物意象
430,蔷薇,饮蔷薇下,明,鲁铎,6,蔷薇｜花｜风｜露｜酒｜杯,植物花卉｜植物花卉｜天象时令｜天象时令｜器物人文｜器物人文
431,蔷薇,题兴化寺园亭,唐,贾岛,5,桃｜蔷薇｜花落｜秋风｜亭,植物花卉｜植物花卉｜植物花卉｜天象时令｜山水地理
432,蔷薇,山亭夏日,唐,高骈,9,夏｜日｜楼｜台｜水｜帘｜风｜蔷薇｜香,天象时令｜天象时令｜器物人文｜器物人文｜山水地理｜器物人文｜天象时令｜植物花卉｜植物花卉
433,蔷薇,重题蔷薇,唐,陆龟蒙,6,花｜春｜空｜夜｜风｜雨,植物花卉｜天象时令｜山水地理｜天象时令｜天象时令｜天象时令
434,蔷薇,蔷 薇,唐,徐夤,5,朝露｜锦｜风｜金｜天,天象时令｜器物人文｜天象时令｜器物人文｜山水地理
435,蔷薇,蔷 薇,唐,裴说,4,春｜根｜锦｜人,天象时令｜植物花卉｜器物人文｜人物意象
436,蔷薇,锦被堆(其一),宋,韩琦,6,莺｜晓｜锦｜春｜香｜人,动物禽鸟｜天象时令｜器物人文｜天象时令｜植物花卉｜人物意象
437,蔷薇,野蔷薇,宋,杨万里,6,山｜花｜春｜燕｜野｜蔷薇,山水地理｜植物花卉｜天象时令｜动物禽鸟｜山水地理｜植物花卉
438,蔷薇,黄蔷薇,明,张新,2,东风｜香,天象时令｜植物花卉
439,蔷薇,对窗前十姊妹花,清,姚士基,3,燕｜风｜根,动物禽鸟｜天象时令｜植物花卉
440,蔷薇,六 丑,宋,周邦彦,16,酒｜客｜春｜夜｜风｜雨｜香｜桃｜柳｜蜂｜蝶｜寂｜人｜流｜潮｜相思,器物人文｜人物意象｜天象时令｜天象时令｜天象时令｜天象时令｜植物花卉｜植物花卉｜植物花卉｜动物禽鸟｜动物禽鸟｜情感抽象｜人物意象｜山水地理｜山水地理｜情感抽象
441,酴醿,酴醾依柏引蔓上冒其顛,宋,崔鷃,7,春风｜白雪｜花｜珠｜幽香｜人｜日,天象时令｜天象时令｜植物花卉｜器物人文｜植物花卉｜人物意象｜天象时令
442,酴醿,茶䕷架,元,贡奎,20,春｜雨｜日｜蔓｜残雪｜清香｜风｜幽｜人｜月｜空｜玉｜云｜珠｜露｜烟｜花｜枝｜酒｜夜,天象时令｜天象时令｜天象时令｜植物花卉｜天象时令｜植物花卉｜天象时令｜情感抽象｜人物意象｜天象时令｜山水地理｜器物人文｜天象时令｜器物人文｜天象时令｜天象时令｜植物花卉｜植物花卉｜器物人文｜天象时令
443,酴醿,次韵咏酴醛,宋,苏辙,22,春风｜山｜寂｜香｜乐｜野｜水｜松｜风｜月｜故园｜人｜恨｜日｜花｜春｜暮｜燕｜空｜幽香｜天｜台,天象时令｜山水地理｜情感抽象｜植物花卉｜情感抽象｜山水地理｜山水地理｜植物花卉｜天象时令｜天象时令｜山水地理｜人物意象｜情感抽象｜天象时令｜植物花卉｜天象时令｜天象时令｜动物禽鸟｜山水地理｜植物花卉｜山水地理｜器物人文
444,酴醿,观主簿家酴醾,宋,黄庭坚,15,冰｜雪｜水｜花｜芳｜露｜日｜炉｜香｜风｜流｜春｜酒｜人｜台,天象时令｜天象时令｜山水地理｜植物花卉｜植物花卉｜天象时令｜天象时令｜器物人文｜植物花卉｜天象时令｜山水地理｜天象时令｜器物人文｜人物意象｜器物人文
445,酴醿,酴醾,宋,刘子翚,12,风｜雨｜花｜晨｜叶｜银｜地｜人｜酒｜余香｜金沙｜春,天象时令｜天象时令｜植物花卉｜天象时令｜植物花卉｜器物人文｜山水地理｜人物意象｜器物人文｜植物花卉｜植物花卉｜天象时令
446,酴醿,咏酴醾,宋,朱淑真,10,花｜春｜芳｜玉｜香｜愁｜台｜人｜枝｜雨,植物花卉｜天象时令｜植物花卉｜器物人文｜植物花卉｜情感抽象｜器物人文｜人物意象｜植物花卉｜天象时令
447,酴醿,酴,宋,刘克庄,11,玉｜云｜晓｜叶｜香｜枝｜芳｜花｜海｜燕｜春,器物人文｜天象时令｜天象时令｜植物花卉｜植物花卉｜植物花卉｜植物花卉｜植物花卉｜山水地理｜动物禽鸟｜天象时令
448,酴醿,酴 醾,宋,欧阳修,6,清明｜天｜香｜风｜流｜美人,天象时令｜山水地理｜植物花卉｜天象时令｜山水地理｜人物意象
449,酴醿,茶䕷花,宋,韩维,3,日｜东风｜清香,天象时令｜天象时令｜植物花卉
450,酴醿,惜荼䕷,宋,韩维,6,天｜花｜香｜风｜残花｜佳人,山水地理｜植物花卉｜植物花卉｜天象时令｜植物花卉｜人物意象
451,酴醿,和文与可洋州园池酴醾洞,宋,苏轼,7,山｜寒｜夜｜野｜暗香｜霜｜玉,山水地理｜天象时令｜天象时令｜山水地理｜植物花卉｜天象时令｜器物人文
452,酴醿,赏茶䕷有感,宋,秦观,3,春｜花｜香,天象时令｜植物花卉｜植物花卉
453,酴醿,酴 醾,宋,黄庭坚,3,香｜日｜风,植物花卉｜天象时令｜天象时令
454,酴醿,披香阁上观茶蕨,宋,杨万里,3,楼｜蝴蝶｜花,器物人文｜动物禽鸟｜植物花卉
455,酴醿,酴醾花谢有感,宋,薛季宣,7,花｜春｜地｜锦｜今日｜雪｜人,植物花卉｜天象时令｜山水地理｜器物人文｜时空行为｜天象时令｜人物意象
456,酴醿,荼蘼,宋,谢幼谦,6,香｜雪｜风｜流｜秋｜细雨,植物花卉｜天象时令｜天象时令｜山水地理｜天象时令｜天象时令
457,酴醿,荼蘼,宋,卢祖皋,7,雪｜云｜春｜酒｜风｜东风｜梅花,天象时令｜天象时令｜天象时令｜器物人文｜天象时令｜天象时令｜植物花卉
458,酴醿,荼蘼,宋,徐似道,7,月｜烟｜地｜玉｜云｜风｜台,天象时令｜天象时令｜山水地理｜器物人文｜天象时令｜天象时令｜器物人文
459,酴醿,荼蘼 (其一),宋,方岳,7,山｜雨｜春风｜暖｜寒｜天｜牡丹,山水地理｜天象时令｜天象时令｜天象时令｜天象时令｜山水地理｜植物花卉
460,酴醿,荼蘼（其二）,宋,方岳,7,春风｜野｜香｜玉｜黄鹂｜花｜雪,天象时令｜山水地理｜植物花卉｜器物人文｜动物禽鸟｜植物花卉｜天象时令
461,酴醿,点绛唇,宋,王十朋,9,玉｜春｜清香｜暖｜日｜露｜枝｜人｜花,器物人文｜天象时令｜植物花卉｜天象时令｜天象时令｜天象时令｜植物花卉｜人物意象｜植物花卉
462,酴醿,点绛唇,宋,王十朋,8,野｜芳｜枝｜春｜花｜山｜风｜月,山水地理｜植物花卉｜植物花卉｜天象时令｜植物花卉｜山水地理｜天象时令｜天象时令
463,酴醿,鹪鸪天,宋,晁端礼,6,春风｜夜｜风｜雨｜晓｜余香,天象时令｜天象时令｜天象时令｜天象时令｜天象时令｜植物花卉
464,酴醿,洞仙歌,宋,段宏章,18,雪｜东风｜孤｜香｜雨｜凤｜风｜愁｜流｜玉｜烟｜人间｜春｜泪｜江｜山｜梅花｜梨花,天象时令｜天象时令｜情感抽象｜植物花卉｜天象时令｜动物禽鸟｜天象时令｜情感抽象｜山水地理｜器物人文｜天象时令｜时空行为｜天象时令｜情感抽象｜山水地理｜山水地理｜植物花卉｜植物花卉
465,酴醿,玲珑四犯,宋,曹達,22,幽｜芳｜梅花｜露｜叶｜香｜雪｜玉｜凤｜暮｜烟｜酒｜风｜天｜春｜蝶｜雨｜牡丹｜夜｜楼｜金｜月,情感抽象｜植物花卉｜植物花卉｜天象时令｜植物花卉｜植物花卉｜天象时令｜器物人文｜动物禽鸟｜天象时令｜天象时令｜器物人文｜天象时令｜山水地理｜天象时令｜动物禽鸟｜天象时令｜植物花卉｜天象时令｜器物人文｜器物人文｜天象时令
466,酴醿,贺新郎,宋,刘克庄,19,珠｜风｜露｜人｜玉｜龙｜鹤｜花｜雨｜枝｜雪｜烛｜乐｜春｜香｜月｜茉莉｜山｜箫,器物人文｜天象时令｜天象时令｜人物意象｜器物人文｜动物禽鸟｜动物禽鸟｜植物花卉｜天象时令｜植物花卉｜天象时令｜器物人文｜情感抽象｜天象时令｜植物花卉｜天象时令｜植物花卉｜山水地理｜器物人文
467,金沙,池上看金沙花数枝过酴醾架盛开,宋,王安石,2,金沙｜雪,植物花卉｜天象时令
468,金沙,池上看金沙花数枝过酴醾架盛开,宋,王安石,4,水｜金沙｜云｜雪,山水地理｜植物花卉｜天象时令｜天象时令
469,金沙,池上看金沙花,宋,王安石,2,水｜枝,山水地理｜植物花卉
470,金沙,金沙花,宋,杨万里,5,松｜锦｜花｜枝｜人,植物花卉｜器物人文｜植物花卉｜植物花卉｜人物意象
471,琼花,琼 花,清,吴嘉纪,3,台｜花｜芳,器物人文｜植物花卉｜植物花卉
472,琼花,后土庙琼花诗二首,宋,王禹偁,3,花｜琼花｜云,植物花卉｜植物花卉｜天象时令
473,琼花,琼 花,宋,秦观,5,亭｜人｜月｜异乡｜花,山水地理｜人物意象｜天象时令｜山水地理｜植物花卉
474,琼花,琼 花,元,尹廷高,8,亭｜人｜夜｜月｜猿｜鹤｜玉｜雪,山水地理｜人物意象｜天象时令｜天象时令｜动物禽鸟｜动物禽鸟｜器物人文｜天象时令
475,琼花,题扬州琼花,元,冯子振,7,锦｜帆｜天涯｜暮｜龙｜舟｜琼花,器物人文｜器物人文｜山水地理｜天象时令｜动物禽鸟｜器物人文｜植物花卉
476,琼花,昭君怨,宋,刘克庄,7,天上｜人间｜玉｜花｜流｜天涯｜箫,时空行为｜时空行为｜器物人文｜植物花卉｜山水地理｜山水地理｜器物人文
477,琼花,丑奴儿,宋,向子课,7,亭｜琼花｜玉｜云｜天｜桃｜花,山水地理｜植物花卉｜器物人文｜天象时令｜山水地理｜植物花卉｜植物花卉
478,琼花,虞美人,宋,向子课,14,琼花｜蝶｜空｜地｜花｜花开｜恨｜人｜枝｜泪｜春风｜愁｜怨｜峰,植物花卉｜动物禽鸟｜山水地理｜山水地理｜植物花卉｜植物花卉｜情感抽象｜人物意象｜植物花卉｜情感抽象｜天象时令｜情感抽象｜情感抽象｜山水地理
479,琼花,扬州慢,宋,赵以夫,30,琼花｜花｜叶｜香｜人｜枝｜云｜根｜日｜春风｜明月｜楼｜冰｜玉｜燕｜风｜流｜芳｜雨｜天｜冷｜鹤｜竹｜西风｜空｜烟｜水｜黄昏｜孤｜愁,植物花卉｜植物花卉｜植物花卉｜植物花卉｜人物意象｜植物花卉｜天象时令｜植物花卉｜天象时令｜天象时令｜天象时令｜器物人文｜天象时令｜器物人文｜动物禽鸟｜天象时令｜山水地理｜植物花卉｜天象时令｜山水地理｜天象时令｜动物禽鸟｜植物花卉｜天象时令｜山水地理｜天象时令｜山水地理｜天象时令｜情感抽象｜情感抽象
480,琼花,贺新郎,宋,刘克庄,17,东风｜草｜笔｜明月｜水仙｜天上｜人间｜露｜花｜根｜关山｜玉｜箫｜白发｜渡｜江｜恨,天象时令｜植物花卉｜器物人文｜天象时令｜植物花卉｜时空行为｜时空行为｜天象时令｜植物花卉｜植物花卉｜山水地理｜器物人文｜器物人文｜时空行为｜山水地理｜山水地理｜情感抽象
481,琼花,喜迁莺,元,张翥,21,东风｜空｜春｜恨｜喜｜玉｜桥｜夜｜月｜花｜酒｜芳｜水｜蜂｜香｜世间｜凤｜箫｜枝｜峰｜人,天象时令｜山水地理｜天象时令｜情感抽象｜情感抽象｜器物人文｜山水地理｜天象时令｜天象时令｜植物花卉｜器物人文｜植物花卉｜山水地理｜动物禽鸟｜植物花卉｜时空行为｜动物禽鸟｜器物人文｜植物花卉｜山水地理｜人物意象
482,杨花,杨白花,魏,胡太后,10,春｜月｜杨柳｜花｜春风｜夜｜杨花｜泪｜秋｜双燕,天象时令｜天象时令｜植物花卉｜植物花卉｜天象时令｜天象时令｜植物花卉｜情感抽象｜天象时令｜动物禽鸟
483,杨花,杨花落,唐,杨巨源,12,春｜风｜杨柳｜花｜人｜玉｜花落｜琴｜桃｜芳｜杨花｜暮,天象时令｜天象时令｜植物花卉｜植物花卉｜人物意象｜器物人文｜植物花卉｜器物人文｜植物花卉｜植物花卉｜植物花卉｜天象时令
484,杨花,杨花吟,元,胡天游,24,江｜春水｜天涯｜风｜杨柳｜花｜空｜渡｜水｜草｜蝶｜流｜莺｜楼｜阁｜天｜杨花｜雪｜珠｜帘｜榭｜美人｜春｜愁,山水地理｜山水地理｜山水地理｜天象时令｜植物花卉｜植物花卉｜山水地理｜山水地理｜山水地理｜植物花卉｜动物禽鸟｜山水地理｜动物禽鸟｜器物人文｜器物人文｜山水地理｜植物花卉｜天象时令｜器物人文｜器物人文｜器物人文｜人物意象｜天象时令｜情感抽象
485,杨花,杨花篇,明,王廷相,23,月｜春｜杨柳｜湖｜客｜飞花｜愁｜人｜江｜香｜花｜烟｜豪｜流｜雪｜旌｜日｜暮｜风｜天｜地｜波｜怨,天象时令｜天象时令｜植物花卉｜山水地理｜人物意象｜植物花卉｜情感抽象｜人物意象｜山水地理｜植物花卉｜植物花卉｜天象时令｜情感抽象｜山水地理｜天象时令｜器物人文｜天象时令｜天象时令｜天象时令｜山水地理｜山水地理｜山水地理｜情感抽象
486,杨花,柳 絮,唐,张氏,6,芳｜春｜雪｜花｜风｜杯,植物花卉｜天象时令｜天象时令｜植物花卉｜天象时令｜器物人文
487,杨花,柳 絮,宋,徐积,9,花｜风｜地｜孤｜客｜浮云｜马｜桥｜泪,植物花卉｜天象时令｜山水地理｜情感抽象｜人物意象｜天象时令｜动物禽鸟｜山水地理｜情感抽象
488,杨花,柳 絮,明,高启,8,春｜云｜岸｜沙｜水｜鱼｜晓｜哀,天象时令｜天象时令｜山水地理｜山水地理｜山水地理｜动物禽鸟｜天象时令｜情感抽象
489,杨花,杨花咏,明,僧妙声,5,柳｜空｜雪｜风｜蝶,植物花卉｜山水地理｜天象时令｜天象时令｜动物禽鸟
490,杨花,柳 絮,唐,刘禹锡,13,春｜花｜暖｜蝶｜玉楼｜人｜笔｜酒｜风｜雪｜河｜江｜津,天象时令｜植物花卉｜天象时令｜动物禽鸟｜器物人文｜人物意象｜器物人文｜器物人文｜天象时令｜天象时令｜山水地理｜山水地理｜山水地理
491,杨花,柳絮,宋,梅尧臣,14,陶令｜酒｜柳｜花｜蓬莱｜雪｜关｜塞｜人｜蝶｜春｜银｜河｜津,人物意象｜器物人文｜植物花卉｜植物花卉｜器物人文｜天象时令｜山水地理｜山水地理｜人物意象｜动物禽鸟｜天象时令｜器物人文｜山水地理｜山水地理
492,杨花,杨 花,明,朱应辰,13,月｜江｜春｜人｜马｜帘｜水｜雪｜燕｜香｜鱼｜天｜根,天象时令｜山水地理｜天象时令｜人物意象｜动物禽鸟｜器物人文｜山水地理｜天象时令｜动物禽鸟｜植物花卉｜动物禽鸟｜山水地理｜植物花卉
493,杨花,杨花诗,清,舒位,9,杨柳｜飞花｜月｜水｜流｜春｜人｜雪｜天涯,植物花卉｜植物花卉｜天象时令｜山水地理｜山水地理｜天象时令｜人物意象｜天象时令｜山水地理
494,杨花,妆 成,隋,侯夫人,3,悲｜杨花｜春,情感抽象｜植物花卉｜天象时令
495,杨花,柳花词三首,唐,刘禹锡,10,香｜风｜花落｜春｜地｜空｜人｜天｜雪｜暮,植物花卉｜天象时令｜植物花卉｜天象时令｜山水地理｜山水地理｜人物意象｜山水地理｜天象时令｜天象时令
496,杨花,即 事,元,朱德润,3,柳｜春｜东风,植物花卉｜天象时令｜天象时令
497,杨花,晚 春,唐,韩愈,6,草｜春｜芳｜杨花｜天｜雪,植物花卉｜天象时令｜植物花卉｜植物花卉｜山水地理｜天象时令
498,杨花,杨柳枝词,唐,刘禹锡,7,水｜柳｜春｜风｜花｜雪｜人,山水地理｜植物花卉｜天象时令｜天象时令｜植物花卉｜天象时令｜人物意象
499,杨花,柳 絮,唐,薛涛,4,月｜杨花｜春风｜人,天象时令｜植物花卉｜天象时令｜人物意象
500,杨花,杨 花,唐,张祜,5,风｜日｜雪｜花｜人,天象时令｜天象时令｜天象时令｜植物花卉｜人物意象
501,杨花,城上晚思,宋,陈与义,8,梧｜落日｜山｜柳｜花｜岸｜风｜洞庭,植物花卉｜天象时令｜山水地理｜植物花卉｜植物花卉｜山水地理｜天象时令｜山水地理
502,杨花,柳 絮,宋,杨万里,2,杨花｜浪,植物花卉｜山水地理
503,杨花,柳 絮,宋,汪藻,2,柳｜风,植物花卉｜天象时令
504,杨花,飞 絮,元,杨维桢,7,春风｜花｜风｜帘｜空｜恨｜杨柳,天象时令｜植物花卉｜天象时令｜器物人文｜山水地理｜情感抽象｜植物花卉
505,杨花,如梦令,清,曹雪芹,7,帘｜香｜雾｜空｜鹃｜燕｜春,器物人文｜植物花卉｜天象时令｜山水地理｜动物禽鸟｜动物禽鸟｜天象时令
506,杨花,柳梢青,宋,周晋,11,雾｜花｜风｜雪｜雨｜云｜湖｜春｜东风｜游子｜佳人,天象时令｜植物花卉｜天象时令｜天象时令｜天象时令｜天象时令｜山水地理｜天象时令｜天象时令｜人物意象｜人物意象
507,杨花,减 兰,清,朱彝尊,12,杨花｜人｜愁｜笔｜书｜东风｜阁｜兰｜木兰｜花｜关｜墨,植物花卉｜人物意象｜情感抽象｜器物人文｜器物人文｜天象时令｜器物人文｜植物花卉｜植物花卉｜植物花卉｜山水地理｜器物人文
508,杨花,忆秦娥,清,宋徽與,9,金｜春｜云｜江南｜江｜珠｜帘｜东风｜客,器物人文｜天象时令｜天象时令｜山水地理｜山水地理｜器物人文｜器物人文｜天象时令｜人物意象
509,杨花,南柯子,清,曹雪芹,6,空｜莺｜愁｜蝶｜芳｜春,山水地理｜动物禽鸟｜情感抽象｜动物禽鸟｜植物花卉｜天象时令
510,杨花,唐多令,清,曹雪芹,13,花｜洲｜香｜燕｜楼｜人｜空｜风｜流｜草｜愁｜东风｜春,植物花卉｜山水地理｜植物花卉｜动物禽鸟｜器物人文｜人物意象｜山水地理｜天象时令｜山水地理｜植物花卉｜情感抽象｜天象时令｜天象时令
511,杨花,临江仙,清,曹雪芹,10,玉｜春｜东风｜蜂｜蝶｜水｜芳｜根｜风｜云,器物人文｜天象时令｜天象时令｜动物禽鸟｜动物禽鸟｜山水地理｜植物花卉｜植物花卉｜天象时令｜天象时令
512,杨花,声声慢,宋,周密,18,燕｜鱼｜浪｜香｜芳｜花｜春｜台｜帘｜马｜河｜桥｜月｜雪｜雨｜人｜东风｜云,动物禽鸟｜动物禽鸟｜山水地理｜植物花卉｜植物花卉｜植物花卉｜天象时令｜器物人文｜器物人文｜动物禽鸟｜山水地理｜山水地理｜天象时令｜天象时令｜天象时令｜人物意象｜天象时令｜天象时令
513,杨花,木兰花慢,清,张惠言,19,人｜花｜风｜帘｜雨｜云｜春｜夕阳｜地｜凉｜月｜梅花｜天｜雪｜寒｜恨｜愁｜山｜泪,人物意象｜植物花卉｜天象时令｜器物人文｜天象时令｜天象时令｜天象时令｜天象时令｜山水地理｜天象时令｜天象时令｜植物花卉｜山水地理｜天象时令｜天象时令｜情感抽象｜情感抽象｜山水地理｜情感抽象
514,杨花,水龙吟,宋,章,22,燕｜莺｜花｜柳｜林｜日｜珠｜帘｜风｜兰｜玉｜人｜春｜雪｜香｜蜂｜鱼｜水｜台｜杏｜金｜泪,动物禽鸟｜动物禽鸟｜植物花卉｜植物花卉｜山水地理｜天象时令｜器物人文｜器物人文｜天象时令｜植物花卉｜器物人文｜人物意象｜天象时令｜天象时令｜植物花卉｜动物禽鸟｜动物禽鸟｜山水地理｜器物人文｜植物花卉｜器物人文｜情感抽象
515,杨花,水龙吟,宋,苏轼,12,花｜人｜风｜万里｜莺｜恨｜晓｜雨｜春色｜流水｜杨花｜泪,植物花卉｜人物意象｜天象时令｜时空行为｜动物禽鸟｜情感抽象｜天象时令｜天象时令｜时空行为｜山水地理｜植物花卉｜情感抽象
516,杨花,水龙吟,明,赵南星,16,春｜愁｜人｜杨花｜空｜日｜风｜燕｜花｜玉｜兰｜天｜雪｜香｜水｜泪,天象时令｜情感抽象｜人物意象｜植物花卉｜山水地理｜天象时令｜天象时令｜动物禽鸟｜植物花卉｜器物人文｜植物花卉｜山水地理｜天象时令｜植物花卉｜山水地理｜情感抽象
517,杨花,清 明,宋,陈与义,6,蜂｜蝶｜东风｜清明｜禽｜花,动物禽鸟｜动物禽鸟｜天象时令｜天象时令｜动物禽鸟｜植物花卉
518,杨花,来禽花,宋,陈与义,10,禽｜花｜清明｜人间｜风｜日｜春｜昨日｜今日｜雪,动物禽鸟｜植物花卉｜天象时令｜时空行为｜天象时令｜天象时令｜天象时令｜时空行为｜时空行为｜天象时令
519,虞美人,雨后同干誉、才卿置酒来禽花下作,宋,叶梦得,10,落花｜风｜黄昏｜雨｜晓｜空｜花｜杯｜酒｜美人,植物花卉｜天象时令｜天象时令｜天象时令｜天象时令｜山水地理｜植物花卉｜器物人文｜器物人文｜人物意象
520,虞美人,念奴娇,宋,曾觌,16,花｜晓｜雨｜芳｜香｜春色｜月｜梨花｜杏｜风｜人｜寂｜东风｜枝｜玉｜空,植物花卉｜天象时令｜天象时令｜植物花卉｜植物花卉｜时空行为｜天象时令｜植物花卉｜植物花卉｜天象时令｜人物意象｜情感抽象｜天象时令｜植物花卉｜器物人文｜山水地理
521,木棉花,木棉花歌,清,陈恭尹,20,江｜月｜天｜花开｜日｜沧海｜台｜壮｜桃｜杏｜花｜芳｜鸟｜凤｜落花｜岭｜人｜风｜雪｜寒,山水地理｜天象时令｜山水地理｜植物花卉｜天象时令｜山水地理｜器物人文｜情感抽象｜植物花卉｜植物花卉｜植物花卉｜植物花卉｜动物禽鸟｜动物禽鸟｜植物花卉｜山水地理｜人物意象｜天象时令｜天象时令｜天象时令
522,木棉花,咏木棉花,清,杭世骏,7,水｜流｜枝｜地｜月｜东风｜楼,山水地理｜山水地理｜植物花卉｜山水地理｜天象时令｜天象时令｜器物人文
523,木棉花,春日杂诗,清,丘逢甲,6,春｜夕｜落花｜风｜空｜天,天象时令｜天象时令｜植物花卉｜天象时令｜山水地理｜山水地理
524,紫荆,红 荆,唐,元稹,4,月｜花开｜春｜人,天象时令｜植物花卉｜天象时令｜人物意象
525,郁李花,惜郁李花,唐,白居易,8,花｜香｜夕｜芬｜枝｜地｜苦｜风,植物花卉｜植物花卉｜天象时令｜植物花卉｜植物花卉｜山水地理｜情感抽象｜天象时令
526,郁李花,次韵郁李花,宋,赵抃,7,花｜春｜晓｜枝｜梅｜菊｜人,植物花卉｜天象时令｜天象时令｜植物花卉｜植物花卉｜植物花卉｜人物意象
527,楝花,楝花,宋,张蕴,6,香｜江南｜月｜风｜草｜蝶,植物花卉｜山水地理｜天象时令｜天象时令｜植物花卉｜动物禽鸟
528,郁李花,寄 友,元,朱希晦,10,雨｜溪｜鸟｜沙｜山｜野｜人｜桃｜春｜花,天象时令｜山水地理｜动物禽鸟｜山水地理｜山水地理｜山水地理｜人物意象｜植物花卉｜天象时令｜植物花卉
529,郁李花,褐金门,清,陆钟辉,8,春｜花｜昼｜人｜香｜云｜燕｜落花,天象时令｜植物花卉｜天象时令｜人物意象｜植物花卉｜天象时令｜动物禽鸟｜植物花卉
1022,杨花,浣溪沙,明,陈子龙,9,台｜帘｜春｜日｜残花｜风｜玉楼｜天涯｜人,器物人文｜器物人文｜天象时令｜天象时令｜植物花卉｜天象时令｜器物人文｜山水地理｜人物意象
1023,杨花,渡江云,清,周济,14,春风｜长亭｜恨｜春｜落花｜凭栏｜波｜人｜落日｜霞｜浮云｜蓬莱｜水｜秋风,天象时令｜山水地理｜情感抽象｜天象时令｜植物花卉｜器物人文｜山水地理｜人物意象｜天象时令｜天象时令｜天象时令｜器物人文｜山水地理｜天象时令
1018,牡丹,洛阳牡丹图,宋,欧阳修,14,地｜花｜牡丹｜天｜故人｜客｜枝｜人｜叶｜玉｜溪｜云｜鹤｜日,山水地理｜植物花卉｜植物花卉｜山水地理｜人物意象｜人物意象｜植物花卉｜人物意象｜植物花卉｜器物人文｜山水地理｜天象时令｜动物禽鸟｜天象时令
1019,兰花,浣溪沙（兰花）,清,郭麐,9,露｜花｜冷｜江｜泪｜春｜潮｜叶｜风,天象时令｜植物花卉｜天象时令｜山水地理｜情感抽象｜天象时令｜山水地理｜植物花卉｜天象时令
1020,蔷薇,锦被堆(其二),宋,韩琦,3,风｜流｜香,天象时令｜山水地理｜植物花卉
1021,琼花,瑶华,宋,周密,27,天上｜人间｜春｜江南｜江｜云｜梅｜雪｜山｜芳｜高洁｜花落｜花开｜玉｜关｜豪｜金｜壶｜枝｜香｜喜｜蜂｜蝶｜花｜少年｜桥｜明月,时空行为｜时空行为｜天象时令｜山水地理｜山水地理｜天象时令｜植物花卉｜天象时令｜山水地理｜植物花卉｜情感抽象｜植物花卉｜植物花卉｜器物人文｜山水地理｜情感抽象｜器物人文｜器物人文｜植物花卉｜植物花卉｜情感抽象｜动物禽鸟｜动物禽鸟｜植物花卉｜时空行为｜山水地理｜天象时令
530,芍药,题阶前芍药,唐,柳宗元,11,晨｜露｜春｜孤｜白日｜暮｜风｜夜｜芳｜幽｜人,天象时令｜天象时令｜天象时令｜情感抽象｜天象时令｜天象时令｜天象时令｜天象时令｜植物花卉｜情感抽象｜人物意象
531,芍药,送芍药与公择,宋,苏轼,8,今日｜乐｜花｜芍药｜雨｜沙｜枝｜春,时空行为｜情感抽象｜植物花卉｜植物花卉｜天象时令｜山水地理｜植物花卉｜天象时令
532,芍药,芍药歌,唐,韩愈,12,人｜花｜春｜天｜馨｜香｜霜｜刀｜桃｜镜｜酒｜乐,人物意象｜植物花卉｜天象时令｜山水地理｜植物花卉｜植物花卉｜天象时令｜器物人文｜植物花卉｜器物人文｜器物人文｜情感抽象
533,芍药,黄修职雨中送芍药五枝,宋,陈与义,4,雨｜晓｜玉｜轩,天象时令｜天象时令｜器物人文｜器物人文
534,芍药,七里湾得朱表臣寄千叶楼子髻子芍药,宋,梅尧臣,6,牡丹｜霞｜叶｜香｜楼｜水,植物花卉｜天象时令｜植物花卉｜植物花卉｜器物人文｜山水地理
535,芍药,芙蓉渡酒店前金沙芍药盛开,宋,杨万里,13,山｜春｜芙蓉｜渡｜金沙｜芍药｜轩｜孤｜客｜寂寞｜雨｜花｜香,山水地理｜天象时令｜植物花卉｜山水地理｜植物花卉｜植物花卉｜器物人文｜情感抽象｜人物意象｜情感抽象｜天象时令｜植物花卉｜植物花卉
536,芍药,咏芍药,金,姚孝锡,5,风｜露｜愁｜春｜云,天象时令｜天象时令｜情感抽象｜天象时令｜天象时令
537,芍药,芍 药,唐,韩愈,3,香｜灯｜龙,植物花卉｜器物人文｜动物禽鸟
538,芍药,华严院西轩见芍药,宋,蔡襄,5,帘｜风｜香｜金｜刀,器物人文｜天象时令｜植物花卉｜器物人文｜器物人文
539,芍药,谢赵生惠芍药(其三),宋,陈师道,6,风｜天｜春｜枝｜人间｜人,天象时令｜山水地理｜天象时令｜植物花卉｜时空行为｜人物意象
540,芍药,咏一捻红芍药,清,孔尚任,2,枝｜芍药,植物花卉｜植物花卉
541,芍药,白芍药,清,塞尔赫,8,珠｜帘｜夜｜香｜玉楼｜风｜暖｜月,器物人文｜器物人文｜天象时令｜植物花卉｜器物人文｜天象时令｜天象时令｜天象时令
542,芍药,浪淘沙,宋,韩元吉,14,怨｜花｜春｜芍药｜晓｜风｜叶｜枝｜山｜云｜楼｜玉｜桥｜明月,情感抽象｜植物花卉｜天象时令｜植物花卉｜天象时令｜天象时令｜植物花卉｜植物花卉｜山水地理｜天象时令｜器物人文｜器物人文｜山水地理｜天象时令
543,芍药,水龙吟,宋,卢祖皋,18,杜鹃｜春｜愁｜凤｜霞｜云｜风｜露｜酒｜人｜香｜流｜银｜烛｜离愁｜海｜枝｜玉,植物花卉｜天象时令｜情感抽象｜动物禽鸟｜天象时令｜天象时令｜天象时令｜天象时令｜器物人文｜人物意象｜植物花卉｜山水地理｜器物人文｜器物人文｜情感抽象｜山水地理｜植物花卉｜器物人文
544,芍药,望海潮,宋,晁补之,14,人间｜花｜天涯｜春｜风｜天｜香｜东风｜江｜人｜芳｜幽｜酒｜亭,时空行为｜植物花卉｜山水地理｜天象时令｜天象时令｜山水地理｜植物花卉｜天象时令｜山水地理｜人物意象｜植物花卉｜情感抽象｜器物人文｜山水地理
545,杜鹃,紫躑躅,唐,元稹,17,春｜水｜青山｜朝日｜夜｜山｜花｜月｜空｜人｜怨｜春风｜夏｜风｜幽｜空山｜玉,天象时令｜山水地理｜山水地理｜天象时令｜天象时令｜山水地理｜植物花卉｜天象时令｜山水地理｜人物意象｜情感抽象｜天象时令｜天象时令｜天象时令｜情感抽象｜山水地理｜器物人文
546,杜鹃,山石榴寄元九,唐,白居易,24,山｜石｜花｜江｜月｜枝｜根｜燕｜刀｜愁｜春｜日｜珠｜地｜人｜西施｜芙蓉｜芳｜客｜暮｜榴花｜苦｜今日｜落日,山水地理｜山水地理｜植物花卉｜山水地理｜天象时令｜植物花卉｜植物花卉｜动物禽鸟｜器物人文｜情感抽象｜天象时令｜天象时令｜器物人文｜山水地理｜人物意象｜人物意象｜植物花卉｜植物花卉｜人物意象｜天象时令｜植物花卉｜情感抽象｜时空行为｜天象时令
547,杜鹃,杜鹃花,唐,成彦雄,9,鹃｜花｜鸟｜怨｜枝｜寒｜夜｜野｜日,动物禽鸟｜植物花卉｜动物禽鸟｜情感抽象｜植物花卉｜天象时令｜天象时令｜山水地理｜天象时令
548,杜鹃,玉泉寺南三里涧下多深红躑躅，繁艳殊常,唐,白居易,7,玉｜泉｜涧｜花｜今日｜苦｜杯,器物人文｜山水地理｜山水地理｜植物花卉｜时空行为｜情感抽象｜器物人文
549,杜鹃,杜鹃花,宋,真山民,14,愁｜云｜空｜恨｜芳｜山｜枝｜烟｜夜｜月｜锦｜水｜东风｜行人,情感抽象｜天象时令｜山水地理｜情感抽象｜植物花卉｜山水地理｜植物花卉｜天象时令｜天象时令｜天象时令｜器物人文｜山水地理｜天象时令｜人物意象
550,杜鹃,宣城见杜鹃花,唐,李白,6,子规｜鸟｜杜鹃｜花｜春｜月,动物禽鸟｜动物禽鸟｜植物花卉｜植物花卉｜天象时令｜天象时令
551,杜鹃,寄李渤,唐,张籍,5,溪｜春山｜月｜花｜峰,山水地理｜山水地理｜天象时令｜植物花卉｜山水地理
552,杜鹃,戏问山石榴,唐,白居易,4,山｜花｜马｜人,山水地理｜植物花卉｜动物禽鸟｜人物意象
553,杜鹃,山石榴,唐,杜牧,4,山｜佳人｜玉｜云,山水地理｜人物意象｜器物人文｜天象时令
554,杜鹃,叹灵鹫寺山石榴,唐,雍陶,10,水｜蝶｜岩｜蜂｜露｜枝｜山｜春｜人｜杜鹃,山水地理｜动物禽鸟｜山水地理｜动物禽鸟｜天象时令｜植物花卉｜山水地理｜天象时令｜人物意象｜植物花卉
555,杜鹃,送杜鹃花,唐,吴融,3,春｜秋｜西风,天象时令｜天象时令｜天象时令
556,杜鹃,杜鹃花,宋,杨万里,7,春风｜山｜花｜日｜锦｜江｜溪,天象时令｜山水地理｜植物花卉｜天象时令｜器物人文｜山水地理｜山水地理
557,杜鹃,杜鹃花,清,秋瑾,6,杜鹃｜花｜春｜夜｜风｜露,植物花卉｜植物花卉｜天象时令｜天象时令｜天象时令｜天象时令
558,杜鹃,浪淘沙,宋,高观国,13,天涯｜怨｜芳｜烟霞｜西风｜秋｜露｜冷｜花｜明月｜客｜春｜愁,山水地理｜情感抽象｜植物花卉｜天象时令｜天象时令｜天象时令｜天象时令｜天象时令｜植物花卉｜天象时令｜人物意象｜天象时令｜情感抽象
559,杜鹃,定风波,宋,辛弃疾,11,春｜杜鹃｜苦｜风｜雨｜空山｜海棠｜日｜花开｜花｜人,天象时令｜植物花卉｜情感抽象｜天象时令｜天象时令｜山水地理｜植物花卉｜天象时令｜植物花卉｜植物花卉｜人物意象
560,杜鹃,山枇杷,唐,白居易,12,山｜溪｜野｜风｜枝｜日｜桃｜芙蓉｜花｜根｜石｜人,山水地理｜山水地理｜山水地理｜天象时令｜植物花卉｜天象时令｜植物花卉｜植物花卉｜植物花卉｜植物花卉｜山水地理｜人物意象
561,玉蕊花,唐昌观玉蕊花拆，有仙人游，怅然成二绝(其二),唐,严休复,6,玉｜山｜枝｜雪｜风｜云,器物人文｜山水地理｜植物花卉｜天象时令｜天象时令｜天象时令
562,玉蕊花,和严给事闻唐昌观玉蕊花下有游仙二首(其一),唐,刘禹锡,7,玉｜花｜香｜枝｜雪｜人间｜日,器物人文｜植物花卉｜植物花卉｜植物花卉｜天象时令｜时空行为｜天象时令
563,玉蕊花,唐昌观玉蕊花,唐,王建,5,玉｜地｜夜｜香｜月,器物人文｜山水地理｜天象时令｜植物花卉｜天象时令
564,虞美人,赋虞美人草,宋,姜夔,8,夜｜玉｜悲｜风｜江｜千里｜石｜草,天象时令｜器物人文｜情感抽象｜天象时令｜山水地理｜时空行为｜山水地理｜植物花卉
565,虞美人,虞美人花,清,吴嘉纪,5,草｜枝｜恨｜美人｜花,植物花卉｜植物花卉｜情感抽象｜人物意象｜植物花卉
566,虞美人,咏虞美人草,明,徐茂吴,10,人｜芳｜枝｜露｜泪｜风｜夜｜日｜哀怨｜江,人物意象｜植物花卉｜植物花卉｜天象时令｜情感抽象｜天象时令｜天象时令｜天象时令｜情感抽象｜山水地理
567,虞美人,咏虞美人草,宋,萧海藻,1,日,天象时令
568,虞美人,咏虞美人草,宋,易幼学,4,佳人｜玉｜原｜草,人物意象｜器物人文｜山水地理｜植物花卉
569,虞美人,虞美人,清,许氏,4,江｜草｜花开｜杜鹃,山水地理｜植物花卉｜植物花卉｜植物花卉
570,虞美人,虞美人,宋,无名氏,11,叶｜玉｜秋风｜虞姬｜珠｜戈｜地｜恨｜芳｜露｜泪,植物花卉｜器物人文｜天象时令｜人物意象｜器物人文｜器物人文｜山水地理｜情感抽象｜植物花卉｜天象时令｜情感抽象
571,虞美人,浪淘沙,宋,辛弃疾,8,江｜玉｜草｜日｜春风｜竹｜泪｜恨,山水地理｜器物人文｜植物花卉｜天象时令｜天象时令｜植物花卉｜情感抽象｜情感抽象
572,罂粟,米囊花,宋,杨万里,7,鸟｜蜂｜蝶｜天｜花｜春风｜日,动物禽鸟｜动物禽鸟｜动物禽鸟｜山水地理｜植物花卉｜天象时令｜天象时令
573,罂粟,罂粟花,清,沈钟彦,4,烟｜晓｜霞｜花,天象时令｜天象时令｜天象时令｜植物花卉
574,含笑,含笑花,宋,杨万里,9,荷｜玉｜花｜日｜暮｜香｜人｜枝｜叶,植物花卉｜器物人文｜植物花卉｜天象时令｜天象时令｜植物花卉｜人物意象｜植物花卉｜植物花卉
575,含笑,含 笑,宋,邓润甫,5,风｜人｜露｜夜｜春,天象时令｜人物意象｜天象时令｜天象时令｜天象时令
576,含笑,闻傅氏庄紫笑花开，急棹小舟观之,宋,陆游,6,日｜愁｜香｜人｜春｜蜂,天象时令｜情感抽象｜植物花卉｜人物意象｜天象时令｜动物禽鸟
577,含笑,含笑花,宋,许仲启,6,花｜佳人｜枝｜金｜雨｜风,植物花卉｜人物意象｜植物花卉｜器物人文｜天象时令｜天象时令
578,木香,咏慎郎中园木香,宋,徐积,5,霞｜云｜日｜春｜春风,天象时令｜天象时令｜天象时令｜天象时令｜天象时令
579,木香,木 香,宋,张舜民,8,寒｜玉楼｜台｜露｜根｜月｜香｜牡丹,天象时令｜器物人文｜器物人文｜天象时令｜植物花卉｜天象时令｜植物花卉｜植物花卉
580,玫瑰,司直巡官无绪移到玫瑰花,唐,徐夤,10,芳｜台｜蔷薇｜玫瑰｜春｜锦｜风｜天｜日｜客,植物花卉｜器物人文｜植物花卉｜植物花卉｜天象时令｜器物人文｜天象时令｜山水地理｜天象时令｜人物意象
581,玫瑰,红玫瑰,宋,杨万里,13,关｜月季｜蔷薇｜叶｜枝｜花｜风｜流｜雨｜露｜香｜人｜水,山水地理｜植物花卉｜植物花卉｜植物花卉｜植物花卉｜植物花卉｜天象时令｜山水地理｜天象时令｜天象时令｜植物花卉｜人物意象｜山水地理
582,合欢,合欢诗,晋,杨方,7,春｜叶｜风｜芳｜霞｜夕｜根,天象时令｜植物花卉｜天象时令｜植物花卉｜天象时令｜天象时令｜植物花卉
583,合欢,东墙夜合树去秋为风雨所摧，今年花时，帐然有感,唐,白居易,5,风｜雨｜地｜春｜花开,天象时令｜天象时令｜山水地理｜天象时令｜植物花卉
584,合欢,中书东厅夜合,宋,韩琦,4,枝｜花｜清香｜风,植物花卉｜植物花卉｜植物花卉｜天象时令
585,合欢,夜合花,明,李东阳,9,夜｜枝｜春｜风｜露｜清晨｜明月｜芳｜人,天象时令｜植物花卉｜天象时令｜天象时令｜天象时令｜天象时令｜天象时令｜植物花卉｜人物意象
586,合欢,合欢花,明,王野,7,天涯｜燕｜空｜春色｜人｜合欢｜花,山水地理｜动物禽鸟｜山水地理｜时空行为｜人物意象｜植物花卉｜植物花卉
587,合欢,夜合花,清,乔茂才,10,暮｜长亭｜河｜桥｜酒｜马｜夜｜花｜合欢｜叶,天象时令｜山水地理｜山水地理｜山水地理｜器物人文｜动物禽鸟｜天象时令｜植物花卉｜植物花卉｜植物花卉
588,辛夷,辛夷坞,唐,王维,6,芙蓉｜花｜山｜涧｜寂｜人,植物花卉｜植物花卉｜山水地理｜山水地理｜情感抽象｜人物意象
589,辛夷,辛 夷,明,陈继儒,5,春雨｜辛夷｜江｜笔｜花,天象时令｜植物花卉｜山水地理｜器物人文｜植物花卉
590,辛夷,木莲花,清,袁枚,5,云｜海｜波｜涛｜莲花,天象时令｜山水地理｜山水地理｜山水地理｜植物花卉
591,辛夷,题灵隐寺红辛夷戏酬光上人,唐,白居易,4,笔｜莲花｜芳｜山,器物人文｜植物花卉｜植物花卉｜山水地理
592,辛夷,二辛夷,唐,李群玉,7,鹤｜霜｜玉｜空｜春雨｜寒｜香,动物禽鸟｜天象时令｜器物人文｜山水地理｜天象时令｜天象时令｜植物花卉
593,辛夷,木笔花,明,张新,6,笔｜花｜锦｜原｜春｜霞,器物人文｜植物花卉｜器物人文｜山水地理｜天象时令｜天象时令
594,棣棠,路旁棣棠花,宋,范成大,6,芳草｜幽｜花｜地｜金｜春,植物花卉｜情感抽象｜植物花卉｜山水地理｜器物人文｜天象时令
1024,芍药,贺新郎（客赠芍药）,宋,刘克庄,16,金｜云｜关山｜天｜香｜东风｜书｜月｜枝｜晓｜花｜竹｜鹤｜日｜春｜泪,器物人文｜天象时令｜山水地理｜山水地理｜植物花卉｜天象时令｜器物人文｜天象时令｜植物花卉｜天象时令｜植物花卉｜植物花卉｜动物禽鸟｜天象时令｜天象时令｜情感抽象
1026,虞美人,虞美人草行,宋,魏夫人,26,鸿｜玉｜雪｜夜｜流｜月｜烟｜义｜天｜人｜悲｜旌｜旗｜佳人｜香｜剑｜原｜草｜芳｜寂寞｜寒｜枝｜哀怨｜愁｜水｜空,动物禽鸟｜器物人文｜天象时令｜天象时令｜山水地理｜天象时令｜天象时令｜情感抽象｜山水地理｜人物意象｜情感抽象｜器物人文｜器物人文｜人物意象｜植物花卉｜器物人文｜山水地理｜植物花卉｜植物花卉｜情感抽象｜天象时令｜植物花卉｜情感抽象｜情感抽象｜山水地理｜山水地理
1027,虞美人,虞美人,宋,辛弃疾,8,芳草｜日｜春风｜山｜悲｜人间｜苦｜亭,植物花卉｜天象时令｜天象时令｜山水地理｜情感抽象｜时空行为｜情感抽象｜山水地理
1025,山枇杷,山枇杷,唐,元稹,30,山枇杷｜花｜牡丹｜青山｜山｜枝｜叶｜香｜金｜风｜日｜热｜水｜岩｜云｜雾｜愁｜珠｜人｜怨｜乐｜天｜谷｜幽｜万里｜杏｜柳｜芳｜溪｜冷,植物花卉｜植物花卉｜植物花卉｜山水地理｜山水地理｜植物花卉｜植物花卉｜植物花卉｜器物人文｜天象时令｜天象时令｜天象时令｜山水地理｜山水地理｜天象时令｜天象时令｜情感抽象｜器物人文｜人物意象｜情感抽象｜情感抽象｜山水地理｜山水地理｜情感抽象｜时空行为｜植物花卉｜植物花卉｜植物花卉｜山水地理｜天象时令
1017,梨花,蝶恋花,宋,王采,13,雪｜花｜秋｜春风｜寒｜泪｜愁｜天｜幽｜春雨｜人｜金｜凉,天象时令｜植物花卉｜天象时令｜天象时令｜天象时令｜情感抽象｜情感抽象｜山水地理｜情感抽象｜天象时令｜人物意象｜器物人文｜天象时令
1015,杏花,清平乐,金,王庭筠,11,春｜花开｜枝｜月｜风｜流｜梅花｜疏影｜溪｜竹｜人,天象时令｜植物花卉｜植物花卉｜天象时令｜天象时令｜山水地理｜植物花卉｜植物花卉｜山水地理｜植物花卉｜人物意象
1014,棣棠,南圃杏花,唐,王涯,11,春｜寒｜枝｜雪｜夜｜风｜春雨｜玉｜人｜晓｜帘,天象时令｜天象时令｜植物花卉｜天象时令｜天象时令｜天象时令｜天象时令｜器物人文｜人物意象｜天象时令｜器物人文
1010,桃花,桃花行,清,曹雪芹,29,桃花｜帘｜东风｜晨｜人｜花｜愁｜风｜春色｜空｜月｜凭栏｜桃｜叶｜红叶｜烟｜楼｜天｜锦｜春｜金｜水｜香｜泉｜冷｜泪｜流｜黄昏｜寂寞,植物花卉｜器物人文｜天象时令｜天象时令｜人物意象｜植物花卉｜情感抽象｜天象时令｜时空行为｜山水地理｜天象时令｜器物人文｜植物花卉｜植物花卉｜植物花卉｜天象时令｜器物人文｜山水地理｜器物人文｜天象时令｜器物人文｜山水地理｜植物花卉｜山水地理｜天象时令｜情感抽象｜山水地理｜天象时令｜情感抽象
595,榴花,咏邻女东窗海石榴,唐,李白,8,海｜水｜清香｜风｜落日｜鸟｜枝｜金,山水地理｜山水地理｜植物花卉｜天象时令｜天象时令｜动物禽鸟｜植物花卉｜器物人文
596,榴花,赋园中所有,宋,苏辙,3,石｜花｜芳,山水地理｜植物花卉｜植物花卉
597,榴花,榴 花,明,吴宽,4,亭｜花｜枝｜石,山水地理｜植物花卉｜植物花卉｜山水地理
598,榴花,榴 花,金,元格,6,山｜桃｜石｜花｜千里｜苦,山水地理｜植物花卉｜山水地理｜植物花卉｜时空行为｜情感抽象
599,榴花,海 榴,唐,温庭筠,5,海｜春风｜叶｜花｜珠,山水地理｜天象时令｜植物花卉｜植物花卉｜器物人文
600,榴花,西园石榴开,宋,欧阳修,11,台｜野｜榴花｜叶｜莺｜日｜夏｜香｜轩｜酒｜旌,器物人文｜山水地理｜植物花卉｜植物花卉｜动物禽鸟｜天象时令｜天象时令｜植物花卉｜器物人文｜器物人文｜器物人文
601,榴花,榴 花,宋,朱熹,4,榴花｜人｜风｜幽,植物花卉｜人物意象｜天象时令｜情感抽象
602,榴花,咏石榴花,元,杨维桢,2,花｜春风,植物花卉｜天象时令
603,榴花,榴 花,唐,韩愈,5,月｜榴花｜枝｜地｜马,天象时令｜植物花卉｜植物花卉｜山水地理｜动物禽鸟
604,榴花,山寺看海榴花,唐,刘言史,5,地｜夜｜月｜人｜霞,山水地理｜天象时令｜天象时令｜人物意象｜天象时令
605,榴花,榴 花,元,张弘范,5,云｜香｜蜂｜枝｜风,天象时令｜植物花卉｜动物禽鸟｜植物花卉｜天象时令
606,榴花,南歌子,元,无名氏,10,春｜人｜花｜石｜枝｜冰｜云｜金樽｜玉｜台,天象时令｜人物意象｜植物花卉｜山水地理｜植物花卉｜天象时令｜天象时令｜器物人文｜器物人文｜器物人文
607,榴花,庆清朝,宋,王沂孙,14,玉｜金｜风｜酒｜枝｜珠｜阁｜地｜春｜空｜花｜马｜山｜西风,器物人文｜器物人文｜天象时令｜器物人文｜植物花卉｜器物人文｜器物人文｜山水地理｜天象时令｜山水地理｜植物花卉｜动物禽鸟｜山水地理｜天象时令
608,榴花,贺新郎,宋,苏轼,19,乳燕｜人｜桐｜凉｜玉｜孤｜帘｜台｜风｜竹｜石｜花｜浪｜幽｜枝｜芳｜西风｜酒｜泪,动物禽鸟｜人物意象｜植物花卉｜天象时令｜器物人文｜情感抽象｜器物人文｜器物人文｜天象时令｜植物花卉｜山水地理｜植物花卉｜山水地理｜情感抽象｜植物花卉｜植物花卉｜天象时令｜器物人文｜情感抽象
609,石竹,石竹咏,唐,王绩,2,枝｜露,植物花卉｜天象时令
610,石竹,石竹花,宋,张耒,6,竹｜花｜暮｜春｜霜｜人,植物花卉｜植物花卉｜天象时令｜天象时令｜天象时令｜人物意象
611,石竹,石竹花,宋,王安石,7,春｜幽｜谷｜地｜芬｜马｜春风,天象时令｜情感抽象｜山水地理｜山水地理｜植物花卉｜动物禽鸟｜天象时令
612,石竹,赋石竹,元,蒲道源,1,芳,植物花卉
613,栀子花,咏栀子花,明,黄朝荐,16,兰｜叶｜春｜桂｜秋｜露｜天｜冰｜雪｜松柏｜寒｜幽香｜凉｜风｜地｜夏,植物花卉｜植物花卉｜天象时令｜植物花卉｜天象时令｜天象时令｜山水地理｜天象时令｜天象时令｜植物花卉｜天象时令｜植物花卉｜天象时令｜天象时令｜山水地理｜天象时令
614,栀子花,雨过山村,唐,王建,5,雨｜竹｜溪｜桥｜栀子花,天象时令｜植物花卉｜山水地理｜山水地理｜植物花卉
615,栀子花,栀 子,宋,朱淑真,7,根｜峰｜香｜水｜寒｜玉｜月,植物花卉｜山水地理｜植物花卉｜山水地理｜天象时令｜器物人文｜天象时令
616,蜀葵,蜀 葵,明,李东阳,7,霞｜忠｜天｜雨｜夜｜枝｜花,天象时令｜情感抽象｜山水地理｜天象时令｜天象时令｜植物花卉｜植物花卉
617,桐花,春日忆山中故居,清,彭孙通,3,春｜梧桐｜桐花,天象时令｜植物花卉｜植物花卉
618,桐花,桐,清,汪士慎,8,雨｜桐｜叶｜凉｜风｜桐花｜香｜竹,天象时令｜植物花卉｜植物花卉｜天象时令｜天象时令｜植物花卉｜植物花卉｜植物花卉
619,莲花,采莲曲,南朝梁,萧纲,8,日｜空｜采莲｜风｜湖｜莲｜芙蓉｜荷,天象时令｜山水地理｜器物人文｜天象时令｜山水地理｜植物花卉｜植物花卉｜植物花卉
620,莲花,采莲,南朝梁,吴均,6,锦｜花｜江南｜莲｜千里｜荷花,器物人文｜植物花卉｜山水地理｜植物花卉｜时空行为｜植物花卉
621,莲花,采莲曲,南朝梁,刘孝威,13,金｜桨｜木兰｜江南｜莲｜香｜渡｜荷｜叶｜江｜露｜花｜风,器物人文｜器物人文｜植物花卉｜山水地理｜植物花卉｜植物花卉｜山水地理｜植物花卉｜植物花卉｜山水地理｜天象时令｜植物花卉｜天象时令
622,莲花,咏江南可采莲,南朝梁,刘缓,11,春｜岸｜夏｜月｜湖｜荷｜芙蓉｜香｜风｜江南｜地,天象时令｜山水地理｜天象时令｜天象时令｜山水地理｜植物花卉｜植物花卉｜植物花卉｜天象时令｜山水地理｜山水地理
623,莲花,赋得涉江采芙蓉,南朝陈,祖孙登,8,芙蓉｜人｜花｜渡｜荷｜香｜桂｜舟,植物花卉｜人物意象｜植物花卉｜山水地理｜植物花卉｜植物花卉｜植物花卉｜器物人文
624,莲花,咏同心芙蓉,隋,杜公瞻,8,荷花｜亭｜水｜孤｜人｜香｜风｜莲,植物花卉｜山水地理｜山水地理｜情感抽象｜人物意象｜植物花卉｜天象时令｜植物花卉
625,莲花,采莲曲,隋,殷英童,6,舟｜风｜荷｜莲｜叶｜杯,器物人文｜天象时令｜植物花卉｜植物花卉｜植物花卉｜器物人文
626,莲花,秋池一株莲,隋,弘执恭,5,秋｜空｜波｜根｜风,天象时令｜山水地理｜山水地理｜植物花卉｜天象时令
627,莲花,古 风(其二十六),唐,李白,15,荷｜幽｜泉｜朝日｜秋｜花｜水｜叶｜烟｜空｜馨｜香｜霜｜芳｜根,植物花卉｜情感抽象｜山水地理｜天象时令｜天象时令｜植物花卉｜山水地理｜植物花卉｜天象时令｜山水地理｜植物花卉｜植物花卉｜天象时令｜植物花卉｜植物花卉
628,莲花,折荷有赠,唐,李白,11,江｜秋｜水｜荷｜珠｜佳人｜云｜天｜相思｜凉｜风,山水地理｜天象时令｜山水地理｜植物花卉｜器物人文｜人物意象｜天象时令｜山水地理｜情感抽象｜天象时令｜天象时令
629,莲花,子夜吴歌(其二),唐,李白,8,镜｜湖｜百里｜荷花｜月｜西施｜人｜舟,器物人文｜山水地理｜时空行为｜植物花卉｜天象时令｜人物意象｜人物意象｜器物人文
630,莲花,越 女,唐,王昌龄,8,桂｜舟｜湖｜水｜江｜芙蓉｜花｜叶,植物花卉｜器物人文｜山水地理｜山水地理｜山水地理｜植物花卉｜植物花卉｜植物花卉
631,莲花,东林寺白莲,唐,白居易,16,林｜水｜芙蓉｜白日｜芳｜馨｜香｜银｜露｜玉｜莲花｜夏｜秋｜夜｜山｜人间,山水地理｜山水地理｜植物花卉｜天象时令｜植物花卉｜植物花卉｜植物花卉｜器物人文｜天象时令｜器物人文｜植物花卉｜天象时令｜天象时令｜天象时令｜山水地理｜时空行为
632,莲花,京兆府新栽莲·,唐,白居易,11,水｜叶｜溪｜莲｜馨｜香｜人｜根｜日｜花｜地,山水地理｜植物花卉｜山水地理｜植物花卉｜植物花卉｜植物花卉｜人物意象｜植物花卉｜天象时令｜植物花卉｜山水地理
633,莲花,与王郎昆仲及儿子迈绕城观荷,宋,苏轼,12,夜雨｜晓｜风｜月｜秋｜溪｜水｜莲｜海｜舟｜叶｜白发,天象时令｜天象时令｜天象时令｜天象时令｜天象时令｜山水地理｜山水地理｜植物花卉｜山水地理｜器物人文｜植物花卉｜时空行为
634,莲花,荷花,宋,秦观,17,雨｜落日｜渡｜秋｜水｜平生｜芳｜酒｜天涯｜云｜相思｜美人｜金｜燕｜江｜暮风｜泪,天象时令｜天象时令｜山水地理｜天象时令｜山水地理｜时空行为｜植物花卉｜器物人文｜山水地理｜天象时令｜情感抽象｜人物意象｜器物人文｜动物禽鸟｜山水地理｜天象时令｜情感抽象
635,荷花,玉井事观荷,宋,杨万里,11,波｜日｜玉｜水｜珠｜酒｜流｜杯｜笔｜叶｜人,山水地理｜天象时令｜器物人文｜山水地理｜器物人文｜器物人文｜山水地理｜器物人文｜器物人文｜植物花卉｜人物意象
636,荷花,采莲曲,金,萧贡古,10,长江｜水｜湖｜荷｜斜日｜凉｜风｜轻舟｜波｜鱼,山水地理｜山水地理｜山水地理｜植物花卉｜天象时令｜天象时令｜天象时令｜器物人文｜山水地理｜动物禽鸟
637,荷花,观鑫,清,胡天游,15,人｜荷｜叶｜镜｜凉｜风｜幽｜天｜雨｜云｜珠｜明月｜花｜翁｜芳,人物意象｜植物花卉｜植物花卉｜器物人文｜天象时令｜天象时令｜情感抽象｜山水地理｜天象时令｜天象时令｜器物人文｜天象时令｜植物花卉｜人物意象｜植物花卉
638,荷花,采莲曲,唐,王勃,31,采莲｜水芙蓉｜秋风｜浪｜雁｜桂｜兰｜玉｜叶｜花｜潭｜江｜相思｜苦｜塞｜江南｜暮｜桑｜莲花｜佳人｜津｜海｜书｜夜｜风｜月｜莲｜寒江｜千里｜客｜关山,器物人文｜植物花卉｜天象时令｜山水地理｜动物禽鸟｜植物花卉｜植物花卉｜器物人文｜植物花卉｜植物花卉｜山水地理｜山水地理｜情感抽象｜情感抽象｜山水地理｜山水地理｜天象时令｜植物花卉｜植物花卉｜人物意象｜山水地理｜山水地理｜器物人文｜天象时令｜天象时令｜天象时令｜植物花卉｜山水地理｜时空行为｜人物意象｜山水地理
639,荷花,奉酬卢给事云夫四兄曲江荷花行见寄并呈上钱七兄阁老张十八助教,唐,韩愈,23,江｜秋｜波｜云｜镜｜马｜珠｜寒｜芙蓉｜舟｜锦｜山｜百里｜雪｜花｜玉｜水｜杯｜相思｜天｜人｜凤｜日,山水地理｜天象时令｜山水地理｜天象时令｜器物人文｜动物禽鸟｜器物人文｜天象时令｜植物花卉｜器物人文｜器物人文｜山水地理｜时空行为｜天象时令｜植物花卉｜器物人文｜山水地理｜器物人文｜情感抽象｜山水地理｜人物意象｜动物禽鸟｜天象时令
640,荷花,古 意,唐,韩愈,8,峰｜玉｜莲｜花｜冷｜雪｜霜｜根,山水地理｜器物人文｜植物花卉｜植物花卉｜天象时令｜天象时令｜天象时令｜植物花卉
641,荷花,赠荷花,唐,李商隐,8,世间｜花｜叶｜金｜荷｜天｜愁｜人,时空行为｜植物花卉｜植物花卉｜器物人文｜植物花卉｜山水地理｜情感抽象｜人物意象
642,荷花,张静婉采莲曲,唐,温庭筠,27,兰｜玉｜春｜燕｜云｜杨柳｜桥｜水｜波｜麟｜天｜客｜马｜月｜烟｜龙｜秋｜露｜花｜香｜溪｜莲｜夜｜凤｜雨｜愁｜根,植物花卉｜器物人文｜天象时令｜动物禽鸟｜天象时令｜植物花卉｜山水地理｜山水地理｜山水地理｜动物禽鸟｜山水地理｜人物意象｜动物禽鸟｜天象时令｜天象时令｜动物禽鸟｜天象时令｜天象时令｜植物花卉｜植物花卉｜山水地理｜植物花卉｜天象时令｜动物禽鸟｜天象时令｜情感抽象｜植物花卉
643,荷花,古采莲,元,吾丘衍,12,风｜花｜冷｜香｜冰｜金｜兰｜舟｜鼓｜桂｜采莲｜明月,天象时令｜植物花卉｜天象时令｜植物花卉｜天象时令｜器物人文｜植物花卉｜器物人文｜器物人文｜植物花卉｜器物人文｜天象时令
644,荷花,莲塘曲,元,张昱,20,风｜柳｜水｜波｜夜｜芳｜露｜荷｜珠｜锦｜香｜愁｜恨｜花｜鸟｜芳草｜舟｜人｜芙蓉｜镜,天象时令｜植物花卉｜山水地理｜山水地理｜天象时令｜植物花卉｜天象时令｜植物花卉｜器物人文｜器物人文｜植物花卉｜情感抽象｜情感抽象｜植物花卉｜动物禽鸟｜植物花卉｜器物人文｜人物意象｜植物花卉｜器物人文
645,荷花,徐两山寄莲花,明,王彝,14,秋风｜银｜水｜雨｜芙蓉｜玉｜烟｜恨｜幽｜夜｜露｜香｜秋｜莲,天象时令｜器物人文｜山水地理｜天象时令｜植物花卉｜器物人文｜天象时令｜情感抽象｜情感抽象｜天象时令｜天象时令｜植物花卉｜天象时令｜植物花卉
646,荷花,晚 莲,唐,李群玉,14,露｜冷｜芳｜空｜荷｜香｜暮｜雨｜寒｜波｜客｜江｜幽｜恨,天象时令｜天象时令｜植物花卉｜山水地理｜植物花卉｜植物花卉｜天象时令｜天象时令｜天象时令｜山水地理｜人物意象｜山水地理｜情感抽象｜情感抽象
647,荷花,莲塘霁望,唐,刘兼,11,秋｜风｜馨｜水｜采莲｜人｜雨｜岸｜短笛｜蓼花｜牛,天象时令｜天象时令｜植物花卉｜山水地理｜器物人文｜人物意象｜天象时令｜山水地理｜器物人文｜植物花卉｜动物禽鸟
648,荷花,新荷出水,宋,岳珂,16,水｜玉｜瑶池｜日｜鸟｜镜｜孤｜晓｜露｜珠｜风｜雪｜寒｜花｜峰｜香,山水地理｜器物人文｜器物人文｜天象时令｜动物禽鸟｜器物人文｜情感抽象｜天象时令｜天象时令｜器物人文｜天象时令｜天象时令｜天象时令｜植物花卉｜山水地理｜植物花卉
649,荷花,三益堂芙蓉,元,萨都刺,15,帘｜秋｜水芙蓉｜风｜霞｜锦｜月｜酒｜寒｜江｜云｜露｜霜｜烛｜夜,器物人文｜天象时令｜植物花卉｜天象时令｜天象时令｜器物人文｜天象时令｜器物人文｜天象时令｜山水地理｜天象时令｜天象时令｜天象时令｜器物人文｜天象时令
650,荷花,并·蒂莲花,明,沈周,10,溪｜露｜枝｜水｜月｜风｜花｜相思｜春｜今日,山水地理｜天象时令｜植物花卉｜山水地理｜天象时令｜天象时令｜植物花卉｜情感抽象｜天象时令｜时空行为
651,荷花,芙藻,晋,陆云,3,金｜风｜流,器物人文｜天象时令｜山水地理
652,荷花,曲池荷,唐,卢照邻,3,香｜岸｜秋风,植物花卉｜山水地理｜天象时令
653,荷花,莲 叶,唐,李群玉,5,根｜玉｜露｜珠｜春,植物花卉｜器物人文｜天象时令｜器物人文｜天象时令
654,荷花,芙 蓉,唐,陆龟蒙,3,愁｜西风｜秋,情感抽象｜天象时令｜天象时令
655,木芙蓉,白 莲,宋,王禹傅,3,夜｜玉｜碧波,天象时令｜器物人文｜山水地理
656,木芙蓉,莲 塘,宋,梅尧臣,5,雨｜叶｜禽｜波｜霞,天象时令｜植物花卉｜动物禽鸟｜山水地理｜天象时令
657,木芙蓉,和文与可菡萏轩,宋,苏辙,4,花｜水｜月｜清香,植物花卉｜山水地理｜天象时令｜植物花卉
658,木芙蓉,采莲曲,明,常伦,6,花｜风｜水｜香｜人｜含笑,植物花卉｜天象时令｜山水地理｜植物花卉｜人物意象｜植物花卉
659,木芙蓉,采莲曲,明,熊卓,4,采莲｜水｜叶｜露,器物人文｜山水地理｜植物花卉｜天象时令
660,木芙蓉,秋 荷,清,郑燮,3,秋｜荷｜风,天象时令｜植物花卉｜天象时令
661,木芙蓉,采莲曲二首(其二),唐,王昌龄.,4,荷｜叶｜芙蓉｜人,植物花卉｜植物花卉｜植物花卉｜人物意象
662,木芙蓉,莲 叶,唐,郑谷,7,舟｜水｜风｜香｜沙｜人｜雨,器物人文｜山水地理｜天象时令｜植物花卉｜山水地理｜人物意象｜天象时令
663,木芙蓉,白 莲,唐,陆龟蒙,6,花｜瑶池｜恨｜人｜月｜晓风,植物花卉｜器物人文｜情感抽象｜人物意象｜天象时令｜天象时令
664,木芙蓉,采 莲,五代,孙光宪,3,香｜采莲｜水,植物花卉｜器物人文｜山水地理
665,木芙蓉,雨中荷花,宋,杜衍,6,佳人｜水｜香｜风｜浪｜珠,人物意象｜山水地理｜植物花卉｜天象时令｜山水地理｜器物人文
666,木芙蓉,荷 叶,宋,欧阳修,13,风｜波｜露｜叶｜水｜采莲｜荷花｜亭｜玉｜芳｜香｜人｜荷,天象时令｜山水地理｜天象时令｜植物花卉｜山水地理｜器物人文｜植物花卉｜山水地理｜器物人文｜植物花卉｜植物花卉｜人物意象｜植物花卉
667,木芙蓉,荷 花,宋,王安石,6,亭｜风｜露｜天｜他日｜西施,山水地理｜天象时令｜天象时令｜山水地理｜时空行为｜人物意象
668,荷花,横 湖,宋,苏轼,7,湖｜夜｜霜｜天｜云｜锦｜秋,山水地理｜天象时令｜天象时令｜山水地理｜天象时令｜器物人文｜天象时令
669,荷花,晓出净慈寺送林子方,宋,杨万里,8,湖｜月｜风｜天｜莲｜叶｜日｜荷花,山水地理｜天象时令｜天象时令｜山水地理｜植物花卉｜植物花卉｜天象时令｜植物花卉
670,荷花,再赋郡沼双莲,宋,范成大,6,云｜莲｜恨｜枝｜空｜合欢,天象时令｜植物花卉｜情感抽象｜植物花卉｜山水地理｜植物花卉
671,荷花,立秋后二日泛舟越来溪,宋,范成大,6,西风｜溪｜帆｜波｜水｜莲,天象时令｜山水地理｜器物人文｜山水地理｜山水地理｜植物花卉
672,荷花,荷 花,宋,陆游,8,南浦｜秋｜露｜冷｜悲｜人｜风｜霜,山水地理｜天象时令｜天象时令｜天象时令｜情感抽象｜人物意象｜天象时令｜天象时令
673,荷花,梦行荷花万顷中,宋,陆游,6,天｜风｜月｜露｜花｜香,山水地理｜天象时令｜天象时令｜天象时令｜植物花卉｜植物花卉
674,荷花,荷 亭,宋,江万里,9,亭｜水｜舟｜夜雨｜荷｜叶｜晓｜五更｜风,山水地理｜山水地理｜器物人文｜天象时令｜植物花卉｜植物花卉｜天象时令｜天象时令｜天象时令
675,荷花,新 荷,宋,朱淑贞,4,波｜湖｜叶｜莲,山水地理｜山水地理｜植物花卉｜植物花卉
676,荷花,荷 叶,宋,林景熙,5,根｜芳｜亭｜露｜风,植物花卉｜植物花卉｜山水地理｜天象时令｜天象时令
677,荷花,荷 花,金,赵讽,10,玉｜天｜人间｜月｜凉｜日｜沙｜禽｜花｜香,器物人文｜山水地理｜时空行为｜天象时令｜天象时令｜天象时令｜山水地理｜动物禽鸟｜植物花卉｜植物花卉
678,荷花,荷叶露,金,段成己,8,泉｜客｜渊｜西风｜碧波｜寒｜人｜珠,山水地理｜人物意象｜山水地理｜天象时令｜山水地理｜天象时令｜人物意象｜器物人文
679,荷花,藕 花,明,许成名,6,花｜雨｜莲｜水｜荷｜叶,植物花卉｜天象时令｜植物花卉｜山水地理｜植物花卉｜植物花卉
680,荷花,再过露筋祠,清,王士真,8,湖｜云｜烟｜行人｜月｜野｜风｜莲,山水地理｜天象时令｜天象时令｜人物意象｜天象时令｜山水地理｜天象时令｜植物花卉
681,荷花,芙 蓉,清,郑燮,5,水｜桥｜竹｜西施｜原,山水地理｜山水地理｜植物花卉｜人物意象｜山水地理
682,木芙蓉,临平道中看荷花，同朱冰壑、陈渔沂,清,王又曾,8,银｜桨｜风｜霞｜滩｜凉｜月｜花,器物人文｜器物人文｜天象时令｜天象时令｜山水地理｜天象时令｜天象时令｜植物花卉
683,木芙蓉,如梦令,宋,李清照,8,溪｜亭｜日｜暮｜舟｜花｜渡｜滩,山水地理｜山水地理｜天象时令｜天象时令｜器物人文｜植物花卉｜山水地理｜山水地理
684,木芙蓉,乌夜啼,宋,张链,10,晓｜香｜玉｜云｜松｜风｜枝｜凉｜人｜花,天象时令｜植物花卉｜器物人文｜天象时令｜植物花卉｜天象时令｜植物花卉｜天象时令｜人物意象｜植物花卉
685,木芙蓉,昭君怨,宋,张链,9,月｜人｜荷｜花｜风｜凉｜香｜云｜酒,天象时令｜人物意象｜植物花卉｜植物花卉｜天象时令｜天象时令｜植物花卉｜天象时令｜器物人文
686,木芙蓉,采桑子,宋,晏几道,7,莲｜夜｜溪｜扁舟｜雁｜雨｜荷,植物花卉｜天象时令｜山水地理｜器物人文｜动物禽鸟｜天象时令｜植物花卉
687,木芙蓉,菩萨蛮,宋,陈与义,10,轩｜芙蓉｜风｜月｜雨｜帘｜日｜香｜花｜人,器物人文｜植物花卉｜天象时令｜天象时令｜天象时令｜器物人文｜天象时令｜植物花卉｜植物花卉｜人物意象
688,木芙蓉,清平乐,宋,晏几道,14,莲｜夜｜秋｜香｜西风｜怨｜愁｜溪｜采莲｜水｜流｜花谢｜月｜兰,植物花卉｜天象时令｜天象时令｜植物花卉｜天象时令｜情感抽象｜情感抽象｜山水地理｜器物人文｜山水地理｜山水地理｜植物花卉｜天象时令｜植物花卉
689,木芙蓉,摊破浣溪沙,五代,李璟,14,香｜叶｜西风｜愁｜波｜细雨｜塞｜小楼｜玉｜笙｜寒｜泪｜珠｜恨,植物花卉｜植物花卉｜天象时令｜情感抽象｜山水地理｜天象时令｜山水地理｜器物人文｜器物人文｜器物人文｜天象时令｜情感抽象｜器物人文｜情感抽象
690,木芙蓉,太常引,元,许有壬,17,幽｜人｜亭｜日｜风｜露｜珠｜雨｜水｜香｜锦｜云｜天｜叶｜舟｜野｜渡,情感抽象｜人物意象｜山水地理｜天象时令｜天象时令｜天象时令｜器物人文｜天象时令｜山水地理｜植物花卉｜器物人文｜天象时令｜山水地理｜植物花卉｜器物人文｜山水地理｜山水地理
691,木芙蓉,鹪鸪天,金,蔡松年,14,香｜水｜花｜芳｜雪｜夜｜山｜月｜波｜暮云｜秋｜潇湘｜西风｜凉,植物花卉｜山水地理｜植物花卉｜植物花卉｜天象时令｜天象时令｜山水地理｜天象时令｜山水地理｜天象时令｜天象时令｜山水地理｜天象时令｜天象时令
692,木芙蓉,，荷叶杯,清,叶申芗,6,水｜花｜风｜凉｜叶｜香,山水地理｜植物花卉｜天象时令｜天象时令｜植物花卉｜植物花卉
693,木芙蓉,蝶恋花,宋,欧阳修,15,水｜秋｜天｜风｜浪｜舟｜秋江｜露｜采莲｜愁｜花｜莲｜地｜江｜人,山水地理｜天象时令｜山水地理｜天象时令｜山水地理｜器物人文｜山水地理｜天象时令｜器物人文｜情感抽象｜植物花卉｜植物花卉｜山水地理｜山水地理｜人物意象
694,木芙蓉,渔家傲,宋,欧阳修,12,花｜桨｜酒｜荷｜叶｜莲｜舟｜浪｜香｜阁｜沙｜滩,植物花卉｜器物人文｜器物人文｜植物花卉｜植物花卉｜植物花卉｜器物人文｜山水地理｜植物花卉｜器物人文｜山水地理｜山水地理
695,木芙蓉,浪淘沙,清,万寿祺,14,蝉｜花｜香｜天｜浪｜雾｜烟｜水｜斜日｜江｜怨｜沙｜西风｜霜,动物禽鸟｜植物花卉｜植物花卉｜山水地理｜山水地理｜天象时令｜天象时令｜山水地理｜天象时令｜山水地理｜情感抽象｜山水地理｜天象时令｜天象时令
696,木芙蓉,玉楼春,明,王夫之,17,月｜秋｜银｜云｜玉｜露｜香｜花｜风｜波｜冷｜晓｜镜｜水｜天｜空｜夜,天象时令｜天象时令｜器物人文｜天象时令｜器物人文｜天象时令｜植物花卉｜植物花卉｜天象时令｜山水地理｜天象时令｜天象时令｜器物人文｜山水地理｜山水地理｜山水地理｜天象时令
697,虞美人,苏幕遮,宋,周邦彦,13,香｜鸟｜晓｜叶｜雨｜水｜风｜荷｜故乡｜日｜月｜轻舟｜芙蓉,植物花卉｜动物禽鸟｜天象时令｜植物花卉｜天象时令｜山水地理｜天象时令｜植物花卉｜山水地理｜天象时令｜天象时令｜器物人文｜植物花卉
698,虞美人,燕归梁,宋,蒋捷,8,春｜昼｜云｜霞｜鼓｜凤｜荷花｜风,天象时令｜天象时令｜天象时令｜天象时令｜器物人文｜动物禽鸟｜植物花卉｜天象时令
699,虞美人,踏莎行,宋,贺铸,14,杨柳｜莲｜舟｜蜂｜蝶｜幽香｜芳｜苦｜潮｜云｜雨｜人｜春风｜秋风,植物花卉｜植物花卉｜器物人文｜动物禽鸟｜动物禽鸟｜植物花卉｜植物花卉｜情感抽象｜山水地理｜天象时令｜天象时令｜人物意象｜天象时令｜天象时令
700,虞美人,隔浦莲近拍,清,郑熙绩,20,梅｜雨｜烟｜水｜岸｜竹｜芙蓉｜波｜霞｜花｜莲｜叶｜亭｜银｜涛｜珠｜幽香｜风｜明月｜天,植物花卉｜天象时令｜天象时令｜山水地理｜山水地理｜植物花卉｜植物花卉｜山水地理｜天象时令｜植物花卉｜植物花卉｜植物花卉｜山水地理｜器物人文｜山水地理｜器物人文｜植物花卉｜天象时令｜天象时令｜山水地理
701,虞美人,惜红衣,宋,姜夔,27,水｜荷花｜云｜夏｜香｜凉｜琴｜书｜冰｜泉｜刀｜酒｜客｜寂｜柳｜蝉｜西风｜虹｜鱼｜浪｜舟｜故国｜天｜渚｜沙｜美人｜秋色,山水地理｜植物花卉｜天象时令｜天象时令｜植物花卉｜天象时令｜器物人文｜器物人文｜天象时令｜山水地理｜器物人文｜器物人文｜人物意象｜情感抽象｜植物花卉｜动物禽鸟｜天象时令｜天象时令｜动物禽鸟｜山水地理｜器物人文｜山水地理｜山水地理｜山水地理｜山水地理｜人物意象｜时空行为
702,虞美人,洞仙歌令,宋,康与之,20,溪｜岸｜花｜人｜荷｜恨｜西风｜波｜烟雨｜水｜渚｜香｜东风｜客｜千里｜浪｜南浦｜潮｜月｜晓风,山水地理｜山水地理｜植物花卉｜人物意象｜植物花卉｜情感抽象｜天象时令｜山水地理｜天象时令｜山水地理｜山水地理｜植物花卉｜天象时令｜人物意象｜时空行为｜山水地理｜山水地理｜山水地理｜天象时令｜天象时令
703,虞美人,水龙吟,宋,王沂孙,20,镜｜西施｜露｜根｜玉｜叶｜流｜烟｜台｜凉｜月｜冰｜壶｜酒｜空｜香｜冷｜海｜山｜波,器物人文｜人物意象｜天象时令｜植物花卉｜器物人文｜植物花卉｜山水地理｜天象时令｜器物人文｜天象时令｜天象时令｜天象时令｜器物人文｜器物人文｜山水地理｜植物花卉｜天象时令｜山水地理｜山水地理｜山水地理
704,虞美人,水龙吟白莲,宋,王沂孙,18,云｜夜｜寒｜海｜山｜人间｜冰｜雪｜烟雨｜凉｜芳｜苦｜玉｜波｜风｜叶｜月｜花,天象时令｜天象时令｜天象时令｜山水地理｜山水地理｜时空行为｜天象时令｜天象时令｜天象时令｜天象时令｜植物花卉｜情感抽象｜器物人文｜山水地理｜天象时令｜植物花卉｜天象时令｜植物花卉
705,虞美人,水龙吟,宋,张炎,16,人｜芙蓉｜金｜露｜水｜玉｜湖｜烟｜月｜舟｜夜｜波｜香｜花开｜云｜西风,人物意象｜植物花卉｜器物人文｜天象时令｜山水地理｜器物人文｜山水地理｜天象时令｜天象时令｜器物人文｜天象时令｜山水地理｜植物花卉｜植物花卉｜天象时令｜天象时令
706,莲花,"《迈陂塘》摸
鱼
儿
·
问
莲
根
有
丝
多
少",金,元好问,29,水｜荷花｜乐｜怨｜香｜露｜春｜莲｜根｜苦｜花｜天｜夕阳｜客｜烟｜江｜人间｜海｜石｜幽｜恨｜相思｜流｜西风｜兰｜舟｜酒｜风｜雨,山水地理｜植物花卉｜情感抽象｜情感抽象｜植物花卉｜天象时令｜天象时令｜植物花卉｜植物花卉｜情感抽象｜植物花卉｜山水地理｜天象时令｜人物意象｜天象时令｜山水地理｜时空行为｜山水地理｜山水地理｜情感抽象｜情感抽象｜情感抽象｜山水地理｜天象时令｜植物花卉｜器物人文｜器物人文｜天象时令｜天象时令
707,虞美人,迈陂塘,元,李冶,27,水｜日｜荷｜天｜怨｜香｜银｜露｜玉｜春｜金沙｜晓｜泪｜山｜今朝｜暮云｜雨｜幽｜恨｜秋风｜寂寞｜芳｜烟｜渚｜凉｜月｜南浦,山水地理｜天象时令｜植物花卉｜山水地理｜情感抽象｜植物花卉｜器物人文｜天象时令｜器物人文｜天象时令｜植物花卉｜天象时令｜情感抽象｜山水地理｜时空行为｜天象时令｜天象时令｜情感抽象｜情感抽象｜天象时令｜情感抽象｜植物花卉｜天象时令｜山水地理｜天象时令｜天象时令｜山水地理
708,虞美人,念奴娇,宋,姜夔,37,客｜湖｜野｜水｜天｜日｜舟｜荷花｜幽｜人｜秋｜荷｜叶｜地｜风｜云｜乐｜羊｜夜｜凉｜玉｜酒｜雨｜冷｜香｜暮｜亭｜波｜寒｜愁｜西风｜南浦｜柳｜鱼｜浪｜花｜沙,人物意象｜山水地理｜山水地理｜山水地理｜山水地理｜天象时令｜器物人文｜植物花卉｜情感抽象｜人物意象｜天象时令｜植物花卉｜植物花卉｜山水地理｜天象时令｜天象时令｜情感抽象｜动物禽鸟｜天象时令｜天象时令｜器物人文｜器物人文｜天象时令｜天象时令｜植物花卉｜天象时令｜山水地理｜山水地理｜天象时令｜情感抽象｜天象时令｜山水地理｜植物花卉｜动物禽鸟｜山水地理｜植物花卉｜山水地理
709,茉莉,抹丽花,清,冒春荣,7,美人｜镜｜香｜雪｜夕｜花｜日,人物意象｜器物人文｜植物花卉｜天象时令｜天象时令｜植物花卉｜天象时令
710,茉莉,莱 莉,宋,杨万里,17,江｜梅｜草｜石｜人｜茉莉｜幽｜龙｜香｜雪｜花｜热｜夜｜凉｜山｜枝｜雨,山水地理｜植物花卉｜植物花卉｜山水地理｜人物意象｜植物花卉｜情感抽象｜动物禽鸟｜植物花卉｜天象时令｜植物花卉｜天象时令｜天象时令｜天象时令｜山水地理｜植物花卉｜天象时令
711,茉莉,茉莉花,宋,刘子晕,7,叶｜冰｜秋｜日｜香｜海｜凉,植物花卉｜天象时令｜天象时令｜天象时令｜植物花卉｜山水地理｜天象时令
712,茉莉,莱 莉,宋,朱熹,9,夕｜花｜叶｜冰｜玉｜秋｜露｜香｜芳,天象时令｜植物花卉｜植物花卉｜天象时令｜器物人文｜天象时令｜天象时令｜植物花卉｜植物花卉
713,茉莉,莱 莉,清,陈学洙,13,玉｜冰｜天｜根｜江｜山｜日｜花｜客｜雪｜美人｜银｜香,器物人文｜天象时令｜山水地理｜植物花卉｜山水地理｜山水地理｜天象时令｜植物花卉｜人物意象｜天象时令｜人物意象｜器物人文｜植物花卉
714,茉莉,莱莉花,明,陈淳,6,月｜枝｜风｜帘｜香｜雪,天象时令｜植物花卉｜天象时令｜器物人文｜植物花卉｜天象时令
715,茉莉,题茉莉,明,皇甫访,3,叶｜藤｜枝,植物花卉｜植物花卉｜植物花卉
716,茉莉,莱 莉,宋,徐千里,3,雪｜月｜香,天象时令｜天象时令｜植物花卉
717,茉莉,莱 莉,宋,杨巽斋,3,龙｜风｜花,动物禽鸟｜天象时令｜植物花卉
718,茉莉,莱 莉,宋,许棐,6,枝｜雪｜夏｜凉｜人｜香,植物花卉｜天象时令｜天象时令｜天象时令｜人物意象｜植物花卉
719,茉莉,莱 莉,宋,赵福元,6,玉｜原｜西风｜余香｜秋｜花,器物人文｜山水地理｜天象时令｜植物花卉｜天象时令｜植物花卉
720,茉莉,莱 莉,元,江奎,3,玉｜清香｜秋,器物人文｜植物花卉｜天象时令
721,茉莉,南柯子,宋,韩元吉,9,月｜地｜江｜梅｜风｜雪｜枝｜玉｜人,天象时令｜山水地理｜山水地理｜植物花卉｜天象时令｜天象时令｜植物花卉｜器物人文｜人物意象
722,玉簪花,玉 簪,元,刘因,8,秋｜幽｜花｜风｜玉｜人｜明月｜冰,天象时令｜情感抽象｜植物花卉｜天象时令｜器物人文｜人物意象｜天象时令｜天象时令
723,玉簪花,玉,唐,罗隐,6,雪｜冰｜月｜金｜天｜玉,天象时令｜天象时令｜天象时令｜器物人文｜山水地理｜器物人文
724,玉簪花,玉 簪,宋,王安石,7,瑶池｜流｜霞｜花｜香｜山｜风,器物人文｜山水地理｜天象时令｜植物花卉｜植物花卉｜山水地理｜天象时令
725,玉簪花,玉 簪,宋,黄庭坚,7,瑶池｜云｜玉｜地｜人｜江南｜花,器物人文｜天象时令｜器物人文｜山水地理｜人物意象｜山水地理｜植物花卉
726,玉簪花,玉簪花,宋,郑修,3,玉｜夜｜凉,器物人文｜天象时令｜天象时令
727,玉簪花,玉 簪,明,李东阳,5,夜｜花｜云｜风｜水,天象时令｜植物花卉｜天象时令｜天象时令｜山水地理
728,玉簪花,玉簪花,清,石蔼士,9,冰｜霜｜玉｜暮｜枝｜秋雨｜风｜客｜烛,天象时令｜天象时令｜器物人文｜天象时令｜植物花卉｜天象时令｜天象时令｜人物意象｜器物人文
729,玉簪花,柳梢青,清,凌廷堪,9,香｜玉｜天｜寒｜雾｜风｜台｜珠｜人间,植物花卉｜器物人文｜山水地理｜天象时令｜天象时令｜天象时令｜器物人文｜器物人文｜时空行为
730,玉簪花,东风第一枝,元,张雨,22,泪｜晓｜云｜叶｜香｜西风｜夜雨｜帘｜凉｜月｜石｜愁｜草｜金｜蝉｜水仙｜芳｜江｜花｜银｜桥｜雪,情感抽象｜天象时令｜天象时令｜植物花卉｜植物花卉｜天象时令｜天象时令｜器物人文｜天象时令｜天象时令｜山水地理｜情感抽象｜植物花卉｜器物人文｜动物禽鸟｜植物花卉｜植物花卉｜山水地理｜植物花卉｜器物人文｜山水地理｜天象时令
731,玉簪花,有木诗,唐,白居易,7,孤｜根｜花｜风｜云｜暮｜地,情感抽象｜植物花卉｜植物花卉｜天象时令｜天象时令｜天象时令｜山水地理
732,玉簪花,瞻木轩,明,高启,11,蔓｜日｜春｜幽｜花｜芳｜风｜霜｜亭｜枝｜喜,植物花卉｜天象时令｜天象时令｜情感抽象｜植物花卉｜植物花卉｜天象时令｜天象时令｜山水地理｜植物花卉｜情感抽象
733,玉簪花,凌霄花,宋,陆游,12,青松｜松｜花｜风｜玉｜蔓｜烟｜龙｜豪｜人｜地｜悲,植物花卉｜植物花卉｜植物花卉｜天象时令｜器物人文｜植物花卉｜天象时令｜动物禽鸟｜情感抽象｜人物意象｜山水地理｜情感抽象
734,凌霄花,凌霄花,宋,陆游,9,藤｜花｜地｜蔓｜空｜杯｜雨｜天｜客,植物花卉｜植物花卉｜山水地理｜植物花卉｜山水地理｜器物人文｜天象时令｜山水地理｜人物意象
735,萱草,对萱草,唐,韦应物,10,人｜萱草｜幽｜今夕｜露｜芳｜蝶｜风｜雨｜秋,人物意象｜植物花卉｜情感抽象｜时空行为｜天象时令｜植物花卉｜动物禽鸟｜天象时令｜天象时令｜天象时令
736,萱草,萱 草,明,高启,8,空｜草｜夏｜风｜雨｜日｜暮｜芳,山水地理｜植物花卉｜天象时令｜天象时令｜天象时令｜天象时令｜天象时令｜植物花卉
737,萱草,萱 草,唐,李咸用,7,芳草｜人｜雨｜风｜幽｜菊花｜秋,植物花卉｜人物意象｜天象时令｜天象时令｜情感抽象｜植物花卉｜天象时令
738,萱草,酬梦得比萱草见赠,唐,白居易,1,萱草,植物花卉
739,萱草,游子吟,唐,聂夷中,4,萱草｜游子｜天涯｜花,植物花卉｜人物意象｜山水地理｜植物花卉
740,萱草,萱 草,宋,王十朋,4,客｜萱草｜人｜空,人物意象｜植物花卉｜人物意象｜山水地理
741,萱草,忘忧花,唐,吴融,4,凉｜春｜愁｜人,天象时令｜天象时令｜情感抽象｜人物意象
742,凤仙花,凤仙花,唐,吴仁璧,6,香｜冷｜蝶｜蜂｜桐｜枝,植物花卉｜天象时令｜动物禽鸟｜动物禽鸟｜植物花卉｜植物花卉
743,凤仙花,金凤花,宋,杨万里,4,金｜凤｜花｜雪,器物人文｜动物禽鸟｜植物花卉｜天象时令
744,凤仙花,山丹花,宋,杨万里,10,春｜芳｜山｜幽｜林｜金｜花｜叶｜芍药｜书,天象时令｜植物花卉｜山水地理｜情感抽象｜山水地理｜器物人文｜植物花卉｜植物花卉｜植物花卉｜器物人文
745,木槿,秋 槿,唐,白居易,12,风｜露｜冷｜天｜黄昏｜花｜晨｜秋｜寂寞｜夕｜人｜春,天象时令｜天象时令｜天象时令｜山水地理｜天象时令｜植物花卉｜天象时令｜天象时令｜情感抽象｜天象时令｜人物意象｜天象时令
746,木槿,白槿花,元,舒頔,12,花｜秋｜芳｜春｜凉｜夜｜佳人｜寂寞｜云｜玉｜暮｜天,植物花卉｜天象时令｜植物花卉｜天象时令｜天象时令｜天象时令｜人物意象｜情感抽象｜天象时令｜器物人文｜天象时令｜山水地理
747,木槿,槿,明,吴宽,9,木槿｜地｜夏｜晓｜露｜花开｜夕｜萱草｜暮,植物花卉｜山水地理｜天象时令｜天象时令｜天象时令｜植物花卉｜天象时令｜植物花卉｜天象时令
748,木槿,槿 花(其-),唐,李商隐,6,燕｜风｜香｜露｜月｜云,动物禽鸟｜天象时令｜植物花卉｜天象时令｜天象时令｜天象时令
749,木槿,咏槿花,唐,杨凌,7,玉｜烟｜雨｜霞｜花｜关｜桃,器物人文｜天象时令｜天象时令｜天象时令｜植物花卉｜山水地理｜植物花卉
750,木槿,咏木槿树題武进文明府厅,唐,刘庭琦,3,人｜悲｜暮,人物意象｜情感抽象｜天象时令
751,木槿,题槿花,唐,戎昱,4,金｜花开｜佳人｜蝴蝶,器物人文｜植物花卉｜人物意象｜动物禽鸟
752,木槿,红槿花,唐,戎昱,9,花｜红叶｜桃｜春｜今日｜秋｜客｜少年｜人,植物花卉｜植物花卉｜植物花卉｜天象时令｜时空行为｜天象时令｜人物意象｜时空行为｜人物意象
753,木槿,槿 花,唐,李商隐,4,风｜露｜秋｜红颜,天象时令｜天象时令｜天象时令｜人物意象
754,木槿,秋海棠,清,张以宁,2,春｜叶,天象时令｜植物花卉
755,秋海棠,白秋海棠,清,尤怡,4,泪｜幽｜玉｜人,情感抽象｜情感抽象｜器物人文｜人物意象
756,秋海棠,白秋海棠,清,朱受新,12,秋｜露｜芳｜风｜玉｜夜｜花｜人｜水｜帘｜月｜霜,天象时令｜天象时令｜植物花卉｜天象时令｜器物人文｜天象时令｜植物花卉｜人物意象｜山水地理｜器物人文｜天象时令｜天象时令
757,秋海棠,大悲寺秋海棠,清,陈宝琛,7,秋｜今日｜涧｜谷｜日｜花｜霜,天象时令｜时空行为｜山水地理｜山水地理｜天象时令｜植物花卉｜天象时令
758,秋海棠,秋海棠,清,秋瑾,5,雨｜露｜平生｜春｜风,天象时令｜天象时令｜时空行为｜天象时令｜天象时令
759,秋海棠,南柯子,清,高士奇,11,叶｜枝｜烟｜露｜凉｜冷｜关｜春｜风｜地｜相思,植物花卉｜植物花卉｜天象时令｜天象时令｜天象时令｜天象时令｜山水地理｜天象时令｜天象时令｜山水地理｜情感抽象
760,秋海棠,蝶恋花,清,龙启瑞,10,春｜秋｜地｜烟｜佳人｜晓风｜浪｜蝶｜蜂｜人,天象时令｜天象时令｜山水地理｜天象时令｜人物意象｜天象时令｜山水地理｜动物禽鸟｜动物禽鸟｜人物意象
761,蓼花,蓼 滩,明,袁凯,6,幽｜渚｜夕｜秋雨｜鱼｜寂,情感抽象｜山水地理｜天象时令｜天象时令｜动物禽鸟｜情感抽象
762,蓼花,蓼 花,唐,郑谷,8,流｜菊｜冷｜中秋｜寒｜愁｜溪｜渔舟,山水地理｜植物花卉｜天象时令｜天象时令｜天象时令｜情感抽象｜山水地理｜器物人文
763,蓼花,水 药,宋,梅尧臣,10,芳｜江｜风｜烟｜客｜水｜香｜珠｜秋｜露,植物花卉｜山水地理｜天象时令｜天象时令｜人物意象｜山水地理｜植物花卉｜器物人文｜天象时令｜天象时令
764,蓼花,蓼 花,宋,宋祁,2,夏｜秋,天象时令｜天象时令
765,蓼花,和文与可蓼屿,宋,苏轼,11,秋｜南浦｜霜｜湖｜沙｜水｜雨｜幽｜花｜寒｜蝶,天象时令｜山水地理｜天象时令｜山水地理｜山水地理｜山水地理｜天象时令｜情感抽象｜植物花卉｜天象时令｜动物禽鸟
766,蓼花,水 药,宋,刘克庄,8,洲｜风｜雨｜江｜秋｜霜｜怨｜芦花,山水地理｜天象时令｜天象时令｜山水地理｜天象时令｜天象时令｜情感抽象｜植物花卉
767,蓼花,行香子,宋,王选,18,金｜秋｜梧｜叶｜雨｜烟｜柳｜蓼花｜花｜冷｜凉｜幽｜人｜日｜竹｜风｜酒｜水,器物人文｜天象时令｜植物花卉｜植物花卉｜天象时令｜天象时令｜植物花卉｜植物花卉｜植物花卉｜天象时令｜天象时令｜情感抽象｜人物意象｜天象时令｜植物花卉｜天象时令｜器物人文｜山水地理
768,蓼花,迷仙引,清,朱彝尊,18,寒｜芳｜洲｜岸｜山｜冷｜香｜人｜水｜禽｜雨｜叶｜花｜沙｜寂寞｜荷｜雪｜雁,天象时令｜植物花卉｜山水地理｜山水地理｜山水地理｜天象时令｜植物花卉｜人物意象｜山水地理｜动物禽鸟｜天象时令｜植物花卉｜植物花卉｜山水地理｜情感抽象｜植物花卉｜天象时令｜动物禽鸟
769,蓼花,广陵送客，次郑兰玉赋蓼花韵,元,张翥,20,芙蓉｜露｜珠｜泪｜水｜天｜愁｜冷｜烟｜西风｜芳｜流｜花｜客｜雨｜枝｜香｜月｜竹｜人,植物花卉｜天象时令｜器物人文｜情感抽象｜山水地理｜山水地理｜情感抽象｜天象时令｜天象时令｜天象时令｜植物花卉｜山水地理｜植物花卉｜人物意象｜天象时令｜植物花卉｜植物花卉｜天象时令｜植物花卉｜人物意象
770,蓼花,水龙吟蓼花,清,杨芳灿,15,花｜秋｜莲｜幽｜水｜烟｜风｜冷｜虹｜桥｜湖｜枝｜香｜江南｜兰,植物花卉｜天象时令｜植物花卉｜情感抽象｜山水地理｜天象时令｜天象时令｜天象时令｜天象时令｜山水地理｜山水地理｜植物花卉｜植物花卉｜山水地理｜植物花卉
771,鸡冠花,鸡冠花.,唐,罗邮,5,枝｜秋｜露｜风｜晓,植物花卉｜天象时令｜天象时令｜天象时令｜天象时令
772,鸡冠花,白鸡冠,宋,王 令,5,台｜春｜云｜根｜玉,器物人文｜天象时令｜天象时令｜植物花卉｜器物人文
773,鸡冠花,咏鸡冠花,宋,赵企,3,秋｜叶｜五更,天象时令｜植物花卉｜天象时令
774,鸡冠花,题画鸡冠花,元,姚文奂,5,天｜白霜｜云｜秋｜亭,山水地理｜天象时令｜天象时令｜天象时令｜山水地理
775,牵牛花,牵牛花,宋,秦观,6,银｜人｜玉｜天｜人间｜晓,器物人文｜人物意象｜器物人文｜山水地理｜时空行为｜天象时令
776,牵牛花,牵牛花(其一),宋,杨万里,2,竹｜喜,植物花卉｜情感抽象
777,牵牛花,牵牛花(其二),宋,杨万里,6,晓｜欢｜愁｜芙蓉｜秋风｜秋,天象时令｜情感抽象｜情感抽象｜植物花卉｜天象时令｜天象时令
778,牵牛花,牵牛花,宋,危稹,8,蔓｜花｜芳｜河｜鼓｜天｜云｜香,植物花卉｜植物花卉｜植物花卉｜山水地理｜器物人文｜山水地理｜天象时令｜植物花卉
779-01,牵牛花,牵牛花,宋,林逋,9,流｜泉｜藤｜蔓｜天｜相思｜泪｜秋｜花,山水地理｜山水地理｜植物花卉｜植物花卉｜山水地理｜情感抽象｜情感抽象｜天象时令｜植物花卉
779-02,紫薇,紫 薇,明,薛蕙,10,紫薇｜夏｜日｜秋｜花｜枝｜云｜锦｜山｜凤,植物花卉｜天象时令｜天象时令｜天象时令｜植物花卉｜植物花卉｜天象时令｜器物人文｜山水地理｜动物禽鸟
780,紫薇,紫薇花,唐,杜牧,7,秋｜露｜枝｜春｜桃｜风｜人,天象时令｜天象时令｜植物花卉｜天象时令｜植物花卉｜天象时令｜人物意象
781,紫薇,紫 薇,宋,陆游,7,鼓｜楼｜花｜流｜天涯｜少年｜霞,器物人文｜器物人文｜植物花卉｜山水地理｜山水地理｜时空行为｜天象时令
782,芦花,同儿曹赋芦花,金,吴激,12,天｜渚｜江｜花｜秋｜风｜雨｜夜色｜月｜沙｜千里｜杏,山水地理｜山水地理｜山水地理｜植物花卉｜天象时令｜天象时令｜天象时令｜时空行为｜天象时令｜山水地理｜时空行为｜植物花卉
783,芦花,芦 花,明,徐,18,江｜洲｜秋｜风｜天｜雪｜月｜岸｜霜｜夜｜雁｜笛｜香｜枝｜玉｜愁｜人｜水,山水地理｜山水地理｜天象时令｜天象时令｜山水地理｜天象时令｜天象时令｜山水地理｜天象时令｜天象时令｜动物禽鸟｜器物人文｜植物花卉｜植物花卉｜器物人文｜情感抽象｜人物意象｜山水地理
784,芦花,芦花,唐,雍裕之,7,岸｜沙｜枝｜浪｜花｜月｜雪,山水地理｜山水地理｜植物花卉｜山水地理｜植物花卉｜天象时令｜天象时令
785,芦花,渔 翁,元,周权,8,日｜沙｜鱼｜酒｜风｜芦花｜雪｜溪,天象时令｜山水地理｜动物禽鸟｜器物人文｜天象时令｜植物花卉｜天象时令｜山水地理
786,向日葵,葵,宋,刘克庄,3,草｜雨｜露,植物花卉｜天象时令｜天象时令
787,向日葵,秋日杂兴,宋,范成大,7,菊｜珠｜露｜叶｜寂｜花｜风,植物花卉｜器物人文｜天象时令｜植物花卉｜情感抽象｜植物花卉｜天象时令
788,向日葵,秋 葵,明,钱士升,5,花｜日｜暮｜西风｜黄昏,植物花卉｜天象时令｜天象时令｜天象时令｜天象时令
789,金银花,金钗股,清,王夫之,8,金｜银｜云｜香｜雾｜烟｜高士｜暗香,器物人文｜器物人文｜天象时令｜植物花卉｜天象时令｜天象时令｜人物意象｜植物花卉
790,金银花,金银花,清,蔡渟,8,金｜银｜人｜花｜香｜蜂｜蝶｜凉,器物人文｜器物人文｜人物意象｜植物花卉｜植物花卉｜动物禽鸟｜动物禽鸟｜天象时令
791,曼陀罗,曼陀罗,宋,陈与义,9,玉｜秋风｜天上｜香｜烟｜金｜露｜晓｜月,器物人文｜天象时令｜时空行为｜植物花卉｜天象时令｜器物人文｜天象时令｜天象时令｜天象时令
792,桂花,春桂问答二首,唐,王绩,7,春｜桂｜桃｜芬｜花｜风｜霜,天象时令｜植物花卉｜植物花卉｜植物花卉｜植物花卉｜天象时令｜天象时令
793,桂花,咏 桂,唐,李白,11,人｜桃｜金｜春风｜天｜霜｜南山｜桂｜叶｜芳｜根,人物意象｜植物花卉｜器物人文｜天象时令｜山水地理｜天象时令｜器物人文｜植物花卉｜植物花卉｜植物花卉｜植物花卉
794,桂花,临轩桂,宋,梅尧臣,7,山｜桂｜幽｜芳｜鸟｜人｜秋风,山水地理｜植物花卉｜情感抽象｜植物花卉｜动物禽鸟｜人物意象｜天象时令
795,桂花,谢人寄双桂树子,宋,欧阳修,11,客｜芳｜根｜幽｜谷｜山｜岩｜晓｜露｜秋｜繁花,人物意象｜植物花卉｜植物花卉｜情感抽象｜山水地理｜山水地理｜山水地理｜天象时令｜天象时令｜天象时令｜植物花卉
796,桂花,桂 花,元,倪瓒,10,桂花｜帘｜秋｜风｜夜｜玉｜月｜金｜香｜故园,植物花卉｜器物人文｜天象时令｜天象时令｜天象时令｜器物人文｜天象时令｜器物人文｜植物花卉｜山水地理
797,桂花,山中桂,唐,于武陵,10,日｜暖｜山｜鸟｜春｜幽｜人｜石｜冷｜风,天象时令｜天象时令｜山水地理｜动物禽鸟｜天象时令｜情感抽象｜人物意象｜山水地理｜天象时令｜天象时令
798,桂花,岩 桂,宋,曾几,11,玉｜枝｜云｜叶｜岩｜桂｜江｜风｜瑟｜花｜幽,器物人文｜植物花卉｜天象时令｜植物花卉｜山水地理｜植物花卉｜山水地理｜天象时令｜器物人文｜植物花卉｜情感抽象
799,桂花,岩 桂,宋,朱熹,11,亭｜岩｜桂｜芬｜芳｜叶｜花开｜天｜香｜云｜空,山水地理｜山水地理｜植物花卉｜植物花卉｜植物花卉｜植物花卉｜植物花卉｜山水地理｜植物花卉｜天象时令｜山水地理
800,桂花,八月十七日天竺山送桂花分贈元素,宋,苏轼,14,月｜霜｜花｜玉｜峰｜夜｜枝｜空｜山｜溪｜幽｜孤｜芳｜涧,天象时令｜天象时令｜植物花卉｜器物人文｜山水地理｜天象时令｜植物花卉｜山水地理｜山水地理｜山水地理｜情感抽象｜情感抽象｜植物花卉｜山水地理
801,桂花,昨日访子上不遇，徘徊庭砌，观木犀而归，再以七言乞数枝,宋,杨万里,8,云｜关｜岩｜花｜金｜地｜水｜秋色,天象时令｜山水地理｜山水地理｜植物花卉｜器物人文｜山水地理｜山水地理｜时空行为
802,桂花,岩 桂,宋,杨万里,5,人间｜月｜寒｜香｜山,时空行为｜天象时令｜天象时令｜植物花卉｜山水地理
803,桂花,月 桂,明,李东阳,6,月｜花开｜雨｜露｜冰｜雪,天象时令｜植物花卉｜天象时令｜天象时令｜天象时令｜天象时令
804,桂花,东城桂,唐,白居易,4,天｜根｜风｜人间,山水地理｜植物花卉｜天象时令｜时空行为
805,桂花,双桂咏,唐,陈陶,4,根｜洲｜山｜石,植物花卉｜山水地理｜山水地理｜山水地理
806,桂花,天竺寺八月十五日夜桂子,唐,皮日休,5,玉｜月｜露｜天｜人,器物人文｜天象时令｜天象时令｜山水地理｜人物意象
807,桂花,微雨中赏月桂独酌,宋,陈与义,9,人间｜天｜风｜流｜月｜桂花｜壶｜暮｜雨,时空行为｜山水地理｜天象时令｜山水地理｜天象时令｜植物花卉｜器物人文｜天象时令｜天象时令
808,桂花,凝露堂木犀,宋,杨万里,9,凤｜空｜银｜河｜月｜寒｜香｜帘｜风,动物禽鸟｜山水地理｜器物人文｜山水地理｜天象时令｜天象时令｜植物花卉｜器物人文｜天象时令
809,桂花,桂花二首,宋,朱淑真,12,西风｜芳｜秋色｜枝｜书｜人｜花｜香｜月｜天上｜人间｜秋,天象时令｜植物花卉｜时空行为｜植物花卉｜器物人文｜人物意象｜植物花卉｜植物花卉｜天象时令｜时空行为｜时空行为｜天象时令
810,桂花,咏岩桂,宋,谢逸,8,西风｜霜｜夜｜雪｜秋｜天｜花｜香,天象时令｜天象时令｜天象时令｜天象时令｜天象时令｜山水地理｜植物花卉｜植物花卉
811,桂花,浣溪沙,宋,毛珝,7,玉｜枝｜香｜晓风｜月｜凉｜恨,器物人文｜植物花卉｜植物花卉｜天象时令｜天象时令｜天象时令｜情感抽象
812,桂花,绍兴戊午姑苏郡斋怀归赋,宋,向子课,13,花｜水｜香｜蔷薇｜露｜林｜月｜冷｜玉｜云｜秋风｜夜｜江,植物花卉｜山水地理｜植物花卉｜植物花卉｜天象时令｜山水地理｜天象时令｜天象时令｜器物人文｜天象时令｜天象时令｜天象时令｜山水地理
813,桂花,霜天晓角,宋,谢懋,8,云｜叶｜金｜花｜香｜露｜玉｜月,天象时令｜植物花卉｜器物人文｜植物花卉｜植物花卉｜天象时令｜器物人文｜天象时令
814,桂花,清平乐,宋,陈与义,11,月｜江南｜风｜日｜山｜水｜人｜孤｜恨｜枝｜幽,天象时令｜山水地理｜天象时令｜天象时令｜山水地理｜山水地理｜人物意象｜情感抽象｜情感抽象｜植物花卉｜情感抽象
815,桂花,清平乐,宋,辛弃疾,14,少年｜江｜明月｜水｜烟｜冷｜人间｜芬｜芳｜秋｜天｜风｜露｜香,时空行为｜山水地理｜天象时令｜山水地理｜天象时令｜天象时令｜时空行为｜植物花卉｜植物花卉｜天象时令｜山水地理｜天象时令｜天象时令｜植物花卉
816,桂花,水调歌头,元,顾瑛,22,金｜玉｜露｜人｜愁｜花｜酒｜少年｜天｜香｜寒｜秋｜蝴蝶｜凤｜风｜月｜天上｜云｜流｜夜｜横笛｜楼,器物人文｜器物人文｜天象时令｜人物意象｜情感抽象｜植物花卉｜器物人文｜时空行为｜山水地理｜植物花卉｜天象时令｜天象时令｜动物禽鸟｜动物禽鸟｜天象时令｜天象时令｜时空行为｜天象时令｜山水地理｜天象时令｜器物人文｜器物人文
817,桂花,古香慢,宋,吴文英,23,怨｜柳｜霜｜桥｜竹｜寒｜日｜暮｜月｜金｜风｜云｜水｜冷｜苦｜山｜秋｜露｜夜｜林｜珠｜重阳｜细雨,情感抽象｜植物花卉｜天象时令｜山水地理｜植物花卉｜天象时令｜天象时令｜天象时令｜天象时令｜器物人文｜天象时令｜天象时令｜山水地理｜天象时令｜情感抽象｜山水地理｜天象时令｜天象时令｜天象时令｜山水地理｜器物人文｜天象时令｜天象时令
818,秋葵,黄蜀葵,唐,崔涯,9,野｜秋｜枝｜幽香｜露｜金｜风｜愁｜人,山水地理｜天象时令｜植物花卉｜植物花卉｜天象时令｜器物人文｜天象时令｜情感抽象｜人物意象
819,秋葵,黄蜀葵,清,史台懋,3,花｜黄叶｜叶,植物花卉｜植物花卉｜植物花卉
820,秋葵,黄葵,唐,李涉,4,花｜人｜秋风｜天上,植物花卉｜人物意象｜天象时令｜时空行为
821,秋葵,黄蜀葵花,唐,张祜,6,花｜叶｜金｜书｜竹｜美人,植物花卉｜植物花卉｜器物人文｜器物人文｜植物花卉｜人物意象
822,秋葵,秋，,宋,陈师道,2,秋｜西风,天象时令｜天象时令
823,秋葵,黄蜀葵,宋,陆游,8,愁｜兰｜菊｜流｜杯｜风｜雨｜秋,情感抽象｜植物花卉｜植物花卉｜山水地理｜器物人文｜天象时令｜天象时令｜天象时令
824,秋葵,菩萨蛮,宋,晏殊,8,秋｜花｜天｜迎春｜露｜金｜杯｜云,天象时令｜植物花卉｜山水地理｜植物花卉｜天象时令｜器物人文｜器物人文｜天象时令
825,秋兰,园榭秋光都占尽， 故应冰雪有奇文。,宋,朱熹,6,秋兰｜帘｜关｜凉｜风｜幽香,植物花卉｜器物人文｜山水地理｜天象时令｜天象时令｜植物花卉
826,秋兰,题郑所南兰,元,倪瓒,6,秋风｜兰｜凉｜泪｜泉｜墨,天象时令｜植物花卉｜天象时令｜情感抽象｜山水地理｜器物人文
827,滴滴金,滴滴金,宋,陶弱,9,秋｜露｜花｜桂花｜月｜天｜风｜野｜人,天象时令｜天象时令｜植物花卉｜植物花卉｜天象时令｜山水地理｜天象时令｜山水地理｜人物意象
828,金钱花,金钱花,唐,波日休,4,地｜炉｜金｜人间,山水地理｜器物人文｜器物人文｜时空行为
829,金钱花,咏金钱花,唐,罗隐,3,芳｜秋｜豪,植物花卉｜天象时令｜情感抽象
830,金钱花,金钱花,清,沈钟彦,5,山｜风｜露｜空｜人,山水地理｜天象时令｜天象时令｜山水地理｜人物意象
831,蘋花,采莲曲,宋,范成大,7,溪｜风｜桨｜波｜蘋花｜叶｜香,山水地理｜天象时令｜器物人文｜山水地理｜植物花卉｜植物花卉｜植物花卉
832,蘋花,蘋 花,清,岑霁,8,叶｜金｜花｜湖｜千里｜秋风｜南浦｜夕,植物花卉｜器物人文｜植物花卉｜山水地理｜时空行为｜天象时令｜山水地理｜天象时令
848-01,菊花,汝济夜过同以行对菊花,明,何景明,10,地｜芳｜酒｜灯｜春风｜雨｜夜｜江｜山｜花,山水地理｜植物花卉｜器物人文｜器物人文｜天象时令｜天象时令｜天象时令｜山水地理｜山水地理｜植物花卉
849-01,菊花,前菊会,明,陈宪章,9,菊｜细雨｜梧｜山｜酒｜幽｜孤｜南山｜壶,植物花卉｜天象时令｜植物花卉｜山水地理｜器物人文｜情感抽象｜情感抽象｜器物人文｜器物人文
850-01,菊花,九 日,明,文森,12,重阳｜菊｜今日｜酒｜故园｜花｜野｜云｜天｜寒｜雁｜沙,天象时令｜植物花卉｜时空行为｜器物人文｜山水地理｜植物花卉｜山水地理｜天象时令｜山水地理｜天象时令｜动物禽鸟｜山水地理
851-01,菊花,同程穆倩访周元亮司农，留饮寓园观菊，兼示所藏书册,清,孙枝蔚,8,秋｜寒｜花｜灯｜香｜夜｜酒｜山,天象时令｜天象时令｜植物花卉｜器物人文｜植物花卉｜天象时令｜器物人文｜山水地理
852-01,菊花,酬皇甫郎中对新菊花见忆,唐,白居易,13,菊｜人｜悲｜秋｜客｜花｜酒｜红叶｜愁｜杯｜东篱｜重阳｜日,植物花卉｜人物意象｜情感抽象｜天象时令｜人物意象｜植物花卉｜器物人文｜植物花卉｜情感抽象｜器物人文｜器物人文｜天象时令｜天象时令
853-01,菊花,刘员外寄移菊,唐,李山甫,11,秋｜地｜风｜流｜人｜香｜烟｜叶｜露｜寒｜重阳,天象时令｜山水地理｜天象时令｜山水地理｜人物意象｜植物花卉｜天象时令｜植物花卉｜天象时令｜天象时令｜天象时令
854-01,菊花,和鲁望白菊,唐,皮日休,9,重阳｜月｜天｜寒｜烟｜香｜金｜花｜玉,天象时令｜天象时令｜山水地理｜天象时令｜天象时令｜植物花卉｜器物人文｜植物花卉｜器物人文
855-01,菊花,戏题菊花,宋,苏辙,11,春｜菊｜秋｜花｜壶｜地｜人｜天｜根｜花落｜草,天象时令｜植物花卉｜天象时令｜植物花卉｜器物人文｜山水地理｜人物意象｜山水地理｜植物花卉｜植物花卉｜植物花卉
856-01,菊花,晚香轩,明,高启,14,风｜霜｜地｜重阳｜雨｜秋色｜人｜寒｜香｜蝶｜山｜翁｜幽｜轩,天象时令｜天象时令｜山水地理｜天象时令｜天象时令｜时空行为｜人物意象｜天象时令｜植物花卉｜动物禽鸟｜山水地理｜人物意象｜情感抽象｜器物人文
857-01,菊花,晚香轩,明,陈宪章,7,花｜沙｜香｜细雨｜西风｜水｜天,植物花卉｜山水地理｜植物花卉｜天象时令｜天象时令｜山水地理｜山水地理
858-01,菊花,六月菊,清,袁枚,15,寒｜菊｜东篱｜西风｜秋｜夏｜日｜灯｜月｜霜｜枝｜冷｜愁｜莲｜香,天象时令｜植物花卉｜器物人文｜天象时令｜天象时令｜天象时令｜天象时令｜器物人文｜天象时令｜天象时令｜植物花卉｜天象时令｜情感抽象｜植物花卉｜植物花卉
859-01,菊花,菊花诗,清,张问陶,10,陶令｜冷｜霜｜清高｜秋｜寒｜人｜桃｜西风｜春,人物意象｜天象时令｜天象时令｜情感抽象｜天象时令｜天象时令｜人物意象｜植物花卉｜天象时令｜天象时令
860-01,菊花,咏 菊,晋,袁山松,7,菊｜幽｜崖｜寒｜春｜露｜秋霜,植物花卉｜情感抽象｜山水地理｜天象时令｜天象时令｜天象时令｜天象时令
861-01,菊花,江行无题(其四),唐,钱珝,4,菊｜江｜白日｜馨,植物花卉｜山水地理｜天象时令｜植物花卉
862-01,菊花,江行无题(其九),唐,钱珝,4,菊｜花｜人｜春,植物花卉｜植物花卉｜人物意象｜天象时令
863-01,菊花,残 菊,宋,梅尧臣,3,金｜香｜孤,器物人文｜植物花卉｜情感抽象
864-01,菊花,菊,宋,朱熹,5,幽｜晓｜露｜寒｜暮,情感抽象｜天象时令｜天象时令｜天象时令｜天象时令
865-01,菊花,菊 躁,明,高启,7,林｜南山｜暮｜酒｜寒｜香｜露,山水地理｜器物人文｜天象时令｜器物人文｜天象时令｜植物花卉｜天象时令
866-01,菊花,对 菊,明,陈宪章,4,西风｜秋｜江｜花,天象时令｜天象时令｜山水地理｜植物花卉
867-01,菊花,周镐送白菊乞诗(其一),明,陈宪章,6,陶令｜金｜玉｜风｜细雨｜江,人物意象｜器物人文｜器物人文｜天象时令｜天象时令｜山水地理
868-01,菊花,周镐送白菊乞诗(其二),明,陈宪章,3,芳｜相思｜枝,植物花卉｜情感抽象｜植物花卉
869-01,菊花,菊 花,唐,元稹,5,秋｜日｜花｜菊｜花开,天象时令｜天象时令｜植物花卉｜植物花卉｜植物花卉
870-01,菊花,华下对酒,唐,司空图,8,清香｜露｜酒｜春风｜镜｜空｜玉｜人,植物花卉｜天象时令｜器物人文｜天象时令｜器物人文｜山水地理｜器物人文｜人物意象
871-01,菊花,庭前菊,唐,韦庄,4,兰｜龙｜山｜酒,植物花卉｜动物禽鸟｜山水地理｜器物人文
872-01,菊花,题菊花,唐,黄巢,6,西风｜寒｜香｜冷｜蝶｜桃花,天象时令｜天象时令｜植物花卉｜天象时令｜动物禽鸟｜植物花卉
873-01,菊花,菊 花,唐,黄巢,7,秋｜月｜花开｜花｜天｜香｜金,天象时令｜天象时令｜植物花卉｜植物花卉｜山水地理｜植物花卉｜器物人文
874-01,菊花,咏 菊,宋,王安石,6,秋｜菊｜花｜蜂｜酒｜重阳,天象时令｜植物花卉｜植物花卉｜动物禽鸟｜器物人文｜天象时令
875-01,菊花,城东寺菊,宋,王安石,4,花｜秋｜蜂｜枝,植物花卉｜天象时令｜动物禽鸟｜植物花卉
876-01,菊花,残 菊,宋,王安石,9,黄昏｜风｜雨｜林｜菊｜地｜金｜枝｜花,天象时令｜天象时令｜天象时令｜山水地理｜植物花卉｜山水地理｜器物人文｜植物花卉｜植物花卉
877-01,菊花,黄 花,宋,王安石,7,月｜芍药｜苦｜风｜波｜秋色｜花,天象时令｜植物花卉｜情感抽象｜天象时令｜山水地理｜时空行为｜植物花卉
878-01,菊花,重阳后看菊花,宋,范成大,8,寂寞｜东篱｜露｜金｜沙｜重阳｜日｜花,情感抽象｜器物人文｜天象时令｜器物人文｜山水地理｜天象时令｜天象时令｜植物花卉
879-01,菊花,枯 菊,宋,陆游,5,金｜空｜枝｜流水｜桃花,器物人文｜山水地理｜植物花卉｜山水地理｜植物花卉
880-01,菊花,菊,宋,刘克庄,4,春｜花｜西风｜渊,天象时令｜植物花卉｜天象时令｜山水地理
881-01,菊花,咏 菊,宋,翁浩堂,5,秋风｜客｜重阳｜酒｜花,天象时令｜人物意象｜天象时令｜器物人文｜植物花卉
882-01,菊花,咏 菊(其一),宋,赵信庵,8,落叶｜风｜水｜渡｜乐｜地｜花｜离愁,植物花卉｜天象时令｜山水地理｜山水地理｜情感抽象｜山水地理｜植物花卉｜情感抽象
883-01,菊花,咏 菊(其二),宋,赵信庵,10,山｜酒｜江｜梅｜雪｜春｜台｜菊花｜秋｜雨,山水地理｜器物人文｜山水地理｜植物花卉｜天象时令｜天象时令｜器物人文｜植物花卉｜天象时令｜天象时令
884-01,菊花,画 菊,宋,郑思肖,5,花开｜花｜枝｜香｜风,植物花卉｜植物花卉｜植物花卉｜植物花卉｜天象时令
885-01,菊花,九 日,金,张著,8,雨｜天｜流｜山｜花｜东篱｜冷｜秋,天象时令｜山水地理｜山水地理｜山水地理｜植物花卉｜器物人文｜天象时令｜天象时令
886-01,菊花,酴醾菊,金,宋九嘉,11,风｜人｜东篱｜酒｜翁｜夜｜金｜冷｜香｜雪｜秋风,天象时令｜人物意象｜器物人文｜器物人文｜人物意象｜天象时令｜器物人文｜天象时令｜植物花卉｜天象时令｜天象时令
887-01,菊花,九日月中对菊，同禧伯郎中赋,金,张本,7,花｜金｜杯｜寒露｜幽｜人｜苦,植物花卉｜器物人文｜器物人文｜天象时令｜情感抽象｜人物意象｜情感抽象
888-01,菊花,九月八日对菊,明,高启,5,杯｜花｜风｜雨｜人,器物人文｜植物花卉｜天象时令｜天象时令｜人物意象
833,菊花,和郭主簿二首(其二),晋,陶渊明,16,春｜凉｜秋｜露｜天｜风｜峰｜芳｜菊｜林｜青松｜岩｜霜｜幽｜人｜月,天象时令｜天象时令｜天象时令｜天象时令｜山水地理｜天象时令｜山水地理｜植物花卉｜植物花卉｜山水地理｜植物花卉｜山水地理｜天象时令｜情感抽象｜人物意象｜天象时令
834,菊花,饮 酒（其五）,晋,陶渊明,10,人｜马｜地｜菊｜东篱｜南山｜山｜日｜夕｜鸟,人物意象｜动物禽鸟｜山水地理｜植物花卉｜器物人文｜器物人文｜山水地理｜天象时令｜天象时令｜动物禽鸟
835,菊花,舟上采菊,宋,梅尧臣,9,流｜秋月｜洲｜芳｜白露｜夜｜菊｜寒｜酒,山水地理｜天象时令｜山水地理｜植物花卉｜天象时令｜天象时令｜植物花卉｜天象时令｜器物人文
836,菊花,黄菊有至性,宋,王安石,9,日｜秋｜天｜草｜菊｜孤｜芳｜霜｜露,天象时令｜天象时令｜山水地理｜植物花卉｜植物花卉｜情感抽象｜植物花卉｜天象时令｜天象时令
837,菊花,菊 花,宋,陆游,12,菊花｜人｜寒｜冰｜霜｜书｜枝｜幽｜渊｜酒｜芬｜芳,植物花卉｜人物意象｜天象时令｜天象时令｜天象时令｜器物人文｜植物花卉｜情感抽象｜山水地理｜器物人文｜植物花卉｜植物花卉
838,菊花,菊二首(其二),元,何中,13,菊花｜幽｜人｜梅花｜烈｜冰｜雪｜寒｜故人｜万里｜菊｜枝｜书,植物花卉｜情感抽象｜人物意象｜植物花卉｜情感抽象｜天象时令｜天象时令｜天象时令｜人物意象｜时空行为｜植物花卉｜植物花卉｜器物人文
839,菊花,墨菊二首(其二),明,李东阳,7,菊｜香｜空｜花｜孤｜桃｜人,植物花卉｜植物花卉｜山水地理｜植物花卉｜情感抽象｜植物花卉｜人物意象
840,菊花,采菊篇,南朝梁,萧纲,7,日｜草｜秋｜菊｜珠｜露｜山,天象时令｜植物花卉｜天象时令｜植物花卉｜器物人文｜天象时令｜山水地理
841,菊花,山园草间菊数枝开，席地独酌,宋,陆游,12,菊｜蔓｜草｜枝｜金｜地｜日｜野｜花｜酒｜人｜林,植物花卉｜植物花卉｜植物花卉｜植物花卉｜器物人文｜山水地理｜天象时令｜山水地理｜植物花卉｜器物人文｜人物意象｜山水地理
842,菊花,感 遇,唐,李白,7,东篱｜菊｜叶｜兰｜芳｜酒｜露,器物人文｜植物花卉｜植物花卉｜植物花卉｜植物花卉｜器物人文｜天象时令
843,菊花,万年厉员外宅赏残菊,唐,顾非熊,10,重阳｜人｜霜｜苦｜蝶｜雨｜香｜寒｜今朝｜陶令,天象时令｜人物意象｜天象时令｜情感抽象｜动物禽鸟｜天象时令｜植物花卉｜天象时令｜时空行为｜人物意象
844,菊花,菊,唐,李商隐,5,陶令｜香｜露｜金｜玉,人物意象｜植物花卉｜天象时令｜器物人文｜器物人文
845,菊花,对菊有怀郎祖仁,宋,孔平仲,8,金｜菊花｜秋｜清香｜扁舟｜夜雨｜江｜云,器物人文｜植物花卉｜天象时令｜植物花卉｜器物人文｜天象时令｜山水地理｜天象时令
846,菊花,王公子宅五丹菊,明,高启,9,秋｜夏｜喜｜寒｜竹｜雨｜霞｜暮｜花,天象时令｜天象时令｜情感抽象｜天象时令｜植物花卉｜天象时令｜天象时令｜天象时令｜植物花卉
847,菊花,八月二十八日子容过对菊,明,何景明,9,花｜异乡｜风｜雨｜重阳｜暮｜蝉｜秋｜芳,植物花卉｜山水地理｜天象时令｜天象时令｜天象时令｜天象时令｜动物禽鸟｜天象时令｜植物花卉
848-02,菊花,汝济夜过同以行对菊花,明,何景明,10,地｜芳｜酒｜灯｜春风｜雨｜夜｜江｜山｜花,山水地理｜植物花卉｜器物人文｜器物人文｜天象时令｜天象时令｜天象时令｜山水地理｜山水地理｜植物花卉
849-02,菊花,前菊会,明,陈宪章,9,菊｜细雨｜梧｜山｜酒｜幽｜孤｜南山｜壶,植物花卉｜天象时令｜植物花卉｜山水地理｜器物人文｜情感抽象｜情感抽象｜器物人文｜器物人文
850-02,菊花,九 日,明,文森,12,重阳｜菊｜今日｜酒｜故园｜花｜野｜云｜天｜寒｜雁｜沙,天象时令｜植物花卉｜时空行为｜器物人文｜山水地理｜植物花卉｜山水地理｜天象时令｜山水地理｜天象时令｜动物禽鸟｜山水地理
851-02,菊花,同程穆倩访周元亮司农，留饮寓园观菊，兼示所藏书册,清,孙枝蔚,8,秋｜寒｜花｜灯｜香｜夜｜酒｜山,天象时令｜天象时令｜植物花卉｜器物人文｜植物花卉｜天象时令｜器物人文｜山水地理
852-02,菊花,酬皇甫郎中对新菊花见忆,唐,白居易,13,菊｜人｜悲｜秋｜客｜花｜酒｜红叶｜愁｜杯｜东篱｜重阳｜日,植物花卉｜人物意象｜情感抽象｜天象时令｜人物意象｜植物花卉｜器物人文｜植物花卉｜情感抽象｜器物人文｜器物人文｜天象时令｜天象时令
853-02,菊花,刘员外寄移菊,唐,李山甫,11,秋｜地｜风｜流｜人｜香｜烟｜叶｜露｜寒｜重阳,天象时令｜山水地理｜天象时令｜山水地理｜人物意象｜植物花卉｜天象时令｜植物花卉｜天象时令｜天象时令｜天象时令
854-02,菊花,和鲁望白菊,唐,皮日休,9,重阳｜月｜天｜寒｜烟｜香｜金｜花｜玉,天象时令｜天象时令｜山水地理｜天象时令｜天象时令｜植物花卉｜器物人文｜植物花卉｜器物人文
855-02,菊花,戏题菊花,宋,苏辙,11,春｜菊｜秋｜花｜壶｜地｜人｜天｜根｜花落｜草,天象时令｜植物花卉｜天象时令｜植物花卉｜器物人文｜山水地理｜人物意象｜山水地理｜植物花卉｜植物花卉｜植物花卉
856-02,菊花,晚香轩,明,高启,14,风｜霜｜地｜重阳｜雨｜秋色｜人｜寒｜香｜蝶｜山｜翁｜幽｜轩,天象时令｜天象时令｜山水地理｜天象时令｜天象时令｜时空行为｜人物意象｜天象时令｜植物花卉｜动物禽鸟｜山水地理｜人物意象｜情感抽象｜器物人文
857-02,菊花,九日晚对菊次容处士韵，是日县主曹侯、二尹邵侯持酒过白沙，李九渊、容贯各馆乡中未还,明,陈宪章,7,花｜沙｜香｜细雨｜西风｜水｜天,植物花卉｜山水地理｜植物花卉｜天象时令｜天象时令｜山水地理｜山水地理
858-02,菊花,六月菊,清,袁枚,15,寒｜菊｜东篱｜西风｜秋｜夏｜日｜灯｜月｜霜｜枝｜冷｜愁｜莲｜香,天象时令｜植物花卉｜器物人文｜天象时令｜天象时令｜天象时令｜天象时令｜器物人文｜天象时令｜天象时令｜植物花卉｜天象时令｜情感抽象｜植物花卉｜植物花卉
859-02,菊花,菊花诗,清,张问陶,10,陶令｜冷｜霜｜清高｜秋｜寒｜人｜桃｜西风｜春,人物意象｜天象时令｜天象时令｜情感抽象｜天象时令｜天象时令｜人物意象｜植物花卉｜天象时令｜天象时令
860-02,菊花,咏 菊,晋,袁山松,7,菊｜幽｜崖｜寒｜春｜露｜秋霜,植物花卉｜情感抽象｜山水地理｜天象时令｜天象时令｜天象时令｜天象时令
861-02,菊花,江行无题(其四),唐,钱珝,4,菊｜江｜白日｜馨,植物花卉｜山水地理｜天象时令｜植物花卉
862-02,菊花,江行无题(其九),唐,钱珝,4,菊｜花｜人｜春,植物花卉｜植物花卉｜人物意象｜天象时令
863-02,菊花,残 菊,宋,梅尧臣,3,金｜香｜孤,器物人文｜植物花卉｜情感抽象
864-02,菊花,菊,宋,朱熹,5,幽｜晓｜露｜寒｜暮,情感抽象｜天象时令｜天象时令｜天象时令｜天象时令
865-02,菊花,菊 蹊,明,高启,7,林｜南山｜暮｜酒｜寒｜香｜露,山水地理｜器物人文｜天象时令｜器物人文｜天象时令｜植物花卉｜天象时令
866-02,菊花,对 菊,明,陈宪章,4,西风｜秋｜江｜花,天象时令｜天象时令｜山水地理｜植物花卉
867-02,菊花,周镐送白菊乞诗(其一),明,陈宪章,6,陶令｜金｜玉｜风｜细雨｜江,人物意象｜器物人文｜器物人文｜天象时令｜天象时令｜山水地理
868-02,菊花,周镐送白菊乞诗(其二),明,陈宪章,3,芳｜相思｜枝,植物花卉｜情感抽象｜植物花卉
869-02,菊花,菊 花,唐,元稹,5,秋｜日｜花｜菊｜花开,天象时令｜天象时令｜植物花卉｜植物花卉｜植物花卉
870-02,菊花,华下对酒,唐,司空图,8,清香｜露｜酒｜春风｜镜｜空｜玉｜人,植物花卉｜天象时令｜器物人文｜天象时令｜器物人文｜山水地理｜器物人文｜人物意象
871-02,菊花,庭前菊,唐,韦庄,4,兰｜龙｜山｜酒,植物花卉｜动物禽鸟｜山水地理｜器物人文
872-02,菊花,题菊花,唐,黄巢,6,西风｜寒｜香｜冷｜蝶｜桃花,天象时令｜天象时令｜植物花卉｜天象时令｜动物禽鸟｜植物花卉
873-02,菊花,菊 花,唐,黄巢,7,秋｜月｜花开｜花｜天｜香｜金,天象时令｜天象时令｜植物花卉｜植物花卉｜山水地理｜植物花卉｜器物人文
874-02,菊花,咏 菊,宋,王安石,6,秋｜菊｜花｜蜂｜酒｜重阳,天象时令｜植物花卉｜植物花卉｜动物禽鸟｜器物人文｜天象时令
875-02,菊花,城东寺菊,宋,王安石,4,花｜秋｜蜂｜枝,植物花卉｜天象时令｜动物禽鸟｜植物花卉
876-02,菊花,残 菊,宋,王安石,9,黄昏｜风｜雨｜林｜菊｜地｜金｜枝｜花,天象时令｜天象时令｜天象时令｜山水地理｜植物花卉｜山水地理｜器物人文｜植物花卉｜植物花卉
877-02,菊花,黄 花,宋,王安石,7,月｜芍药｜苦｜风｜波｜秋色｜花,天象时令｜植物花卉｜情感抽象｜天象时令｜山水地理｜时空行为｜植物花卉
878-02,菊花,重阳后看菊花,宋,范成大,8,寂寞｜东篱｜露｜金｜沙｜重阳｜日｜花,情感抽象｜器物人文｜天象时令｜器物人文｜山水地理｜天象时令｜天象时令｜植物花卉
879-02,菊花,枯 菊,宋,陆游,5,金｜空｜枝｜流水｜桃花,器物人文｜山水地理｜植物花卉｜山水地理｜植物花卉
880-02,菊花,菊,宋,刘克庄,4,春｜花｜西风｜渊,天象时令｜植物花卉｜天象时令｜山水地理
881-02,菊花,咏 菊,宋,翁浩堂,5,秋风｜客｜重阳｜酒｜花,天象时令｜人物意象｜天象时令｜器物人文｜植物花卉
882-02,菊花,咏 菊(其一),宋,赵信庵,8,落叶｜风｜水｜渡｜乐｜地｜花｜离愁,植物花卉｜天象时令｜山水地理｜山水地理｜情感抽象｜山水地理｜植物花卉｜情感抽象
883-02,菊花,咏 菊(其二),宋,赵信庵,10,山｜酒｜江｜梅｜雪｜春｜台｜菊花｜秋｜雨,山水地理｜器物人文｜山水地理｜植物花卉｜天象时令｜天象时令｜器物人文｜植物花卉｜天象时令｜天象时令
884-02,菊花,画 菊,宋,郑思肖,5,花开｜花｜枝｜香｜风,植物花卉｜植物花卉｜植物花卉｜植物花卉｜天象时令
885-02,菊花,九 日,金,张著,8,雨｜天｜流｜山｜花｜东篱｜冷｜秋,天象时令｜山水地理｜山水地理｜山水地理｜植物花卉｜器物人文｜天象时令｜天象时令
886-02,菊花,酴醾菊,金,宋九嘉,11,风｜人｜东篱｜酒｜翁｜夜｜金｜冷｜香｜雪｜秋风,天象时令｜人物意象｜器物人文｜器物人文｜人物意象｜天象时令｜器物人文｜天象时令｜植物花卉｜天象时令｜天象时令
887-02,菊花,九日月中对菊，同禧伯郎中赋,金,张本,7,花｜金｜杯｜寒露｜幽｜人｜苦,植物花卉｜器物人文｜器物人文｜天象时令｜情感抽象｜人物意象｜情感抽象
888-02,菊花,九月八日对菊,明,高启,5,杯｜花｜风｜雨｜人,器物人文｜植物花卉｜天象时令｜天象时令｜人物意象
889,菊花,野人饷菊有感,明,张煌言,7,秋风｜野｜人｜菊花｜霜｜金｜雨,天象时令｜山水地理｜人物意象｜植物花卉｜天象时令｜器物人文｜天象时令
890,菊花,题画菊,清,许廷镍,6,芳｜空｜寂寞｜霜｜人｜春风,植物花卉｜山水地理｜情感抽象｜天象时令｜人物意象｜天象时令
891,菊花,十日菊,清,郑燮,6,日｜菊花｜秋霜｜暖｜风｜凉,天象时令｜植物花卉｜天象时令｜天象时令｜天象时令｜天象时令
892,菊花,浣溪沙 乾菊,清,高继珩,11,露｜叶｜霜｜枝｜寒｜花｜香｜夕阳｜燕｜镜｜雨,天象时令｜植物花卉｜天象时令｜植物花卉｜天象时令｜植物花卉｜植物花卉｜天象时令｜动物禽鸟｜器物人文｜天象时令
893,菊花,好事近,宋,刘克庄,11,秋色｜东篱｜露｜金｜冷｜月｜桃花｜霜｜霞｜渊｜风,时空行为｜器物人文｜天象时令｜器物人文｜天象时令｜天象时令｜植物花卉｜天象时令｜天象时令｜山水地理｜天象时令
894,菊花,一落索 九日,宋,方岳,13,花｜帘｜香｜东篱｜云｜冷｜愁｜西风｜叶｜亭｜秋｜孤｜重阳,植物花卉｜器物人文｜植物花卉｜器物人文｜天象时令｜天象时令｜情感抽象｜天象时令｜植物花卉｜山水地理｜天象时令｜情感抽象｜天象时令
895,菊花,阮郎归 菊花,清,叶申芗,7,花开｜花｜日｜人｜酒｜秋｜香,植物花卉｜植物花卉｜天象时令｜人物意象｜器物人文｜天象时令｜植物花卉
896,菊花,卖花声,清,龚自珍,12,菊花｜东篱｜客｜墨｜菊｜鸟｜秋｜溪｜寒｜花｜灯｜人,植物花卉｜器物人文｜人物意象｜器物人文｜植物花卉｜动物禽鸟｜天象时令｜山水地理｜天象时令｜植物花卉｜器物人文｜人物意象
897,菊花,鹧鸪天,宋,黄庭坚,14,菊｜枝｜晓｜寒｜人｜酒｜杯｜风｜横笛｜雨｜花｜欢｜白发｜冷,植物花卉｜植物花卉｜天象时令｜天象时令｜人物意象｜器物人文｜器物人文｜天象时令｜器物人文｜天象时令｜植物花卉｜情感抽象｜时空行为｜天象时令
898,菊花,鹧鸪天 桃花菊,宋,张孝祥,9,春色｜秋｜天上｜人间｜月｜雾｜霜｜东篱｜陶潜,时空行为｜天象时令｜时空行为｜时空行为｜天象时令｜天象时令｜天象时令｜器物人文｜人物意象
899,菊花,南乡子,宋,黄庭坚,14,菊｜东篱｜客｜壶｜花｜酒｜怨｜空｜枝｜寂寞｜人｜悲｜愁｜蝶,植物花卉｜器物人文｜人物意象｜器物人文｜植物花卉｜器物人文｜情感抽象｜山水地理｜植物花卉｜情感抽象｜人物意象｜情感抽象｜情感抽象｜动物禽鸟
900,菊花,小桃红 咏小桃红菊花,清,董元恺,17,秋｜花｜春｜雨｜天｜孤｜津｜桃｜暖｜秋风｜霜｜春风｜莺｜人｜幽｜佳人｜恨,天象时令｜植物花卉｜天象时令｜天象时令｜山水地理｜情感抽象｜山水地理｜植物花卉｜天象时令｜天象时令｜天象时令｜天象时令｜动物禽鸟｜人物意象｜情感抽象｜人物意象｜情感抽象
901,雁来红,老少年,明,陆树声,5,枝｜草｜霜｜春｜花,植物花卉｜植物花卉｜天象时令｜天象时令｜植物花卉
902,雁来红,雁来红,清,汪祚,7,雁｜空｜月｜天｜枝｜春｜少年,动物禽鸟｜山水地理｜天象时令｜山水地理｜植物花卉｜天象时令｜时空行为
903,雁来红,绛都春 雁来红,清,边浴礼,20,芳｜秋｜落叶｜夜｜西风｜帷｜灯｜凉｜雁｜晓｜霞｜鹃｜月｜枝｜泪｜筝｜空｜相思｜天涯｜桃花,植物花卉｜天象时令｜植物花卉｜天象时令｜天象时令｜器物人文｜器物人文｜天象时令｜动物禽鸟｜天象时令｜天象时令｜动物禽鸟｜天象时令｜植物花卉｜情感抽象｜器物人文｜山水地理｜情感抽象｜山水地理｜植物花卉
904,山茶花,山茶花树子贈李延老,宋,梅尧臣,14,花｜玉｜杯｜冬｜春｜霰｜雪｜客｜天｜地｜槐｜台｜寒｜梅,植物花卉｜器物人文｜器物人文｜天象时令｜天象时令｜天象时令｜天象时令｜人物意象｜山水地理｜山水地理｜植物花卉｜器物人文｜天象时令｜植物花卉
905,山茶花,茶轩为陈惟寅赋,明,释道衍,12,冰｜雪｜晓｜蜂｜芳｜香｜露｜烟｜水｜幽｜人｜恨,天象时令｜天象时令｜天象时令｜动物禽鸟｜植物花卉｜植物花卉｜天象时令｜天象时令｜山水地理｜情感抽象｜人物意象｜情感抽象
906,山茶花,和子由柳湖久涸，忽有水，开元寺山茶旧无花，今岁盛开二首 （其二）,宋,苏轼,9,灯｜石｜松｜寒｜叶｜花｜鹤｜雨｜雪,器物人文｜山水地理｜植物花卉｜天象时令｜植物花卉｜植物花卉｜动物禽鸟｜天象时令｜天象时令
907,山茶花,山 茶,明,于若瀛,3,月｜风｜雪,天象时令｜天象时令｜天象时令
908,山茶花,山 茶,明,陈淳,3,雪｜山｜人,天象时令｜山水地理｜人物意象
909,山茶花,邵伯梵行寺山茶,宋,苏轼,4,山｜细雨｜人｜雪,山水地理｜天象时令｜人物意象｜天象时令
910,山茶花,玉茗花,宋,范成大,3,人间｜客｜枝,时空行为｜人物意象｜植物花卉
911,山茶花,山 茶,宋,陶弼,7,江南｜空山｜烟雨｜人｜枝｜雪｜风,山水地理｜山水地理｜天象时令｜人物意象｜植物花卉｜天象时令｜天象时令
912,山茶花,阻风南露筋过罗汉寺登楼看山茶,元,萨都刺,7,野｜春｜酒｜日｜清明｜东风｜山,山水地理｜天象时令｜器物人文｜天象时令｜天象时令｜天象时令｜山水地理
913,山茶花,白山茶,明,沈周,7,凌寒｜叶｜玉｜杯｜露｜春｜酒,情感抽象｜植物花卉｜器物人文｜器物人文｜天象时令｜天象时令｜器物人文
914,山茶花,山茶花,明,张新,5,玉｜东风｜枝｜春｜寒,器物人文｜天象时令｜植物花卉｜天象时令｜天象时令
915,山茶花,木兰花慢 红山茶,清,叶申芗,16,花｜山｜枝｜鹤｜日｜霞｜木棉花｜叶｜珠｜牡丹｜风｜天｜春｜云｜月｜玉,植物花卉｜山水地理｜植物花卉｜动物禽鸟｜天象时令｜天象时令｜植物花卉｜植物花卉｜器物人文｜植物花卉｜天象时令｜山水地理｜天象时令｜天象时令｜天象时令｜器物人文
916,木芙蓉,拒霜花,宋,欧阳修,11,芳｜霜｜晓｜风｜兰｜秋｜香｜桃｜春｜菊花｜根,植物花卉｜天象时令｜天象时令｜天象时令｜植物花卉｜天象时令｜植物花卉｜植物花卉｜天象时令｜植物花卉｜植物花卉
917,木芙蓉,王伯扬所藏赵昌芙蓉,宋,苏轼,15,林｜水｜溪｜野｜芙蓉｜花｜莲｜霜｜菊｜幽｜暮｜凉｜少年｜人｜剑,山水地理｜山水地理｜山水地理｜山水地理｜植物花卉｜植物花卉｜植物花卉｜天象时令｜植物花卉｜情感抽象｜天象时令｜天象时令｜时空行为｜人物意象｜器物人文
918,木芙蓉,拒 霜,宋,陈与义,11,霜｜花｜凉｜天｜地｜草｜芬｜芳｜人｜露｜西风,天象时令｜植物花卉｜天象时令｜山水地理｜山水地理｜植物花卉｜植物花卉｜植物花卉｜人物意象｜天象时令｜天象时令
919,木芙蓉,芙蓉沜,明,申时行,10,芳｜秋色｜林｜水｜幽｜霜｜霞｜锦｜江｜夕阳,植物花卉｜时空行为｜山水地理｜山水地理｜情感抽象｜天象时令｜天象时令｜器物人文｜山水地理｜天象时令
920,木芙蓉,木芙蓉,宋,宋祁,3,江南｜江｜秋,山水地理｜山水地理｜天象时令
921,木芙蓉,木芙蓉,宋,朱熹,7,芳｜晓｜露｜秋风｜冷｜喜｜春,植物花卉｜天象时令｜天象时令｜天象时令｜天象时令｜情感抽象｜天象时令
922,木芙蓉,木芙蓉下招客饮,唐,白居易,9,凉｜杯｜江｜酒｜客｜秋｜水｜莲花｜莲,天象时令｜器物人文｜山水地理｜器物人文｜人物意象｜天象时令｜山水地理｜植物花卉｜植物花卉
923,木芙蓉,木芙蓉,宋,王安石,5,水｜木芙蓉｜露｜美人｜镜,山水地理｜植物花卉｜天象时令｜人物意象｜器物人文
924,木芙蓉,木芙蓉,宋,苏轼,4,林｜芙蓉｜芳｜霜,山水地理｜植物花卉｜植物花卉｜天象时令
925,木芙蓉,芙 蓉,宋,张耒,5,芙蓉｜翁｜枝｜水｜霜,植物花卉｜人物意象｜植物花卉｜山水地理｜天象时令
926,木芙蓉,拒 霜,宋,陆游,4,黄叶｜西风｜天｜地,植物花卉｜天象时令｜山水地理｜山水地理
927,木芙蓉,窗前木芙蓉,宋,范成大,7,苦｜孤｜花｜寒｜客｜愁｜怨,情感抽象｜情感抽象｜植物花卉｜天象时令｜人物意象｜情感抽象｜情感抽象
928,木芙蓉,木芙蓉,宋,陈经国,7,露｜春｜花｜日｜冷｜秋｜西风,天象时令｜天象时令｜植物花卉｜天象时令｜天象时令｜天象时令｜天象时令
929,木芙蓉,木芙蓉,元,虞集,8,月｜渚｜旌｜云｜山｜雨｜玉｜愁,天象时令｜山水地理｜器物人文｜天象时令｜山水地理｜天象时令｜器物人文｜情感抽象
930,木芙蓉,少年游,宋,晏殊,11,霜｜兰｜秋｜芙蓉｜金｜怨｜西风｜欢｜酒｜芳｜枝,天象时令｜植物花卉｜天象时令｜植物花卉｜器物人文｜情感抽象｜天象时令｜情感抽象｜器物人文｜植物花卉｜植物花卉
931,木芙蓉,卜算子 并涧顷种木芙蓉九月旦盛开,宋,叶梦得,8,晓｜雨｜东风｜霜｜流｜波｜水｜烟,天象时令｜天象时令｜天象时令｜天象时令｜山水地理｜山水地理｜山水地理｜天象时令
932,木芙蓉,菩萨蛮 苏堤芙蓉,宋,高观国,15,云｜秋｜波｜露｜风｜流｜石｜西风｜锦｜日｜香｜桥｜烟｜水｜寒,天象时令｜天象时令｜山水地理｜天象时令｜天象时令｜山水地理｜山水地理｜天象时令｜器物人文｜天象时令｜植物花卉｜山水地理｜天象时令｜山水地理｜天象时令
933,木芙蓉,婆罗门引,宋,赵昂,18,暮｜霞｜水｜木芙蓉｜晓｜露｜锦｜日｜天｜空｜人｜西风｜夕阳｜秋色｜愁｜寂寞｜花｜烟,天象时令｜天象时令｜山水地理｜植物花卉｜天象时令｜天象时令｜器物人文｜天象时令｜山水地理｜山水地理｜人物意象｜天象时令｜天象时令｜时空行为｜情感抽象｜情感抽象｜植物花卉｜天象时令
934,木芙蓉,酷相思,清,王又曾,8,花｜楼｜杯｜人｜酒｜泪｜愁｜秋色,植物花卉｜器物人文｜器物人文｜人物意象｜器物人文｜情感抽象｜情感抽象｜时空行为
935,甘菊,咏甘菊,宋,苏轼,23,山｜春｜寒霜｜菊｜芳｜孤｜根｜松｜草｜晨｜秋雨｜黄叶｜人｜酒｜壶｜空｜珠｜香｜风｜天｜寒｜蝶｜恨,山水地理｜天象时令｜天象时令｜植物花卉｜植物花卉｜情感抽象｜植物花卉｜植物花卉｜植物花卉｜天象时令｜天象时令｜植物花卉｜人物意象｜器物人文｜器物人文｜山水地理｜器物人文｜植物花卉｜天象时令｜山水地理｜天象时令｜动物禽鸟｜情感抽象
936,甘菊,叹庭前甘菊花,唐,杜甫,12,甘菊｜重阳｜日｜残花｜野｜芳｜空｜枝｜叶｜根｜风｜霜,植物花卉｜天象时令｜天象时令｜植物花卉｜山水地理｜植物花卉｜山水地理｜植物花卉｜植物花卉｜植物花卉｜天象时令｜天象时令
937,野菊,野 菊,宋,司马光,12,野菊｜秋｜花｜草｜霜｜寒｜蝶｜夜｜哀｜幽｜人｜杯,植物花卉｜天象时令｜植物花卉｜植物花卉｜天象时令｜天象时令｜动物禽鸟｜天象时令｜情感抽象｜情感抽象｜人物意象｜器物人文
938,野菊,十日取野菊从酒,宋,戴禺,11,野｜菊｜酒｜今日｜花｜千里｜客｜风｜雨｜暮｜山,山水地理｜植物花卉｜器物人文｜时空行为｜植物花卉｜时空行为｜人物意象｜天象时令｜天象时令｜天象时令｜山水地理
939,野菊,野菊,唐,李商隐,14,苦｜竹｜香｜泪｜悲｜寒｜雁｜芳｜暮｜蝉｜夕｜云｜花｜霜,情感抽象｜植物花卉｜植物花卉｜情感抽象｜情感抽象｜天象时令｜动物禽鸟｜植物花卉｜天象时令｜动物禽鸟｜天象时令｜天象时令｜植物花卉｜天象时令
940,野菊,野菊座主闲闲公命作,金,元好问,11,桑｜人｜菊｜秋色｜烟｜霜｜蝶｜寒｜春｜暮｜幽,植物花卉｜人物意象｜植物花卉｜时空行为｜天象时令｜天象时令｜动物禽鸟｜天象时令｜天象时令｜天象时令｜情感抽象
941,野菊,野菊再奉座主闲闲公命作,金,元好问,8,花｜霜｜露｜人｜西风｜蝴蝶｜南山｜芳,植物花卉｜天象时令｜天象时令｜人物意象｜天象时令｜动物禽鸟｜器物人文｜植物花卉
942,野菊,野 菊,唐,王建,6,冷｜香｜秋｜水｜山｜石,天象时令｜植物花卉｜天象时令｜山水地理｜山水地理｜山水地理
943,野菊,戏 笔,宋,杨万里,5,野菊｜金｜天｜客｜愁,植物花卉｜器物人文｜山水地理｜人物意象｜情感抽象
944,野菊,野 菊,清,赵翼,5,秋｜芳｜寒｜人｜花,天象时令｜植物花卉｜天象时令｜人物意象｜植物花卉
945,野菊,如梦令,宋,张鎡,10,野菊｜亭｜露｜荷｜风｜柳｜花｜东篱｜杯｜酒,植物花卉｜山水地理｜天象时令｜植物花卉｜天象时令｜植物花卉｜植物花卉｜器物人文｜器物人文｜器物人文
946,红梅,红 梅,宋,范成大,20,灯｜红梅｜枝｜林｜天｜芳｜根｜山｜酒｜春｜风｜月｜愁｜花｜客｜夜｜雪｜楼｜烟｜香,器物人文｜植物花卉｜植物花卉｜山水地理｜山水地理｜植物花卉｜植物花卉｜山水地理｜器物人文｜天象时令｜天象时令｜天象时令｜情感抽象｜植物花卉｜人物意象｜天象时令｜天象时令｜器物人文｜天象时令｜植物花卉
947,红梅,岭上红梅,宋,范成大,17,雾｜雨｜松｜竹｜江南｜春风｜枝｜桃｜寂寞｜空｜谷｜游子｜花｜客｜日｜暮｜愁,天象时令｜天象时令｜植物花卉｜植物花卉｜山水地理｜天象时令｜植物花卉｜植物花卉｜情感抽象｜山水地理｜山水地理｜人物意象｜植物花卉｜人物意象｜天象时令｜天象时令｜情感抽象
948,红梅,红 梅,宋,梅尧臣,11,寒｜溪｜梅｜暖｜春｜野｜杏｜山｜江｜笛｜人,天象时令｜山水地理｜植物花卉｜天象时令｜天象时令｜山水地理｜植物花卉｜山水地理｜山水地理｜器物人文｜人物意象
949,红梅,红 梅,宋,苏轼,14,愁｜冰｜桃｜杏｜孤｜雪｜霜｜寒｜春｜酒｜玉｜梅｜叶｜枝,情感抽象｜天象时令｜植物花卉｜植物花卉｜情感抽象｜天象时令｜天象时令｜天象时令｜天象时令｜器物人文｜器物人文｜植物花卉｜植物花卉｜植物花卉
950,红梅,红 梅,宋,范成大,5,酒｜寒｜潮｜桃｜春风,器物人文｜天象时令｜山水地理｜植物花卉｜天象时令
951,红梅,红 梅,元,王冕,6,春｜香｜风｜玉｜花｜雨,天象时令｜植物花卉｜天象时令｜器物人文｜植物花卉｜天象时令
952,红梅,红 梅,明,黄肃,6,人｜江南｜春｜玉｜箫｜雨,人物意象｜山水地理｜天象时令｜器物人文｜器物人文｜天象时令
953,红梅,红 梅,宋,毛滂,4,雪｜寒｜枝｜人,天象时令｜天象时令｜植物花卉｜人物意象
954,红梅,红 梅,宋,陆游,7,雪｜溪｜春｜翁｜风｜梅花｜人,天象时令｜山水地理｜天象时令｜人物意象｜天象时令｜植物花卉｜人物意象
955,红梅,红 梅,金,麻九畴,5,冰｜风｜流｜寒｜东风,天象时令｜天象时令｜山水地理｜天象时令｜天象时令
956,红梅,红梅四首(其一),元,王冕,7,凤｜花｜石｜玉｜烟｜山｜人,动物禽鸟｜植物花卉｜山水地理｜器物人文｜天象时令｜山水地理｜人物意象
957,红梅,红梅四首(其二),元,王冕,10,玉｜月影｜瑶池｜酒｜夜｜香｜露｜冷｜春风｜江南,器物人文｜时空行为｜器物人文｜器物人文｜天象时令｜植物花卉｜天象时令｜天象时令｜天象时令｜山水地理
958,红梅,红梅四首(其三),元,王冕,8,湖｜酒｜水｜花｜东风｜蛱蝶｜香｜月影,山水地理｜器物人文｜山水地理｜植物花卉｜天象时令｜动物禽鸟｜植物花卉｜时空行为
959,红梅,题延平刘郎中廷信所藏红梅,明,李东阳,4,湖｜水｜花｜春,山水地理｜山水地理｜植物花卉｜天象时令
960,红梅,题红梅,明,僧德辉,7,酒｜旗｜风｜枝｜桥｜人｜杏花,器物人文｜器物人文｜天象时令｜植物花卉｜山水地理｜人物意象｜植物花卉
961,红梅,鹊桥仙 种红梅一株于竹下赋此,清,龚自珍,10,烟｜龙｜夜｜秋｜空｜怨｜天｜寒｜苦｜孤,天象时令｜动物禽鸟｜天象时令｜天象时令｜山水地理｜情感抽象｜山水地理｜天象时令｜情感抽象｜情感抽象
962,红梅,留春 令,宋,高观国,12,玉｜春｜夜｜寒｜江南｜风｜月｜竹｜杏花｜冷｜黄昏｜雪,器物人文｜天象时令｜天象时令｜天象时令｜山水地理｜天象时令｜天象时令｜植物花卉｜植物花卉｜天象时令｜天象时令｜天象时令
963,红梅,玉楼春,宋,毛滂,12,日｜岭｜玉｜冰｜桃｜杏｜酒｜霞｜春｜香｜冷｜炉,天象时令｜山水地理｜器物人文｜天象时令｜植物花卉｜植物花卉｜器物人文｜天象时令｜天象时令｜植物花卉｜天象时令｜器物人文
964,红梅,蝶恋花,宋,真德秀,11,岸｜月｜桥｜花｜香｜人｜溪｜江南｜冰｜霜｜枝,山水地理｜天象时令｜山水地理｜植物花卉｜植物花卉｜人物意象｜山水地理｜山水地理｜天象时令｜天象时令｜植物花卉
965,红梅,小重山令 赋潭州红梅,宋,姜夔,12,人｜月｜花｜愁｜春｜幽｜东风｜冷｜香｜云｜相思｜枝,人物意象｜天象时令｜植物花卉｜情感抽象｜天象时令｜情感抽象｜天象时令｜天象时令｜植物花卉｜天象时令｜情感抽象｜植物花卉
966,红梅,定风波 咏红梅,宋,苏轼,10,冰｜桃｜杏｜孤｜雪｜霜｜酒｜梅｜叶｜枝,天象时令｜植物花卉｜植物花卉｜情感抽象｜天象时令｜天象时令｜器物人文｜植物花卉｜植物花卉｜植物花卉
967,水仙花,王充道送水仙花五十枝,宋,黄庭坚,10,波｜水｜月｜寒｜花｜愁｜香｜山｜梅｜江,山水地理｜山水地理｜天象时令｜天象时令｜植物花卉｜情感抽象｜植物花卉｜山水地理｜植物花卉｜山水地理
968,水仙花,水仙花,宋,刘克庄,7,风｜露｜幽｜客｜玉｜月｜翁,天象时令｜天象时令｜情感抽象｜人物意象｜器物人文｜天象时令｜人物意象
969,水仙花,题赵子固水墨双钩水仙卷,元,仇远,10,冰｜沙｜草｜香｜人｜湖｜夜｜月｜秋风｜兰,天象时令｜山水地理｜植物花卉｜植物花卉｜人物意象｜山水地理｜天象时令｜天象时令｜天象时令｜植物花卉
970,水仙花,水 仙(其一),明,陈淳,2,玉｜波,器物人文｜山水地理
971,水仙花,水 仙(其二),明,陈淳,3,寒｜玉｜花,天象时令｜器物人文｜植物花卉
972,水仙花,水仙花,宋,刘攽,7,桃｜梅｜冰｜雪｜明月｜寒霜｜夜,植物花卉｜植物花卉｜天象时令｜天象时令｜天象时令｜天象时令｜天象时令
973,水仙花,以水仙供都运判院,宋,张孝祥,10,玉｜壶｜寒露｜雾｜阁｜云｜波｜幽｜谷｜佳人,器物人文｜器物人文｜天象时令｜天象时令｜器物人文｜天象时令｜山水地理｜情感抽象｜山水地理｜人物意象
974,水仙花,水仙花,宋,杨万里,5,月｜香｜春风｜湖｜水仙,天象时令｜植物花卉｜天象时令｜山水地理｜植物花卉
975,水仙花,送水仙花,宋,刘邦直,8,水｜天｜寒｜香｜寂寞｜冰｜风｜枝,山水地理｜山水地理｜天象时令｜植物花卉｜情感抽象｜天象时令｜天象时令｜植物花卉
976,水仙花,水仙花,宋,徐似道,5,天｜花｜客｜金｜杯,山水地理｜植物花卉｜人物意象｜器物人文｜器物人文
977,水仙花,水仙花,宋,来氏,6,瑶池｜风｜流｜玉｜金｜花,器物人文｜天象时令｜山水地理｜器物人文｜器物人文｜植物花卉
978,水仙花,题虞瑞岩描水仙花,元,姚文奂,8,云｜花｜玉｜春｜波｜冷｜香｜月色,天象时令｜植物花卉｜器物人文｜天象时令｜山水地理｜天象时令｜植物花卉｜时空行为
979,水仙花,水仙花,元,丁鹤年,6,云｜月｜香｜风｜水｜江,天象时令｜天象时令｜植物花卉｜天象时令｜山水地理｜山水地理
980,水仙花,水 仙,明,文征明,7,风｜流｜寒｜玉｜梧｜江｜愁,天象时令｜山水地理｜天象时令｜器物人文｜植物花卉｜山水地理｜情感抽象
981,水仙,水仙花,清,陶孚尹,4,兰｜夜｜月｜人,植物花卉｜天象时令｜天象时令｜人物意象
982,水仙花,长相思,宋,赵溍,9,金｜玉｜杯｜春色｜雪｜月｜花｜洞庭｜人,器物人文｜器物人文｜器物人文｜时空行为｜天象时令｜天象时令｜植物花卉｜山水地理｜人物意象
983,水仙花,卜算子 水仙,宋,卢祖皋,10,波｜冷｜江｜月｜风｜幽｜玉｜寂｜山｜寒,山水地理｜天象时令｜山水地理｜天象时令｜天象时令｜情感抽象｜器物人文｜情感抽象｜山水地理｜天象时令
984,水仙花,卜算子 水仙花,清,文廷式,9,香｜玉｜银｜石｜泉｜花｜江｜人｜晓,植物花卉｜器物人文｜器物人文｜山水地理｜山水地理｜植物花卉｜山水地理｜人物意象｜天象时令
985,水仙花,菩萨蛮 水仙,宋,无名氏,8,梧｜叶｜秋｜花｜金｜枝｜人｜蜂,植物花卉｜植物花卉｜天象时令｜植物花卉｜器物人文｜植物花卉｜人物意象｜动物禽鸟
986,水仙花,朝中措 水仙,宋,曾惇,8,幽｜芳｜山｜林｜晓｜寒｜云｜涛,情感抽象｜植物花卉｜山水地理｜山水地理｜天象时令｜天象时令｜天象时令｜山水地理
987,水仙花,南歌子 水仙,宋,无名氏,11,龙｜云｜玉｜台｜春｜金｜杯｜西楼｜波｜月｜香,动物禽鸟｜天象时令｜器物人文｜器物人文｜天象时令｜器物人文｜器物人文｜器物人文｜山水地理｜天象时令｜植物花卉
988,水仙花,金人捧露盘 水仙,宋,高观国,18,云｜月｜波｜人｜玉｜香｜冷｜琴｜怨｜客｜杯｜露｜春｜兰｜梅｜烟｜雪｜江,天象时令｜天象时令｜山水地理｜人物意象｜器物人文｜植物花卉｜天象时令｜器物人文｜情感抽象｜人物意象｜器物人文｜天象时令｜天象时令｜植物花卉｜植物花卉｜天象时令｜天象时令｜山水地理
989,水仙花,庆宫春,宋,王沂孙,19,玉｜金｜雪｜幽｜芳｜怨｜哀｜凉｜香｜烟｜冷｜沙｜愁｜花｜酒｜冰｜夜｜空｜月,器物人文｜器物人文｜天象时令｜情感抽象｜植物花卉｜情感抽象｜情感抽象｜天象时令｜植物花卉｜天象时令｜天象时令｜山水地理｜情感抽象｜植物花卉｜器物人文｜天象时令｜天象时令｜山水地理｜天象时令
990,水仙花,贺新郎 赋水仙,宋,辛弃疾,22,云｜冷｜风｜月｜水｜幽｜波｜烟｜香｜泪｜沙｜恨｜烟雨｜琴｜人｜金｜杯｜乐｜银｜台｜愁｜酒,天象时令｜天象时令｜天象时令｜天象时令｜山水地理｜情感抽象｜山水地理｜天象时令｜植物花卉｜情感抽象｜山水地理｜情感抽象｜天象时令｜器物人文｜人物意象｜器物人文｜器物人文｜情感抽象｜器物人文｜器物人文｜情感抽象｜器物人文
991,蜡梅,蜡梅一首贈赵景貺,宋,苏轼,16,天｜梅花｜蜡梅｜蜂｜花｜松｜岭｜叶｜玉｜山｜夜｜梅｜香｜风｜人｜湖,山水地理｜植物花卉｜植物花卉｜动物禽鸟｜植物花卉｜植物花卉｜山水地理｜植物花卉｜器物人文｜山水地理｜天象时令｜植物花卉｜植物花卉｜天象时令｜人物意象｜山水地理
992,蜡梅,荀秀才送蜡梅十枝奇甚为赋此诗,宋,陆游,8,梅｜香｜日｜蜂｜枝｜壶｜金｜幽,植物花卉｜植物花卉｜天象时令｜动物禽鸟｜植物花卉｜器物人文｜器物人文｜情感抽象
993,蜡梅,蜡梅,宋,董嗣杲,12,叶｜冬｜香｜烈｜根｜地｜春风｜日｜黄昏｜疏影｜水｜月,植物花卉｜天象时令｜植物花卉｜情感抽象｜植物花卉｜山水地理｜天象时令｜天象时令｜天象时令｜植物花卉｜山水地理｜天象时令
994,蜡梅,戏咏蜡梅二首,宋,黄庭坚,11,金｜春｜寒｜人｜香｜桃｜风｜山｜蔷薇｜露｜暗香,器物人文｜天象时令｜天象时令｜人物意象｜植物花卉｜植物花卉｜天象时令｜山水地理｜植物花卉｜天象时令｜植物花卉
995,蜡梅,蜡 梅,宋,陈师道,3,香｜人｜春,植物花卉｜人物意象｜天象时令
996,蜡梅,蜡梅,宋,陈与义,5,金｜晓｜夜｜雪｜珠,器物人文｜天象时令｜天象时令｜天象时令｜器物人文
997,蜡梅,蜡 梅,宋,杨万里,7,天｜梅｜香｜人｜霜｜风｜枝,山水地理｜植物花卉｜植物花卉｜人物意象｜天象时令｜天象时令｜植物花卉
998,蜡梅,蜡 梅,宋,杨万里,3,蜂｜花｜香,动物禽鸟｜植物花卉｜植物花卉
999,蜡梅,蜡 梅,宋,杨万里,5,江｜梅｜雪｜红梅｜杏,山水地理｜植物花卉｜天象时令｜植物花卉｜植物花卉
1000-02,蜡梅,次韵汉卿舅蜡梅,宋,范成大,5,霜｜暗香｜金｜蛱蝶｜春风,天象时令｜植物花卉｜器物人文｜动物禽鸟｜天象时令
1001-02,蜡梅,浪淘沙,宋,马庄父,10,风｜霜｜蜂｜阁｜凉｜江｜芬｜芳｜世间｜幽香,天象时令｜天象时令｜动物禽鸟｜器物人文｜天象时令｜山水地理｜植物花卉｜植物花卉｜时空行为｜植物花卉
1002-02,瑞香,瑞香花,宋,范成大,13,芳｜雪｜春｜寒｜云｜锦｜酒｜花｜人｜香｜幽｜兰｜梅,植物花卉｜天象时令｜天象时令｜天象时令｜天象时令｜器物人文｜器物人文｜植物花卉｜人物意象｜植物花卉｜情感抽象｜植物花卉｜植物花卉
1003-02,瑞香,瑞香花新开(五首之一),宋,杨万里,8,霞｜玉｜花｜风｜喜｜寒｜香｜兰,天象时令｜器物人文｜植物花卉｜天象时令｜情感抽象｜天象时令｜植物花卉｜植物花卉
1004-02,瑞香,咏瑞香,宋,朱淑真,8,露｜暖｜日｜风｜春｜霜｜芳｜香,天象时令｜天象时令｜天象时令｜天象时令｜天象时令｜天象时令｜植物花卉｜植物花卉
1005-02,瑞香,瑞香花,宋,陈造,5,孤｜芳｜残月｜兰｜风,情感抽象｜植物花卉｜天象时令｜植物花卉｜天象时令
1006-02,瑞香,西江月 真觉赏瑞香,宋,苏轼,9,花｜瑞香｜风｜春｜玉｜蓬莱｜愁｜把酒｜人,植物花卉｜植物花卉｜天象时令｜天象时令｜器物人文｜器物人文｜情感抽象｜器物人文｜人物意象
