词条,手工类,诗学含英类,是否同类,冲突说明,手工大类,诗学含英大类,卷次,诗学含英情感倾向初判
亭,山水地理,宫室类,否,大类不一致，建议人工复核语境,自然地理,器物人事,卷二,neutral
冰,天象时令,地舆类,否,大类不一致，建议人工复核语境,自然时空,自然地理,卷一,neutral
天,山水地理,天文类,否,大类不一致，建议人工复核语境,自然地理,自然时空,卷一,neutral
寄梅,器物人文,百花类,否,大类不一致，建议人工复核语境,器物人事,植物生物,卷四,neutral
春色,时空行为,时令类,否,大类不一致，建议人工复核语境,时空行为,自然时空,卷一,positive
月影,时空行为,天文类,否,大类不一致，建议人工复核语境,时空行为,自然时空,卷一,neutral
杜鹃,植物花卉,飞禽类,否,大类不一致，建议人工复核语境,植物生物,动物生物,卷四,neutral
渔父,人物意象,人品类,否,大类不一致，建议人工复核语境,人物人伦,情志评价,卷二,neutral
秋色,时空行为,时令类,否,大类不一致，建议人工复核语境,时空行为,自然时空,卷一,neutral
采莲,器物人文,百花类,否,大类不一致，建议人工复核语境,器物人事,植物生物,卷四,neutral
香,植物花卉,器用类下,否,大类不一致，建议人工复核语境,植物生物,器物人事,卷三,neutral
七夕,,节序类,待定,仅诗学含英收录，手工词典未收录该词,,自然时空,卷一,neutral
七夕遇雨,,节序类,待定,仅诗学含英收录，手工词典未收录该词,,自然时空,卷一,neutral
万古愁,情感抽象,,待定,仅手工词典命中，诗学含英未收录该词,情志评价,,,
万里,时空行为,,待定,仅手工词典命中，诗学含英未收录该词,时空行为,,,
上元,,节序类,待定,仅诗学含英收录，手工词典未收录该词,,自然时空,卷一,neutral
上元遇雨,,节序类,待定,仅诗学含英收录，手工词典未收录该词,,自然时空,卷一,neutral
上元遇雪,,节序类,待定,仅诗学含英收录，手工词典未收录该词,,自然时空,卷一,neutral
上巳,,节序类,待定,仅诗学含英收录，手工词典未收录该词,,自然时空,卷一,neutral
下第,,仕进类,待定,仅诗学含英收录，手工词典未收录该词,,人物人伦,卷二,neutral
不出院僧,,释老类,待定,仅诗学含英收录，手工词典未收录该词,,情志评价,卷二,neutral
不寝,,人事类,待定,仅诗学含英收录，手工词典未收录该词,,情志评价,卷二,neutral
不得志,,志气类,待定,仅诗学含英收录，手工词典未收录该词,,情志评价,卷二,neutral
不见月,,天文类,待定,仅诗学含英收录，手工词典未收录该词,,自然时空,卷一,neutral
世间,时空行为,,待定,仅手工词典命中，诗学含英未收录该词,时空行为,,,
东宫官属,,百官类,待定,仅诗学含英收录，手工词典未收录该词,,人物人伦,卷二,neutral
东海,山水地理,,待定,仅手工词典命中，诗学含英未收录该词,自然地理,,,
东篱,器物人文,,待定,仅手工词典命中，诗学含英未收录该词,器物人事,,,
东风,天象时令,,待定,仅手工词典命中，诗学含英未收录该词,自然时空,,,
丧子,,人伦类,待定,仅诗学含英收录，手工词典未收录该词,,人物人伦,卷二,negative
中书舍人,,百官类,待定,仅诗学含英收录，手工词典未收录该词,,人物人伦,卷二,neutral
中元,,节序类,待定,仅诗学含英收录，手工词典未收录该词,,自然时空,卷一,neutral
中秋月,,天文类,待定,仅诗学含英收录，手工词典未收录该词,,自然时空,卷一,neutral
丰年,,时令类,待定,仅诗学含英收录，手工词典未收录该词,,自然时空,卷一,neutral
丽人,人物意象,,待定,仅手工词典命中，诗学含英未收录该词,人物人伦,,,
丽情,,丽人类,待定,仅诗学含英收录，手工词典未收录该词,,人物人伦,卷二,neutral
丽春花,,百花类,待定,仅诗学含英收录，手工词典未收录该词,,植物生物,卷四,positive
举杯,器物人文,,待定,仅手工词典命中，诗学含英未收录该词,器物人事,,,
久雨,,天文类,待定,仅诗学含英收录，手工词典未收录该词,,自然时空,卷一,neutral
义,情感抽象,,待定,仅手工词典命中，诗学含英未收录该词,情志评价,,,
乐,情感抽象,,待定,仅手工词典命中，诗学含英未收录该词,情志评价,,,
乐府,,音乐类,待定,仅诗学含英收录，手工词典未收录该词,,器物人事,卷三,positive
九曰旅中,,节序类,待定,仅诗学含英收录，手工词典未收录该词,,自然时空,卷一,neutral
九曰遇雨,,节序类,待定,仅诗学含英收录，手工词典未收录该词,,自然时空,卷一,neutral
九门提督,,百官类,待定,仅诗学含英收录，手工词典未收录该词,,人物人伦,卷二,neutral
乡愁,情感抽象,,待定,仅手工词典命中，诗学含英未收录该词,情志评价,,,
乡里,,地舆类,待定,仅诗学含英收录，手工词典未收录该词,,自然地理,卷一,neutral
书,器物人文,,待定,仅手工词典命中，诗学含英未收录该词,器物人事,,,
书匮,,器用类上,待定,仅诗学含英收录，手工词典未收录该词,,器物人事,卷三,neutral
书斋,,宫室类,待定,仅诗学含英收录，手工词典未收录该词,,器物人事,卷二,neutral
书牕,,宫室类,待定,仅诗学含英收录，手工词典未收录该词,,器物人事,卷二,neutral
书简,,文学类,待定,仅诗学含英收录，手工词典未收录该词,,情志评价,卷二,neutral
乱云,天象时令,,待定,仅手工词典命中，诗学含英未收录该词,自然时空,,,
乳燕,动物禽鸟,,待定,仅手工词典命中，诗学含英未收录该词,动物生物,,,
云峰,,天文类,待定,仅诗学含英收录，手工词典未收录该词,,自然时空,卷一,neutral
五更,天象时令,,待定,仅手工词典命中，诗学含英未收录该词,自然时空,,,
五月菊,,百花类,待定,仅诗学含英收录，手工词典未收录该词,,植物生物,卷四,neutral
井,,地舆类,待定,仅诗学含英收录，手工词典未收录该词,,自然地理,卷一,neutral
交友,,师友类,待定,仅诗学含英收录，手工词典未收录该词,,人物人伦,卷二,neutral
京城,,宫室类,待定,仅诗学含英收录，手工词典未收录该词,,器物人事,卷二,neutral
人,人物意象,,待定,仅手工词典命中，诗学含英未收录该词,人物人伦,,,
人曰,,节序类,待定,仅诗学含英收录，手工词典未收录该词,,自然时空,卷一,neutral
人材,,人品类,待定,仅诗学含英收录，手工词典未收录该词,,情志评价,卷二,neutral
人间,时空行为,,待定,仅手工词典命中，诗学含英未收录该词,时空行为,,,
今夕,时空行为,,待定,仅手工词典命中，诗学含英未收录该词,时空行为,,,
今日,时空行为,,待定,仅手工词典命中，诗学含英未收录该词,时空行为,,,
今朝,时空行为,,待定,仅手工词典命中，诗学含英未收录该词,时空行为,,,
仕宦,,仕宦类,待定,仅诗学含英收录，手工词典未收录该词,,情志评价,卷二,neutral
他乡,山水地理,,待定,仅手工词典命中，诗学含英未收录该词,自然地理,,,
他日,时空行为,,待定,仅手工词典命中，诗学含英未收录该词,时空行为,,,
伏,,节序类,待定,仅诗学含英收录，手工词典未收录该词,,自然时空,卷一,neutral
伐术,,竹木类,待定,仅诗学含英收录，手工词典未收录该词,,植物生物,卷四,neutral
传神,,书画类,待定,仅诗学含英收录，手工词典未收录该词,,器物人事,卷三,neutral
伤妾,,人伦类,待定,仅诗学含英收录，手工词典未收录该词,,人物人伦,卷二,negative
余香,植物花卉,,待定,仅手工词典命中，诗学含英未收录该词,植物生物,,,
佛,,释老类,待定,仅诗学含英收录，手工词典未收录该词,,情志评价,卷二,neutral
佛灯,,器用类下,待定,仅诗学含英收录，手工词典未收录该词,,器物人事,卷三,neutral
佳人,人物意象,,待定,仅手工词典命中，诗学含英未收录该词,人物人伦,,,
侍卫,,百官类,待定,仅诗学含英收录，手工词典未收录该词,,人物人伦,卷二,neutral
侍郎,,百官类,待定,仅诗学含英收录，手工词典未收录该词,,人物人伦,卷二,neutral
促织,,昆虫类,待定,仅诗学含英收录，手工词典未收录该词,,动物生物,卷四,neutral
修竹,植物花卉,,待定,仅手工词典命中，诗学含英未收录该词,植物生物,,,
俳优,,人品类,待定,仅诗学含英收录，手工词典未收录该词,,情志评价,卷二,neutral
倚楼,器物人文,,待定,仅手工词典命中，诗学含英未收录该词,器物人事,,,
借书,,文学类,待定,仅诗学含英收录，手工词典未收录该词,,情志评价,卷二,neutral
倦绣,,丽人类,待定,仅诗学含英收录，手工词典未收录该词,,人物人伦,卷二,neutral
假山,,地舆类,待定,仅诗学含英收录，手工词典未收录该词,,自然地理,卷一,neutral
傀儡,,人事类,待定,仅诗学含英收录，手工词典未收录该词,,情志评价,卷二,neutral
储书,,文学类,待定,仅诗学含英收录，手工词典未收录该词,,情志评价,卷二,neutral
傲骨,情感抽象,,待定,仅手工词典命中，诗学含英未收录该词,情志评价,,,
僧,,释老类,待定,仅诗学含英收录，手工词典未收录该词,,情志评价,卷二,neutral
儒师,,师友类,待定,仅诗学含英收录，手工词典未收录该词,,人物人伦,卷二,neutral
元曰,,节序类,待定,仅诗学含英收录，手工词典未收录该词,,自然时空,卷一,neutral
元曰立春,,节序类,待定,仅诗学含英收录，手工词典未收录该词,,自然时空,卷一,positive
兄弟,,人伦类,待定,仅诗学含英收录，手工词典未收录该词,,人物人伦,卷二,neutral
光禄寺,,百官类,待定,仅诗学含英收录，手工词典未收录该词,,人物人伦,卷二,neutral
兔,,走兽类,待定,仅诗学含英收录，手工词典未收录该词,,动物生物,卷四,neutral
入仕,,仕进类,待定,仅诗学含英收录，手工词典未收录该词,,人物人伦,卷二,neutral
入泮,,仕进类,待定,仅诗学含英收录，手工词典未收录该词,,人物人伦,卷二,neutral
公子,,人品类,待定,仅诗学含英收录，手工词典未收录该词,,情志评价,卷二,neutral
六科给事中,,百官类,待定,仅诗学含英收录，手工词典未收录该词,,人物人伦,卷二,neutral
六部尚书,,百官类,待定,仅诗学含英收录，手工词典未收录该词,,人物人伦,卷二,neutral
兰,植物花卉,,待定,仅手工词典命中，诗学含英未收录该词,植物生物,,,
兰花,植物花卉,,待定,仅手工词典命中，诗学含英未收录该词,植物生物,,,
兰蕙,,百草类,待定,仅诗学含英收录，手工词典未收录该词,,植物生物,卷三,neutral
关,山水地理,,待定,仅手工词典命中，诗学含英未收录该词,自然地理,,,
关山,山水地理,,待定,仅手工词典命中，诗学含英未收录该词,自然地理,,,
关隘,,地舆类,待定,仅诗学含英收录，手工词典未收录该词,,自然地理,卷一,neutral
兵部尚书,,百官类,待定,仅诗学含英收录，手工词典未收录该词,,人物人伦,卷二,neutral
农夫,,人品类,待定,仅诗学含英收录，手工词典未收录该词,,情志评价,卷二,neutral
冠,,服饰类,待定,仅诗学含英收录，手工词典未收录该词,,器物人事,卷三,neutral
冬夜,,时令类,待定,仅诗学含英收录，手工词典未收录该词,,自然时空,卷一,neutral
冬日,,天文类,待定,仅诗学含英收录，手工词典未收录该词,,自然时空,卷一,neutral
冬日书怀,,时令类,待定,仅诗学含英收录，手工词典未收录该词,,自然时空,卷一,neutral
冬日即事,,时令类,待定,仅诗学含英收录，手工词典未收录该词,,自然时空,卷一,neutral
冬晓,,时令类,待定,仅诗学含英收录，手工词典未收录该词,,自然时空,卷一,neutral
冬曰牡丹,,百花类,待定,仅诗学含英收录，手工词典未收录该词,,植物生物,卷四,neutral
冬望,,游眺类,待定,仅诗学含英收录，手工词典未收录该词,,自然地理,卷三,neutral
冬雨,,天文类,待定,仅诗学含英收录，手工词典未收录该词,,自然时空,卷一,neutral
冬风,,天文类,待定,仅诗学含英收录，手工词典未收录该词,,自然时空,卷一,neutral
冷,天象时令,,待定,仅手工词典命中，诗学含英未收录该词,自然时空,,,
凉,天象时令,,待定,仅手工词典命中，诗学含英未收录该词,自然时空,,,
凌寒,情感抽象,,待定,仅手工词典命中，诗学含英未收录该词,情志评价,,,
凌雪花,,百花类,待定,仅诗学含英收录，手工词典未收录该词,,植物生物,卷四,neutral
凌霄花,植物花卉,,待定,仅手工词典命中，诗学含英未收录该词,植物生物,,,
几,,器用类上,待定,仅诗学含英收录，手工词典未收录该词,,器物人事,卷三,neutral
凤,动物禽鸟,,待定,仅手工词典命中，诗学含英未收录该词,动物生物,,,
凤仙花,植物花卉,,待定,仅手工词典命中，诗学含英未收录该词,植物生物,,,
凤凰,,飞禽类,待定,仅诗学含英收录，手工词典未收录该词,,动物生物,卷四,neutral
凫,,飞禽类,待定,仅诗学含英收录，手工词典未收录该词,,动物生物,卷四,neutral
凭栏,器物人文,,待定,仅手工词典命中，诗学含英未收录该词,器物人事,,,
凶年,,时令类,待定,仅诗学含英收录，手工词典未收录该词,,自然时空,卷一,negative
出猎,,人品类,待定,仅诗学含英收录，手工词典未收录该词,,情志评价,卷二,neutral
击丸,,人事类,待定,仅诗学含英收录，手工词典未收录该词,,情志评价,卷二,neutral
击毬,,人事类,待定,仅诗学含英收录，手工词典未收录该词,,情志评价,卷二,neutral
刀,器物人文,,待定,仅手工词典命中，诗学含英未收录该词,器物人事,,,
刚正,,臣道类,待定,仅诗学含英收录，手工词典未收录该词,,人物人伦,卷二,neutral
初冬,,时令类,待定,仅诗学含英收录，手工词典未收录该词,,自然时空,卷一,neutral
初夏,,时令类,待定,仅诗学含英收录，手工词典未收录该词,,自然时空,卷一,neutral
初曰,,天文类,待定,仅诗学含英收录，手工词典未收录该词,,自然时空,卷一,neutral
刺史,,百官类,待定,仅诗学含英收录，手工词典未收录该词,,人物人伦,卷二,neutral
剪刀,,器用类上,待定,仅诗学含英收录，手工词典未收录该词,,器物人事,卷三,neutral
剪彩花,,百花类,待定,仅诗学含英收录，手工词典未收录该词,,植物生物,卷四,neutral
剪春罗,植物花卉,,待定,仅手工词典命中，诗学含英未收录该词,植物生物,,,
劝学,,文学类,待定,仅诗学含英收录，手工词典未收录该词,,情志评价,卷二,neutral
勤学,,文学类,待定,仅诗学含英收录，手工词典未收录该词,,情志评价,卷二,neutral
北斗,,天文类,待定,仅诗学含英收录，手工词典未收录该词,,自然时空,卷一,neutral
医者,,人品类,待定,仅诗学含英收录，手工词典未收录该词,,情志评价,卷二,neutral
十六夜月,,天文类,待定,仅诗学含英收录，手工词典未收录该词,,自然时空,卷一,neutral
十四夜月,,天文类,待定,仅诗学含英收录，手工词典未收录该词,,自然时空,卷一,neutral
十月菊,,百花类,待定,仅诗学含英收录，手工词典未收录该词,,植物生物,卷四,neutral
千叶桃花,,百花类,待定,仅诗学含英收录，手工词典未收录该词,,植物生物,卷四,neutral
千叶菊,,百花类,待定,仅诗学含英收录，手工词典未收录该词,,植物生物,卷四,neutral
千里,时空行为,,待定,仅手工词典命中，诗学含英未收录该词,时空行为,,,
千里人,人物意象,,待定,仅手工词典命中，诗学含英未收录该词,人物人伦,,,
华山,,地舆类,待定,仅诗学含英收录，手工词典未收录该词,,自然地理,卷一,neutral
卖花声,,人品类,待定,仅诗学含英收录，手工词典未收录该词,,情志评价,卷二,neutral
南山,器物人文,,待定,仅手工词典命中，诗学含英未收录该词,器物人事,,,
南浦,山水地理,,待定,仅手工词典命中，诗学含英未收录该词,自然地理,,,
南海,山水地理,,待定,仅手工词典命中，诗学含英未收录该词,自然地理,,,
博学,,文学类,待定,仅诗学含英收录，手工词典未收录该词,,情志评价,卷二,neutral
博戏,,人事类,待定,仅诗学含英收录，手工词典未收录该词,,情志评价,卷二,neutral
卜筮,,人品类,待定,仅诗学含英收录，手工词典未收录该词,,情志评价,卷二,neutral
印,,器用类上,待定,仅诗学含英收录，手工词典未收录该词,,器物人事,卷三,neutral
危楼,器物人文,,待定,仅手工词典命中，诗学含英未收录该词,器物人事,,,
原,山水地理,,待定,仅手工词典命中，诗学含英未收录该词,自然地理,,,
县令,,百官类,待定,仅诗学含英收录，手工词典未收录该词,,人物人伦,卷二,neutral
县佐,,百官类,待定,仅诗学含英收录，手工词典未收录该词,,人物人伦,卷二,neutral
双头牡丹,,百花类,待定,仅诗学含英收录，手工词典未收录该词,,植物生物,卷四,neutral
双燕,动物禽鸟,,待定,仅手工词典命中，诗学含英未收录该词,动物生物,,,
双陆,,人事类,待定,仅诗学含英收录，手工词典未收录该词,,情志评价,卷二,neutral
叔姪,,人伦类,待定,仅诗学含英收录，手工词典未收录该词,,人物人伦,卷二,neutral
古冢,,宫室类,待定,仅诗学含英收录，手工词典未收录该词,,器物人事,卷二,neutral
古剑,,器用类上,待定,仅诗学含英收录，手工词典未收录该词,,器物人事,卷三,neutral
古庙,,宫室类,待定,仅诗学含英收录，手工词典未收录该词,,器物人事,卷二,neutral
古琴,器物人文,,待定,仅手工词典命中，诗学含英未收录该词,器物人事,,,
古镜,,器用类上,待定,仅诗学含英收录，手工词典未收录该词,,器物人事,卷三,neutral
叶,植物花卉,,待定,仅手工词典命中，诗学含英未收录该词,植物生物,,,
合欢,植物花卉,,待定,仅手工词典命中，诗学含英未收录该词,植物生物,,,
合欢花,,百花类,待定,仅诗学含英收录，手工词典未收录该词,,植物生物,卷四,neutral
合药,,人品类,待定,仅诗学含英收录，手工词典未收录该词,,情志评价,卷二,neutral
吊亡,,庆吊类,待定,仅诗学含英收录，手工词典未收录该词,,情志评价,卷三,negative
名利,,仕宦类,待定,仅诗学含英收录，手工词典未收录该词,,情志评价,卷二,neutral
名誉,,仕宦类,待定,仅诗学含英收录，手工词典未收录该词,,情志评价,卷二,neutral
吏部尚书,,百官类,待定,仅诗学含英收录，手工词典未收录该词,,人物人伦,卷二,neutral
向日葵,植物花卉,,待定,仅手工词典命中，诗学含英未收录该词,植物生物,,,
吟诗,,文学类,待定,仅诗学含英收录，手工词典未收录该词,,情志评价,卷二,neutral
含笑,植物花卉,,待定,仅手工词典命中，诗学含英未收录该词,植物生物,,,
含笑花,,百花类,待定,仅诗学含英收录，手工词典未收录该词,,植物生物,卷四,neutral
哀,情感抽象,,待定,仅手工词典命中，诗学含英未收录该词,情志评价,,,
哀怨,情感抽象,,待定,仅手工词典命中，诗学含英未收录该词,情志评价,,,
哀猿,动物禽鸟,,待定,仅手工词典命中，诗学含英未收录该词,动物生物,,,
啄木,,飞禽类,待定,仅诗学含英收录，手工词典未收录该词,,动物生物,卷四,neutral
商旅,,人品类,待定,仅诗学含英收录，手工词典未收录该词,,情志评价,卷二,neutral
啼猿,动物禽鸟,,待定,仅手工词典命中，诗学含英未收录该词,动物生物,,,
啼鸟,动物禽鸟,,待定,仅手工词典命中，诗学含英未收录该词,动物生物,,,
喜,情感抽象,,待定,仅手工词典命中，诗学含英未收录该词,情志评价,,,
喜友见访,,师友类,待定,仅诗学含英收录，手工词典未收录该词,,人物人伦,卷二,positive
喜雨,,天文类,待定,仅诗学含英收录，手工词典未收录该词,,自然时空,卷一,positive
喜雪,,天文类,待定,仅诗学含英收录，手工词典未收录该词,,自然时空,卷一,positive
嗜饮,,人事类,待定,仅诗学含英收录，手工词典未收录该词,,情志评价,卷二,neutral
嘉峪关,山水地理,,待定,仅手工词典命中，诗学含英未收录该词,自然地理,,,
嘉禾,,百谷类,待定,仅诗学含英收录，手工词典未收录该词,,植物生物,卷四,neutral
四季花,,百花类,待定,仅诗学含英收录，手工词典未收录该词,,植物生物,卷四,neutral
园,,地舆类,待定,仅诗学含英收录，手工词典未收录该词,,自然地理,卷一,neutral
园亭,,宫室类,待定,仅诗学含英收录，手工词典未收录该词,,器物人事,卷二,neutral
围炉,,器用类上,待定,仅诗学含英收录，手工词典未收录该词,,器物人事,卷三,neutral
围碁,,器用类上,待定,仅诗学含英收录，手工词典未收录该词,,器物人事,卷三,neutral
国子监,,百官类,待定,仅诗学含英收录，手工词典未收录该词,,人物人伦,卷二,neutral
图书,,器用类上,待定,仅诗学含英收录，手工词典未收录该词,,器物人事,卷三,neutral
圆月,天象时令,,待定,仅手工词典命中，诗学含英未收录该词,自然时空,,,
土牛,,走兽类,待定,仅诗学含英收录，手工词典未收录该词,,动物生物,卷四,neutral
圣寿,,君道类,待定,仅诗学含英收录，手工词典未收录该词,,人物人伦,卷二,positive
地炉,,器用类上,待定,仅诗学含英收录，手工词典未收录该词,,器物人事,卷三,neutral
地理,,人品类,待定,仅诗学含英收录，手工词典未收录该词,,情志评价,卷二,neutral
垂丝海棠,,百花类,待定,仅诗学含英收录，手工词典未收录该词,,植物生物,卷四,neutral
垂柳,植物花卉,,待定,仅手工词典命中，诗学含英未收录该词,植物生物,,,
垂钓捕鱼,,人品类,待定,仅诗学含英收录，手工词典未收录该词,,情志评价,卷二,neutral
城,,宫室类,待定,仅诗学含英收录，手工词典未收录该词,,器物人事,卷二,neutral
堠,,地舆类,待定,仅诗学含英收录，手工词典未收录该词,,自然地理,卷一,neutral
塔,,宫室类,待定,仅诗学含英收录，手工词典未收录该词,,器物人事,卷二,neutral
塞,山水地理,,待定,仅手工词典命中，诗学含英未收录该词,自然地理,,,
塞北,山水地理,,待定,仅手工词典命中，诗学含英未收录该词,自然地理,,,
塞雁,动物禽鸟,,待定,仅手工词典命中，诗学含英未收录该词,动物生物,,,
士望,,仕宦类,待定,仅诗学含英收录，手工词典未收录该词,,情志评价,卷二,neutral
壮,情感抽象,,待定,仅手工词典命中，诗学含英未收录该词,情志评价,,,
壮志,情感抽象,,待定,仅手工词典命中，诗学含英未收录该词,情志评价,,,
壶,器物人文,,待定,仅手工词典命中，诗学含英未收录该词,器物人事,,,
夏夜,,时令类,待定,仅诗学含英收录，手工词典未收录该词,,自然时空,卷一,neutral
夏晓,,时令类,待定,仅诗学含英收录，手工词典未收录该词,,自然时空,卷一,neutral
夏曰,,天文类,待定,仅诗学含英收录，手工词典未收录该词,,自然时空,卷一,neutral
夏曰即事书怀,,时令类,待定,仅诗学含英收录，手工词典未收录该词,,自然时空,卷一,neutral
夏曰途中,,时令类,待定,仅诗学含英收录，手工词典未收录该词,,自然时空,卷一,neutral
夏雨,,天文类,待定,仅诗学含英收录，手工词典未收录该词,,自然时空,卷一,neutral
夏风,,天文类,待定,仅诗学含英收录，手工词典未收录该词,,自然时空,卷一,neutral
夕,天象时令,,待定,仅手工词典命中，诗学含英未收录该词,自然时空,,,
夕阳,天象时令,,待定,仅手工词典命中，诗学含英未收录该词,自然时空,,,
夜,天象时令,,待定,仅手工词典命中，诗学含英未收录该词,自然时空,,,
夜坐,,人事类,待定,仅诗学含英收录，手工词典未收录该词,,情志评价,卷二,neutral
夜宴,,人事类,待定,仅诗学含英收录，手工词典未收录该词,,情志评价,卷二,neutral
夜色,时空行为,,待定,仅手工词典命中，诗学含英未收录该词,时空行为,,,
夜风,天象时令,,待定,仅手工词典命中，诗学含英未收录该词,自然时空,,,
大理寺,,百官类,待定,仅诗学含英收录，手工词典未收录该词,,人物人伦,卷二,neutral
天上,时空行为,,待定,仅手工词典命中，诗学含英未收录该词,时空行为,,,
天台山,,地舆类,待定,仅诗学含英收录，手工词典未收录该词,,自然地理,卷一,neutral
天涯,山水地理,,待定,仅手工词典命中，诗学含英未收录该词,自然地理,,,
太仆寺,,百官类,待定,仅诗学含英收录，手工词典未收录该词,,人物人伦,卷二,neutral
太医院,,百官类,待定,仅诗学含英收录，手工词典未收录该词,,人物人伦,卷二,neutral
太守,,百官类,待定,仅诗学含英收录，手工词典未收录该词,,人物人伦,卷二,neutral
太常寺,,百官类,待定,仅诗学含英收录，手工词典未收录该词,,人物人伦,卷二,neutral
夫妇,,人伦类,待定,仅诗学含英收录，手工词典未收录该词,,人物人伦,卷二,neutral
夹竹桃花,,百花类,待定,仅诗学含英收录，手工词典未收录该词,,植物生物,卷四,neutral
女冠,,释老类,待定,仅诗学含英收录，手工词典未收录该词,,情志评价,卷二,neutral
女壻,,人伦类,待定,仅诗学含英收录，手工词典未收录该词,,人物人伦,卷二,neutral
奴婢,,丽人类,待定,仅诗学含英收录，手工词典未收录该词,,人物人伦,卷二,neutral
妓女,,丽人类,待定,仅诗学含英收录，手工词典未收录该词,,人物人伦,卷二,neutral
妻妾,,人伦类,待定,仅诗学含英收录，手工词典未收录该词,,人物人伦,卷二,neutral
婚姻,,人伦类,待定,仅诗学含英收录，手工词典未收录该词,,人物人伦,卷二,neutral
子规,动物禽鸟,,待定,仅手工词典命中，诗学含英未收录该词,动物生物,,,
孔雀,,飞禽类,待定,仅诗学含英收录，手工词典未收录该词,,动物生物,卷四,neutral
字,,书画类,待定,仅诗学含英收录，手工词典未收录该词,,器物人事,卷三,neutral
孝子,,人伦类,待定,仅诗学含英收录，手工词典未收录该词,,人物人伦,卷二,neutral
孤,情感抽象,,待定,仅手工词典命中，诗学含英未收录该词,情志评价,,,
孤云,,天文类,待定,仅诗学含英收录，手工词典未收录该词,,自然时空,卷一,neutral
孤寂,情感抽象,,待定,仅手工词典命中，诗学含英未收录该词,情志评价,,,
孤峰,,地舆类,待定,仅诗学含英收录，手工词典未收录该词,,自然地理,卷一,neutral
孤月,天象时令,,待定,仅手工词典命中，诗学含英未收录该词,自然时空,,,
孤独,情感抽象,,待定,仅手工词典命中，诗学含英未收录该词,情志评价,,,
孤舟,器物人文,,待定,仅手工词典命中，诗学含英未收录该词,器物人事,,,
孤雁,动物禽鸟,,待定,仅手工词典命中，诗学含英未收录该词,动物生物,,,
孤鴈,,飞禽类,待定,仅诗学含英收录，手工词典未收录该词,,动物生物,卷四,neutral
孤鸿,动物禽鸟,,待定,仅手工词典命中，诗学含英未收录该词,动物生物,,,
学院,,百官类,待定,仅诗学含英收录，手工词典未收录该词,,人物人伦,卷二,neutral
守岁,,节序类,待定,仅诗学含英收录，手工词典未收录该词,,自然时空,卷一,neutral
宗人府,,百官类,待定,仅诗学含英收录，手工词典未收录该词,,人物人伦,卷二,neutral
官廨,,宫室类,待定,仅诗学含英收录，手工词典未收录该词,,器物人事,卷二,neutral
宝剑,器物人文,,待定,仅手工词典命中，诗学含英未收录该词,器物人事,,,
客,人物意象,,待定,仅手工词典命中，诗学含英未收录该词,人物人伦,,,
客中雨,,天文类,待定,仅诗学含英收录，手工词典未收录该词,,自然时空,卷一,neutral
客亭,,宫室类,待定,仅诗学含英收录，手工词典未收录该词,,器物人事,卷二,neutral
宣圣庙,,宫室类,待定,仅诗学含英收录，手工词典未收录该词,,器物人事,卷二,neutral
宫怨,,丽人类,待定,仅诗学含英收录，手工词典未收录该词,,人物人伦,卷二,negative
宫阙,,宫室类,待定,仅诗学含英收录，手工词典未收录该词,,器物人事,卷二,neutral
宰相,,百官类,待定,仅诗学含英收录，手工词典未收录该词,,人物人伦,卷二,neutral
宾客,,师友类,待定,仅诗学含英收录，手工词典未收录该词,,人物人伦,卷二,neutral
宿燕,动物禽鸟,,待定,仅手工词典命中，诗学含英未收录该词,动物生物,,,
寂,情感抽象,,待定,仅手工词典命中，诗学含英未收录该词,情志评价,,,
寂寞,情感抽象,,待定,仅手工词典命中，诗学含英未收录该词,情志评价,,,
寄书,,文学类,待定,仅诗学含英收录，手工词典未收录该词,,情志评价,卷二,neutral
寄友,,师友类,待定,仅诗学含英收录，手工词典未收录该词,,人物人伦,卷二,neutral
寄远,,丽人类,待定,仅诗学含英收录，手工词典未收录该词,,人物人伦,卷二,neutral
寒,天象时令,,待定,仅手工词典命中，诗学含英未收录该词,自然时空,,,
寒山,山水地理,,待定,仅手工词典命中，诗学含英未收录该词,自然地理,,,
寒月,天象时令,,待定,仅手工词典命中，诗学含英未收录该词,自然时空,,,
寒江,山水地理,,待定,仅手工词典命中，诗学含英未收录该词,自然地理,,,
寒雨,天象时令,,待定,仅手工词典命中，诗学含英未收录该词,自然时空,,,
寒雪,天象时令,,待定,仅手工词典命中，诗学含英未收录该词,自然时空,,,
寒霜,天象时令,,待定,仅手工词典命中，诗学含英未收录该词,自然时空,,,
寒露,天象时令,,待定,仅手工词典命中，诗学含英未收录该词,自然时空,,,
寒风,天象时令,,待定,仅手工词典命中，诗学含英未收录该词,自然时空,,,
寒食,,节序类,待定,仅诗学含英收录，手工词典未收录该词,,自然时空,卷一,negative
寒食雨,,节序类,待定,仅诗学含英收录，手工词典未收录该词,,自然时空,卷一,negative
寳贝,,珍宝类,待定,仅诗学含英收录，手工词典未收录该词,,器物人事,卷三,neutral
寺,,宫室类,待定,仅诗学含英收录，手工词典未收录该词,,器物人事,卷二,neutral
寻访,,游眺类,待定,仅诗学含英收录，手工词典未收录该词,,自然地理,卷三,neutral
寿皇太子,,君道类,待定,仅诗学含英收录，手工词典未收录该词,,人物人伦,卷二,positive
射,,人事类,待定,仅诗学含英收录，手工词典未收录该词,,情志评价,卷二,neutral
射虎,,人事类,待定,仅诗学含英收录，手工词典未收录该词,,情志评价,卷二,neutral
将帅,,百官类,待定,仅诗学含英收录，手工词典未收录该词,,人物人伦,卷二,neutral
小松,,树木类,待定,仅诗学含英收录，手工词典未收录该词,,植物生物,卷四,neutral
小楼,器物人文,,待定,仅手工词典命中，诗学含英未收录该词,器物人事,,,
少年,时空行为,,待定,仅手工词典命中，诗学含英未收录该词,时空行为,,,
尘,,地舆类,待定,仅诗学含英收录，手工词典未收录该词,,自然地理,卷一,neutral
尺,,器用类上,待定,仅诗学含英收录，手工词典未收录该词,,器物人事,卷三,neutral
尺书,器物人文,,待定,仅手工词典命中，诗学含英未收录该词,器物人事,,,
尼姑,,释老类,待定,仅诗学含英收录，手工词典未收录该词,,情志评价,卷二,neutral
屏风,,器用类上,待定,仅诗学含英收录，手工词典未收录该词,,器物人事,卷三,neutral
屦,,服饰类,待定,仅诗学含英收录，手工词典未收录该词,,器物人事,卷三,neutral
山亭,,宫室类,待定,仅诗学含英收录，手工词典未收录该词,,器物人事,卷二,neutral
山城,,宫室类,待定,仅诗学含英收录，手工词典未收录该词,,器物人事,卷二,neutral
山家,,宫室类,待定,仅诗学含英收录，手工词典未收录该词,,器物人事,卷二,neutral
山居,,宫室类,待定,仅诗学含英收录，手工词典未收录该词,,器物人事,卷二,neutral
山枇杷,植物花卉,,待定,仅手工词典命中，诗学含英未收录该词,植物生物,,,
山水,,地舆类,待定,仅诗学含英收录，手工词典未收录该词,,自然地理,卷一,neutral
山色,时空行为,,待定,仅手工词典命中，诗学含英未收录该词,时空行为,,,
山行,,游眺类,待定,仅诗学含英收录，手工词典未收录该词,,自然地理,卷三,neutral
山阁,,宫室类,待定,仅诗学含英收录，手工词典未收录该词,,器物人事,卷二,neutral
岛屿,,地舆类,待定,仅诗学含英收录，手工词典未收录该词,,自然地理,卷一,neutral
岩,山水地理,,待定,仅手工词典命中，诗学含英未收录该词,自然地理,,,
岭,山水地理,,待定,仅手工词典命中，诗学含英未收录该词,自然地理,,,
岸,山水地理,,待定,仅手工词典命中，诗学含英未收录该词,自然地理,,,
峨眉,山水地理,,待定,仅手工词典命中，诗学含英未收录该词,自然地理,,,
峰,山水地理,,待定,仅手工词典命中，诗学含英未收录该词,自然地理,,,
崖,山水地理,,待定,仅手工词典命中，诗学含英未收录该词,自然地理,,,
嵩山,,地舆类,待定,仅诗学含英收录，手工词典未收录该词,,自然地理,卷一,neutral
巡城,,百官类,待定,仅诗学含英收录，手工词典未收录该词,,人物人伦,卷二,neutral
工司属,,百官类,待定,仅诗学含英收录，手工词典未收录该词,,人物人伦,卷二,neutral
工部尚书,,百官类,待定,仅诗学含英收录，手工词典未收录该词,,人物人伦,卷二,neutral
巫山,山水地理,,待定,仅手工词典命中，诗学含英未收录该词,自然地理,,,
巫觋,,释老类,待定,仅诗学含英收录，手工词典未收录该词,,情志评价,卷二,neutral
巴山,山水地理,,待定,仅手工词典命中，诗学含英未收录该词,自然地理,,,
巾,,服饰类,待定,仅诗学含英收录，手工词典未收录该词,,器物人事,卷三,neutral
市井,,地舆类,待定,仅诗学含英收录，手工词典未收录该词,,自然地理,卷一,neutral
布政司,,百官类,待定,仅诗学含英收录，手工词典未收录该词,,人物人伦,卷二,neutral
帆,器物人文,,待定,仅手工词典命中，诗学含英未收录该词,器物人事,,,
帐,,服饰类,待定,仅诗学含英收录，手工词典未收录该词,,器物人事,卷三,neutral
带,,服饰类,待定,仅诗学含英收录，手工词典未收录该词,,器物人事,卷三,neutral
席,,器用类上,待定,仅诗学含英收录，手工词典未收录该词,,器物人事,卷三,neutral
帷,器物人文,,待定,仅手工词典命中，诗学含英未收录该词,器物人事,,,
帷幙,,服饰类,待定,仅诗学含英收录，手工词典未收录该词,,器物人事,卷三,neutral
帽,,服饰类,待定,仅诗学含英收录，手工词典未收录该词,,器物人事,卷三,neutral
干戈,器物人文,,待定,仅手工词典命中，诗学含英未收录该词,器物人事,,,
干谒,,仕宦类,待定,仅诗学含英收录，手工词典未收录该词,,情志评价,卷二,neutral
平生,时空行为,,待定,仅手工词典命中，诗学含英未收录该词,时空行为,,,
并头莲,,百花类,待定,仅诗学含英收录，手工词典未收录该词,,植物生物,卷四,neutral
幽,情感抽象,,待定,仅手工词典命中，诗学含英未收录该词,情志评价,,,
幽香,植物花卉,,待定,仅手工词典命中，诗学含英未收录该词,植物生物,,,
庆云,,天文类,待定,仅诗学含英收录，手工词典未收录该词,,自然时空,卷一,positive
床,,器用类上,待定,仅诗学含英收录，手工词典未收录该词,,器物人事,卷三,neutral
庐山,,地舆类,待定,仅诗学含英收录，手工词典未收录该词,,自然地理,卷一,neutral
庙,,宫室类,待定,仅诗学含英收录，手工词典未收录该词,,器物人事,卷二,neutral
府佐,,百官类,待定,仅诗学含英收录，手工词典未收录该词,,人物人伦,卷二,neutral
府尹,,百官类,待定,仅诗学含英收录，手工词典未收录该词,,人物人伦,卷二,neutral
废宅,,宫室类,待定,仅诗学含英收录，手工词典未收录该词,,器物人事,卷二,neutral
废寺,,宫室类,待定,仅诗学含英收录，手工词典未收录该词,,器物人事,卷二,neutral
座主,,仕进类,待定,仅诗学含英收录，手工词典未收录该词,,人物人伦,卷二,neutral
廉吏,,臣道类,待定,仅诗学含英收录，手工词典未收录该词,,人物人伦,卷二,neutral
异乡,山水地理,,待定,仅手工词典命中，诗学含英未收录该词,自然地理,,,
弯月,天象时令,,待定,仅手工词典命中，诗学含英未收录该词,自然时空,,,
归雁,动物禽鸟,,待定,仅手工词典命中，诗学含英未收录该词,动物生物,,,
归鴈,,飞禽类,待定,仅诗学含英收录，手工词典未收录该词,,动物生物,卷四,neutral
影戏,,人事类,待定,仅诗学含英收录，手工词典未收录该词,,情志评价,卷二,neutral
征人,人物意象,,待定,仅手工词典命中，诗学含英未收录该词,人物人伦,,,
征雁,动物禽鸟,,待定,仅手工词典命中，诗学含英未收录该词,动物生物,,,
征马,器物人文,,待定,仅手工词典命中，诗学含英未收录该词,器物人事,,,
待月,,天文类,待定,仅诗学含英收录，手工词典未收录该词,,自然时空,卷一,neutral
御史,,百官类,待定,仅诗学含英收录，手工词典未收录该词,,人物人伦,卷二,neutral
循吏,,臣道类,待定,仅诗学含英收录，手工词典未收录该词,,人物人伦,卷二,neutral
志气,,志气类,待定,仅诗学含英收录，手工词典未收录该词,,情志评价,卷二,neutral
忠,情感抽象,,待定,仅手工词典命中，诗学含英未收录该词,情志评价,,,
忠义,,臣道类,待定,仅诗学含英收录，手工词典未收录该词,,人物人伦,卷二,neutral
怀友,,师友类,待定,仅诗学含英收录，手工词典未收录该词,,人物人伦,卷二,neutral
怀古,,人事类,待定,仅诗学含英收录，手工词典未收录该词,,情志评价,卷二,neutral
怀归,,人事类,待定,仅诗学含英收录，手工词典未收录该词,,情志评价,卷二,neutral
思妇,人物意象,,待定,仅手工词典命中，诗学含英未收录该词,人物人伦,,,
急难,,志气类,待定,仅诗学含英收录，手工词典未收录该词,,情志评价,卷二,neutral
怨,情感抽象,,待定,仅手工词典命中，诗学含英未收录该词,情志评价,,,
总漕,,百官类,待定,仅诗学含英收录，手工词典未收录该词,,人物人伦,卷二,neutral
恒山,,地舆类,待定,仅诗学含英收录，手工词典未收录该词,,自然地理,卷一,neutral
恨,情感抽象,,待定,仅手工词典命中，诗学含英未收录该词,情志评价,,,
悲,情感抽象,,待定,仅手工词典命中，诗学含英未收录该词,情志评价,,,
悲愁,情感抽象,,待定,仅手工词典命中，诗学含英未收录该词,情志评价,,,
悲秋,,时令类,待定,仅诗学含英收录，手工词典未收录该词,,自然时空,卷一,negative
悼亡,,人伦类,待定,仅诗学含英收录，手工词典未收录该词,,人物人伦,卷二,negative
惜花,,百花类,待定,仅诗学含英收录，手工词典未收录该词,,植物生物,卷四,neutral
惰夫,,人品类,待定,仅诗学含英收录，手工词典未收录该词,,情志评价,卷二,neutral
愁,情感抽象,,待定,仅手工词典命中，诗学含英未收录该词,情志评价,,,
感慨,,人事类,待定,仅诗学含英收录，手工词典未收录该词,,情志评价,卷二,neutral
慵粧,,丽人类,待定,仅诗学含英收录，手工词典未收录该词,,人物人伦,卷二,neutral
戈,器物人文,,待定,仅手工词典命中，诗学含英未收录该词,器物人事,,,
戍楼,,宫室类,待定,仅诗学含英收录，手工词典未收录该词,,器物人事,卷二,neutral
战场,山水地理,,待定,仅手工词典命中，诗学含英未收录该词,自然地理,,,
战鬪,,人事类,待定,仅诗学含英收录，手工词典未收录该词,,情志评价,卷二,neutral
戴花,,百花类,待定,仅诗学含英收录，手工词典未收录该词,,植物生物,卷四,neutral
户部尚书,,百官类,待定,仅诗学含英收录，手工词典未收录该词,,人物人伦,卷二,neutral
扁舟,器物人文,,待定,仅手工词典命中，诗学含英未收录该词,器物人事,,,
扇,,器用类上,待定,仅诗学含英收录，手工词典未收录该词,,器物人事,卷三,neutral
才女,,丽人类,待定,仅诗学含英收录，手工词典未收录该词,,人物人伦,卷二,neutral
打毬,,人事类,待定,仅诗学含英收录，手工词典未收录该词,,情志评价,卷二,neutral
技艺,,人品类,待定,仅诗学含英收录，手工词典未收录该词,,情志评价,卷二,neutral
把酒,器物人文,,待定,仅手工词典命中，诗学含英未收录该词,器物人事,,,
投壶,,人事类,待定,仅诗学含英收录，手工词典未收录该词,,情志评价,卷二,neutral
折柳,器物人文,,待定,仅手工词典命中，诗学含英未收录该词,器物人事,,,
折梅,器物人文,,待定,仅手工词典命中，诗学含英未收录该词,器物人事,,,
报恩,,志气类,待定,仅诗学含英收录，手工词典未收录该词,,情志评价,卷二,neutral
拍板,,音乐类,待定,仅诗学含英收录，手工词典未收录该词,,器物人事,卷三,neutral
按察司,,百官类,待定,仅诗学含英收录，手工词典未收录该词,,人物人伦,卷二,neutral
挑灯棒,,器用类下,待定,仅诗学含英收录，手工词典未收录该词,,器物人事,卷三,neutral
探春,,时令类,待定,仅诗学含英收录，手工词典未收录该词,,自然时空,卷一,positive
探梅,,百花类,待定,仅诗学含英收录，手工词典未收录该词,,植物生物,卷四,neutral
接花,,百花类,待定,仅诗学含英收录，手工词典未收录该词,,植物生物,卷四,neutral
放逐,,仕宦类,待定,仅诗学含英收录，手工词典未收录该词,,情志评价,卷二,neutral
放鹤,,飞禽类,待定,仅诗学含英收录，手工词典未收录该词,,动物生物,卷四,neutral
放龟,,鳞介类,待定,仅诗学含英收录，手工词典未收录该词,,动物生物,卷四,neutral
故乡,山水地理,,待定,仅手工词典命中，诗学含英未收录该词,自然地理,,,
故人,人物意象,,待定,仅手工词典命中，诗学含英未收录该词,人物人伦,,,
故园,山水地理,,待定,仅手工词典命中，诗学含英未收录该词,自然地理,,,
故国,山水地理,,待定,仅手工词典命中，诗学含英未收录该词,自然地理,,,
故宫,,宫室类,待定,仅诗学含英收录，手工词典未收录该词,,器物人事,卷二,neutral
教子,,人伦类,待定,仅诗学含英收录，手工词典未收录该词,,人物人伦,卷二,neutral
教官,,百官类,待定,仅诗学含英收录，手工词典未收录该词,,人物人伦,卷二,neutral
敬贤,,君道类,待定,仅诗学含英收录，手工词典未收录该词,,人物人伦,卷二,neutral
数珠,,珍宝类,待定,仅诗学含英收录，手工词典未收录该词,,器物人事,卷三,neutral
文章,,文学类,待定,仅诗学含英收录，手工词典未收录该词,,情志评价,卷二,neutral
文选司,,百官类,待定,仅诗学含英收录，手工词典未收录该词,,人物人伦,卷二,neutral
斑竹,,竹木类,待定,仅诗学含英收录，手工词典未收录该词,,植物生物,卷四,neutral
斜日,天象时令,,待定,仅手工词典命中，诗学含英未收录该词,自然时空,,,
斜阳,,天文类,待定,仅诗学含英收录，手工词典未收录该词,,自然时空,卷一,neutral
斧,,器用类上,待定,仅诗学含英收录，手工词典未收录该词,,器物人事,卷三,neutral
断琴,,音乐类,待定,仅诗学含英收录，手工词典未收录该词,,器物人事,卷三,neutral
新柳,,树木类,待定,仅诗学含英收录，手工词典未收录该词,,植物生物,卷四,neutral
新秋,,时令类,待定,仅诗学含英收录，手工词典未收录该词,,自然时空,卷一,neutral
新竹,,竹木类,待定,仅诗学含英收录，手工词典未收录该词,,植物生物,卷四,neutral
新荷,,百花类,待定,仅诗学含英收录，手工词典未收录该词,,植物生物,卷四,neutral
新蝉,,昆虫类,待定,仅诗学含英收录，手工词典未收录该词,,动物生物,卷四,neutral
方丈,,宫室类,待定,仅诗学含英收录，手工词典未收录该词,,器物人事,卷二,neutral
方响,,音乐类,待定,仅诗学含英收录，手工词典未收录该词,,器物人事,卷三,neutral
旅中寒食,,节序类,待定,仅诗学含英收录，手工词典未收录该词,,自然时空,卷一,negative
旅人,人物意象,,待定,仅手工词典命中，诗学含英未收录该词,人物人伦,,,
旅愁,情感抽象,,待定,仅手工词典命中，诗学含英未收录该词,情志评价,,,
旅舍,,宫室类,待定,仅诗学含英收录，手工词典未收录该词,,器物人事,卷二,neutral
旌,器物人文,,待定,仅手工词典命中，诗学含英未收录该词,器物人事,,,
旌旗,,器用类上,待定,仅诗学含英收录，手工词典未收录该词,,器物人事,卷三,neutral
旗,器物人文,,待定,仅手工词典命中，诗学含英未收录该词,器物人事,,,
日影,,天文类,待定,仅诗学含英收录，手工词典未收录该词,,自然时空,卷一,neutral
日蚀,,天文类,待定,仅诗学含英收录，手工词典未收录该词,,自然时空,卷一,neutral
旧人,人物意象,,待定,仅手工词典命中，诗学含英未收录该词,人物人伦,,,
早春,,时令类,待定,仅诗学含英收录，手工词典未收录该词,,自然时空,卷一,positive
早梅,,百花类,待定,仅诗学含英收录，手工词典未收录该词,,植物生物,卷四,neutral
早行,,游眺类,待定,仅诗学含英收录，手工词典未收录该词,,自然地理,卷三,neutral
早起,,人事类,待定,仅诗学含英收录，手工词典未收录该词,,情志评价,卷二,neutral
旭日,天象时令,,待定,仅手工词典命中，诗学含英未收录该词,自然时空,,,
旱,,天文类,待定,仅诗学含英收录，手工词典未收录该词,,自然时空,卷一,neutral
旱云,,天文类,待定,仅诗学含英收录，手工词典未收录该词,,自然时空,卷一,neutral
旷达,,志气类,待定,仅诗学含英收录，手工词典未收录该词,,情志评价,卷二,neutral
明月,天象时令,,待定,仅手工词典命中，诗学含英未收录该词,自然时空,,,
星,,天文类,待定,仅诗学含英收录，手工词典未收录该词,,自然时空,卷一,neutral
星学,,人品类,待定,仅诗学含英收录，手工词典未收录该词,,情志评价,卷二,neutral
春夜,,时令类,待定,仅诗学含英收录，手工词典未收录该词,,自然时空,卷一,positive
春寒,,时令类,待定,仅诗学含英收录，手工词典未收录该词,,自然时空,卷一,mixed
春归,,时令类,待定,仅诗学含英收录，手工词典未收录该词,,自然时空,卷一,positive
春昼,,时令类,待定,仅诗学含英收录，手工词典未收录该词,,自然时空,卷一,positive
春晓,,时令类,待定,仅诗学含英收录，手工词典未收录该词,,自然时空,卷一,positive
春晴,,天文类,待定,仅诗学含英收录，手工词典未收录该词,,自然时空,卷一,positive
春暮,,时令类,待定,仅诗学含英收录，手工词典未收录该词,,自然时空,卷一,positive
春曰,,天文类,待定,仅诗学含英收录，手工词典未收录该词,,自然时空,卷一,positive
春曰书怀即事,,时令类,待定,仅诗学含英收录，手工词典未收录该词,,自然时空,卷一,positive
春望,,游眺类,待定,仅诗学含英收录，手工词典未收录该词,,自然地理,卷三,positive
春江,山水地理,,待定,仅手工词典命中，诗学含英未收录该词,自然地理,,,
春迳,,地舆类,待定,仅诗学含英收录，手工词典未收录该词,,自然地理,卷一,positive
春郊,,地舆类,待定,仅诗学含英收录，手工词典未收录该词,,自然地理,卷一,positive
春阴,,时令类,待定,仅诗学含英收录，手工词典未收录该词,,自然时空,卷一,positive
春雪,,天文类,待定,仅诗学含英收录，手工词典未收录该词,,自然时空,卷一,positive
昨日,时空行为,,待定,仅手工词典命中，诗学含英未收录该词,时空行为,,,
昭君,人物意象,,待定,仅手工词典命中，诗学含英未收录该词,人物人伦,,,
昼,天象时令,,待定,仅手工词典命中，诗学含英未收录该词,自然时空,,,
昼寝,,时令类,待定,仅诗学含英收录，手工词典未收录该词,,自然时空,卷一,neutral
晒书,,文学类,待定,仅诗学含英收录，手工词典未收录该词,,情志评价,卷二,neutral
晓,天象时令,,待定,仅手工词典命中，诗学含英未收录该词,自然时空,,,
晓望,,游眺类,待定,仅诗学含英收录，手工词典未收录该词,,自然地理,卷三,neutral
晓江,山水地理,,待定,仅手工词典命中，诗学含英未收录该词,自然地理,,,
晓风,天象时令,,待定,仅手工词典命中，诗学含英未收录该词,自然时空,,,
晚,,时令类,待定,仅诗学含英收录，手工词典未收录该词,,自然时空,卷一,neutral
晚步,,游眺类,待定,仅诗学含英收录，手工词典未收录该词,,自然地理,卷三,neutral
晚眺,,游眺类,待定,仅诗学含英收录，手工词典未收录该词,,自然地理,卷三,neutral
晨,天象时令,,待定,仅手工词典命中，诗学含英未收录该词,自然时空,,,
晨露,天象时令,,待定,仅手工词典命中，诗学含英未收录该词,自然时空,,,
景慕,,志气类,待定,仅诗学含英收录，手工词典未收录该词,,情志评价,卷二,neutral
景星,,天文类,待定,仅诗学含英收录，手工词典未收录该词,,自然时空,卷一,neutral
晴,,天文类,待定,仅诗学含英收录，手工词典未收录该词,,自然时空,卷一,positive
暖,天象时令,,待定,仅手工词典命中，诗学含英未收录该词,自然时空,,,
暗香,植物花卉,,待定,仅手工词典命中，诗学含英未收录该词,植物生物,,,
暮,天象时令,,待定,仅手工词典命中，诗学含英未收录该词,自然时空,,,
暮云,天象时令,,待定,仅手工词典命中，诗学含英未收录该词,自然时空,,,
暮冬,,时令类,待定,仅诗学含英收录，手工词典未收录该词,,自然时空,卷一,neutral
暮霭,天象时令,,待定,仅手工词典命中，诗学含英未收录该词,自然时空,,,
暮风,天象时令,,待定,仅手工词典命中，诗学含英未收录该词,自然时空,,,
曝曰,,天文类,待定,仅诗学含英收录，手工词典未收录该词,,自然时空,卷一,neutral
更漏,,器用类上,待定,仅诗学含英收录，手工词典未收录该词,,器物人事,卷三,neutral
曼陀罗,植物花卉,,待定,仅手工词典命中，诗学含英未收录该词,植物生物,,,
月下饮,,人事类,待定,仅诗学含英收录，手工词典未收录该词,,情志评价,卷二,neutral
月中桂花,,百花类,待定,仅诗学含英收录，手工词典未收录该词,,植物生物,卷四,neutral
月光,时空行为,,待定,仅手工词典命中，诗学含英未收录该词,时空行为,,,
月台,,宫室类,待定,仅诗学含英收录，手工词典未收录该词,,器物人事,卷二,neutral
月夜泛舟,,器用类上,待定,仅诗学含英收录，手工词典未收录该词,,器物人事,卷三,neutral
月夜访友,,师友类,待定,仅诗学含英收录，手工词典未收录该词,,人物人伦,卷二,neutral
月季,植物花卉,,待定,仅手工词典命中，诗学含英未收录该词,植物生物,,,
月桂,,天文类,待定,仅诗学含英收录，手工词典未收录该词,,自然时空,卷一,neutral
月色,时空行为,,待定,仅手工词典命中，诗学含英未收录该词,时空行为,,,
月蚀,,天文类,待定,仅诗学含英收录，手工词典未收录该词,,自然时空,卷一,neutral
望月,器物人文,,待定,仅手工词典命中，诗学含英未收录该词,器物人事,,,
朝日,天象时令,,待定,仅手工词典命中，诗学含英未收录该词,自然时空,,,
朝露,天象时令,,待定,仅手工词典命中，诗学含英未收录该词,自然时空,,,
木,,竹木类,待定,仅诗学含英收录，手工词典未收录该词,,植物生物,卷四,neutral
木兰,植物花卉,,待定,仅手工词典命中，诗学含英未收录该词,植物生物,,,
木叶,,竹木类,待定,仅诗学含英收录，手工词典未收录该词,,植物生物,卷四,neutral
木棉花,植物花卉,,待定,仅手工词典命中，诗学含英未收录该词,植物生物,,,
木槿,植物花卉,,待定,仅手工词典命中，诗学含英未收录该词,植物生物,,,
木瓜,,百果类,待定,仅诗学含英收录，手工词典未收录该词,,植物生物,卷四,neutral
木笔花,,百花类,待定,仅诗学含英收录，手工词典未收录该词,,植物生物,卷四,neutral
木芙蓉,植物花卉,,待定,仅手工词典命中，诗学含英未收录该词,植物生物,,,
木香,植物花卉,,待定,仅手工词典命中，诗学含英未收录该词,植物生物,,,
未开杏花,,百花类,待定,仅诗学含英收录，手工词典未收录该词,,植物生物,卷四,neutral
未开牡丹,,百花类,待定,仅诗学含英收录，手工词典未收录该词,,植物生物,卷四,neutral
朱阁,器物人文,,待定,仅手工词典命中，诗学含英未收录该词,器物人事,,,
机杼,,器用类上,待定,仅诗学含英收录，手工词典未收录该词,,器物人事,卷三,neutral
杂乐,,音乐类,待定,仅诗学含英收录，手工词典未收录该词,,器物人事,卷三,positive
李子,,百果类,待定,仅诗学含英收录，手工词典未收录该词,,植物生物,卷四,neutral
杏,植物花卉,,待定,仅手工词典命中，诗学含英未收录该词,植物生物,,,
杏子,,百果类,待定,仅诗学含英收录，手工词典未收录该词,,植物生物,卷四,neutral
村居,,宫室类,待定,仅诗学含英收录，手工词典未收录该词,,器物人事,卷二,neutral
杨柳,植物花卉,,待定,仅手工词典命中，诗学含英未收录该词,植物生物,,,
杨梅,,百果类,待定,仅诗学含英收录，手工词典未收录该词,,植物生物,卷四,neutral
杨花,植物花卉,,待定,仅手工词典命中，诗学含英未收录该词,植物生物,,,
杯,器物人文,,待定,仅手工词典命中，诗学含英未收录该词,器物人事,,,
杵臼,,器用类上,待定,仅诗学含英收录，手工词典未收录该词,,器物人事,卷三,neutral
松声,,树木类,待定,仅诗学含英收录，手工词典未收录该词,,植物生物,卷四,neutral
松柏,植物花卉,,待定,仅手工词典命中，诗学含英未收录该词,植物生物,,,
松轩,,宫室类,待定,仅诗学含英收录，手工词典未收录该词,,器物人事,卷二,neutral
松迳,,地舆类,待定,仅诗学含英收录，手工词典未收录该词,,自然地理,卷一,neutral
松风,,天文类,待定,仅诗学含英收录，手工词典未收录该词,,自然时空,卷一,neutral
枇杷,,百果类,待定,仅诗学含英收录，手工词典未收录该词,,植物生物,卷四,neutral
枕,,器用类上,待定,仅诗学含英收录，手工词典未收录该词,,器物人事,卷三,neutral
林,山水地理,,待定,仅手工词典命中，诗学含英未收录该词,自然地理,,,
林亭,,宫室类,待定,仅诗学含英收录，手工词典未收录该词,,器物人事,卷二,neutral
林檎,,百果类,待定,仅诗学含英收录，手工词典未收录该词,,植物生物,卷四,neutral
果,,百果类,待定,仅诗学含英收录，手工词典未收录该词,,植物生物,卷四,neutral
果园,,地舆类,待定,仅诗学含英收录，手工词典未收录该词,,自然地理,卷一,neutral
枝,植物花卉,,待定,仅手工词典命中，诗学含英未收录该词,植物生物,,,
枣子,,百果类,待定,仅诗学含英收录，手工词典未收录该词,,植物生物,卷四,neutral
枫,,树木类,待定,仅诗学含英收录，手工词典未收录该词,,植物生物,卷四,neutral
枯叶,植物花卉,,待定,仅手工词典命中，诗学含英未收录该词,植物生物,,,
枯梅,,百花类,待定,仅诗学含英收录，手工词典未收录该词,,植物生物,卷四,neutral
枯草,植物花卉,,待定,仅手工词典命中，诗学含英未收录该词,植物生物,,,
柏,植物花卉,,待定,仅手工词典命中，诗学含英未收录该词,植物生物,,,
柑子,,百果类,待定,仅诗学含英收录，手工词典未收录该词,,植物生物,卷四,neutral
柱杖,,器用类上,待定,仅诗学含英收录，手工词典未收录该词,,器物人事,卷三,neutral
柳丝,,树木类,待定,仅诗学含英收录，手工词典未收录该词,,植物生物,卷四,neutral
柳花,,百花类,待定,仅诗学含英收录，手工词典未收录该词,,植物生物,卷四,neutral
柿子,,百果类,待定,仅诗学含英收录，手工词典未收录该词,,植物生物,卷四,neutral
栀子花,植物花卉,,待定,仅手工词典命中，诗学含英未收录该词,植物生物,,,
栗子,,百果类,待定,仅诗学含英收录，手工词典未收录该词,,植物生物,卷四,neutral
栢,,树木类,待定,仅诗学含英收录，手工词典未收录该词,,植物生物,卷四,neutral
根,植物花卉,,待定,仅手工词典命中，诗学含英未收录该词,植物生物,,,
栽花,,百花类,待定,仅诗学含英收录，手工词典未收录该词,,植物生物,卷四,neutral
桂,植物花卉,,待定,仅手工词典命中，诗学含英未收录该词,植物生物,,,
桃,植物花卉,,待定,仅手工词典命中，诗学含英未收录该词,植物生物,,,
桃子,,百果类,待定,仅诗学含英收录，手工词典未收录该词,,植物生物,卷四,neutral
桃溪,,地舆类,待定,仅诗学含英收录，手工词典未收录该词,,自然地理,卷一,neutral
桐,植物花卉,,待定,仅手工词典命中，诗学含英未收录该词,植物生物,,,
桐花,植物花卉,,待定,仅手工词典命中，诗学含英未收录该词,植物生物,,,
桔臯,,器用类上,待定,仅诗学含英收录，手工词典未收录该词,,器物人事,卷三,neutral
桧,,树木类,待定,仅诗学含英收录，手工词典未收录该词,,植物生物,卷四,neutral
桨,器物人文,,待定,仅手工词典命中，诗学含英未收录该词,器物人事,,,
梅,植物花卉,,待定,仅手工词典命中，诗学含英未收录该词,植物生物,,,
梅子,,百果类,待定,仅诗学含英收录，手工词典未收录该词,,植物生物,卷四,neutral
梅溪,,地舆类,待定,仅诗学含英收录，手工词典未收录该词,,自然地理,卷一,neutral
梅雨,,天文类,待定,仅诗学含英收录，手工词典未收录该词,,自然时空,卷一,neutral
梦,,人事类,待定,仅诗学含英收录，手工词典未收录该词,,情志评价,卷二,neutral
梧,植物花卉,,待定,仅手工词典命中，诗学含英未收录该词,植物生物,,,
梨,,百果类,待定,仅诗学含英收录，手工词典未收录该词,,植物生物,卷四,neutral
棠梨花,植物花卉,,待定,仅手工词典命中，诗学含英未收录该词,植物生物,,,
棠棣花,,百花类,待定,仅诗学含英收录，手工词典未收录该词,,植物生物,卷四,neutral
棣棠,植物花卉,,待定,仅手工词典命中，诗学含英未收录该词,植物生物,,,
楝花,植物花卉,,待定,仅手工词典命中，诗学含英未收录该词,植物生物,,,
楼子芍药,,百花类,待定,仅诗学含英收录，手工词典未收录该词,,植物生物,卷四,neutral
榆钱,,树木类,待定,仅诗学含英收录，手工词典未收录该词,,植物生物,卷四,neutral
榭,器物人文,,待定,仅手工词典命中，诗学含英未收录该词,器物人事,,,
槐花,,百花类,待定,仅诗学含英收录，手工词典未收录该词,,植物生物,卷四,neutral
横笛,器物人文,,待定,仅手工词典命中，诗学含英未收录该词,器物人事,,,
樱桃,,百果类,待定,仅诗学含英收录，手工词典未收录该词,,植物生物,卷四,neutral
樱桃花,植物花卉,,待定,仅手工词典命中，诗学含英未收录该词,植物生物,,,
樵夫,,人品类,待定,仅诗学含英收录，手工词典未收录该词,,情志评价,卷二,neutral
樵迳,,地舆类,待定,仅诗学含英收录，手工词典未收录该词,,自然地理,卷一,neutral
橄榄,,百果类,待定,仅诗学含英收录，手工词典未收录该词,,植物生物,卷四,neutral
橘子,,百果类,待定,仅诗学含英收录，手工词典未收录该词,,植物生物,卷四,neutral
橙子,,百果类,待定,仅诗学含英收录，手工词典未收录该词,,植物生物,卷四,neutral
欢,情感抽象,,待定,仅手工词典命中，诗学含英未收录该词,情志评价,,,
歌妓,,丽人类,待定,仅诗学含英收录，手工词典未收录该词,,人物人伦,卷二,neutral
歌舞,,音乐类,待定,仅诗学含英收录，手工词典未收录该词,,器物人事,卷三,neutral
步月,,天文类,待定,仅诗学含英收录，手工词典未收录该词,,自然时空,卷一,neutral
武士,,人品类,待定,仅诗学含英收录，手工词典未收录该词,,情志评价,卷二,neutral
武夷山,,地舆类,待定,仅诗学含英收录，手工词典未收录该词,,自然地理,卷一,neutral
残叶,植物花卉,,待定,仅手工词典命中，诗学含英未收录该词,植物生物,,,
残夏,,时令类,待定,仅诗学含英收录，手工词典未收录该词,,自然时空,卷一,neutral
残星,,天文类,待定,仅诗学含英收录，手工词典未收录该词,,自然时空,卷一,neutral
残灯,,器用类下,待定,仅诗学含英收录，手工词典未收录该词,,器物人事,卷三,neutral
残花,植物花卉,,待定,仅手工词典命中，诗学含英未收录该词,植物生物,,,
残菊,,百花类,待定,仅诗学含英收录，手工词典未收录该词,,植物生物,卷四,neutral
残蝶,,昆虫类,待定,仅诗学含英收录，手工词典未收录该词,,动物生物,卷四,neutral
残雪,天象时令,,待定,仅手工词典命中，诗学含英未收录该词,自然时空,,,
殿,,宫室类,待定,仅诗学含英收录，手工词典未收录该词,,器物人事,卷二,neutral
母子,,人伦类,待定,仅诗学含英收录，手工词典未收录该词,,人物人伦,卷二,neutral
气节,情感抽象,,待定,仅手工词典命中，诗学含英未收录该词,情志评价,,,
气量,,志气类,待定,仅诗学含英收录，手工词典未收录该词,,情志评价,卷二,neutral
水亭,,宫室类,待定,仅诗学含英收录，手工词典未收录该词,,器物人事,卷二,neutral
水仙,植物花卉,,待定,仅手工词典命中，诗学含英未收录该词,植物生物,,,
水声,,地舆类,待定,仅诗学含英收录，手工词典未收录该词,,自然地理,卷一,neutral
水帘,,地舆类,待定,仅诗学含英收录，手工词典未收录该词,,自然地理,卷一,neutral
水盏,,音乐类,待定,仅诗学含英收录，手工词典未收录该词,,器物人事,卷三,neutral
水硙,,器用类上,待定,仅诗学含英收录，手工词典未收录该词,,器物人事,卷三,neutral
水色,时空行为,,待定,仅手工词典命中，诗学含英未收录该词,时空行为,,,
水芙蓉,植物花卉,,待定,仅手工词典命中，诗学含英未收录该词,植物生物,,,
水车,,器用类上,待定,仅诗学含英收录，手工词典未收录该词,,器物人事,卷三,neutral
水阁,,宫室类,待定,仅诗学含英收录，手工词典未收录该词,,器物人事,卷二,neutral
汉江,山水地理,,待定,仅手工词典命中，诗学含英未收录该词,自然地理,,,
江亭,,宫室类,待定,仅诗学含英收录，手工词典未收录该词,,器物人事,卷二,neutral
江南,山水地理,,待定,仅手工词典命中，诗学含英未收录该词,自然地理,,,
江城,,宫室类,待定,仅诗学含英收录，手工词典未收录该词,,器物人事,卷二,neutral
江楼,,宫室类,待定,仅诗学含英收录，手工词典未收录该词,,器物人事,卷二,neutral
江楼晴望,,游眺类,待定,仅诗学含英收录，手工词典未收录该词,,自然地理,卷三,positive
江色,时空行为,,待定,仅手工词典命中，诗学含英未收录该词,时空行为,,,
江行,,游眺类,待定,仅诗学含英收录，手工词典未收录该词,,自然地理,卷三,neutral
池,,地舆类,待定,仅诗学含英收录，手工词典未收录该词,,自然地理,卷一,neutral
汤婆,,器用类上,待定,仅诗学含英收录，手工词典未收录该词,,器物人事,卷三,neutral
沙场,山水地理,,待定,仅手工词典命中，诗学含英未收录该词,自然地理,,,
沧海,山水地理,,待定,仅手工词典命中，诗学含英未收录该词,自然地理,,,
河汉,,天文类,待定,仅诗学含英收录，手工词典未收录该词,,自然时空,卷一,neutral
泉声,,地舆类,待定,仅诗学含英收录，手工词典未收录该词,,自然地理,卷一,neutral
泛湖,,地舆类,待定,仅诗学含英收录，手工词典未收录该词,,自然地理,卷一,neutral
波,山水地理,,待定,仅手工词典命中，诗学含英未收录该词,自然地理,,,
泪,情感抽象,,待定,仅手工词典命中，诗学含英未收录该词,情志评价,,,
泰山,,地舆类,待定,仅诗学含英收录，手工词典未收录该词,,自然地理,卷一,neutral
洗砚,,器用类上,待定,仅诗学含英收录，手工词典未收录该词,,器物人事,卷三,neutral
洞庭,山水地理,,待定,仅手工词典命中，诗学含英未收录该词,自然地理,,,
洞箫,器物人文,,待定,仅手工词典命中，诗学含英未收录该词,器物人事,,,
津,山水地理,,待定,仅手工词典命中，诗学含英未收录该词,自然地理,,,
洲,山水地理,,待定,仅手工词典命中，诗学含英未收录该词,自然地理,,,
流,山水地理,,待定,仅手工词典命中，诗学含英未收录该词,自然地理,,,
流杯,,器用类上,待定,仅诗学含英收录，手工词典未收录该词,,器物人事,卷三,neutral
浦,,地舆类,待定,仅诗学含英收录，手工词典未收录该词,,自然地理,卷一,neutral
浪,山水地理,,待定,仅手工词典命中，诗学含英未收录该词,自然地理,,,
浮云,天象时令,,待定,仅手工词典命中，诗学含英未收录该词,自然时空,,,
海棠,植物花卉,,待定,仅手工词典命中，诗学含英未收录该词,植物生物,,,
海棠花,,百花类,待定,仅诗学含英收录，手工词典未收录该词,,植物生物,卷四,neutral
海角,山水地理,,待定,仅手工词典命中，诗学含英未收录该词,自然地理,,,
涛,山水地理,,待定,仅手工词典命中，诗学含英未收录该词,自然地理,,,
淮河,山水地理,,待定,仅手工词典命中，诗学含英未收录该词,自然地理,,,
清吏司,,百官类,待定,仅诗学含英收录，手工词典未收录该词,,人物人伦,卷二,neutral
清晨,天象时令,,待定,仅手工词典命中，诗学含英未收录该词,自然时空,,,
清香,植物花卉,,待定,仅手工词典命中，诗学含英未收录该词,植物生物,,,
清高,情感抽象,,待定,仅手工词典命中，诗学含英未收录该词,情志评价,,,
渊,山水地理,,待定,仅手工词典命中，诗学含英未收录该词,自然地理,,,
渔家,,宫室类,待定,仅诗学含英收录，手工词典未收录该词,,器物人事,卷二,neutral
渔灯,,器用类下,待定,仅诗学含英收录，手工词典未收录该词,,器物人事,卷三,neutral
渔矶,,地舆类,待定,仅诗学含英收录，手工词典未收录该词,,自然地理,卷一,neutral
渔笛,,音乐类,待定,仅诗学含英收录，手工词典未收录该词,,器物人事,卷三,neutral
渔网,,器用类上,待定,仅诗学含英收录，手工词典未收录该词,,器物人事,卷三,neutral
渔翁,人物意象,,待定,仅手工词典命中，诗学含英未收录该词,人物人伦,,,
渔鼓,,音乐类,待定,仅诗学含英收录，手工词典未收录该词,,器物人事,卷三,neutral
渚,山水地理,,待定,仅手工词典命中，诗学含英未收录该词,自然地理,,,
渡口,,地舆类,待定,仅诗学含英收录，手工词典未收录该词,,自然地理,卷一,neutral
温泉,,地舆类,待定,仅诗学含英收录，手工词典未收录该词,,自然地理,卷一,neutral
渭城,山水地理,,待定,仅手工词典命中，诗学含英未收录该词,自然地理,,,
渭水,山水地理,,待定,仅手工词典命中，诗学含英未收录该词,自然地理,,,
游子,人物意象,,待定,仅手工词典命中，诗学含英未收录该词,人物人伦,,,
游山,,地舆类,待定,仅诗学含英收录，手工词典未收录该词,,自然地理,卷一,neutral
游春,,时令类,待定,仅诗学含英收录，手工词典未收录该词,,自然时空,卷一,positive
溪居,,宫室类,待定,仅诗学含英收录，手工词典未收录该词,,器物人事,卷二,neutral
滑稽,,志气类,待定,仅诗学含英收录，手工词典未收录该词,,情志评价,卷二,neutral
滩,山水地理,,待定,仅手工词典命中，诗学含英未收录该词,自然地理,,,
滴滴金,植物花卉,,待定,仅手工词典命中，诗学含英未收录该词,植物生物,,,
潇湘,山水地理,,待定,仅手工词典命中，诗学含英未收录该词,自然地理,,,
潭,山水地理,,待定,仅手工词典命中，诗学含英未收录该词,自然地理,,,
瀑布泉,,地舆类,待定,仅诗学含英收录，手工词典未收录该词,,自然地理,卷一,neutral
火,,器用类上,待定,仅诗学含英收录，手工词典未收录该词,,器物人事,卷三,neutral
灯檠,,器用类下,待定,仅诗学含英收录，手工词典未收录该词,,器物人事,卷三,neutral
灯笼,,器用类下,待定,仅诗学含英收录，手工词典未收录该词,,器物人事,卷三,neutral
灯花,,器用类下,待定,仅诗学含英收录，手工词典未收录该词,,器物人事,卷三,neutral
灯蛾,,昆虫类,待定,仅诗学含英收录，手工词典未收录该词,,动物生物,卷四,neutral
灰,,器用类上,待定,仅诗学含英收录，手工词典未收录该词,,器物人事,卷三,neutral
炉,器物人文,,待定,仅手工词典命中，诗学含英未收录该词,器物人事,,,
烈,情感抽象,,待定,仅手工词典命中，诗学含英未收录该词,情志评价,,,
烈女,,丽人类,待定,仅诗学含英收录，手工词典未收录该词,,人物人伦,卷二,neutral
烟云,天象时令,,待定,仅手工词典命中，诗学含英未收录该词,自然时空,,,
烟柳,植物花卉,,待定,仅手工词典命中，诗学含英未收录该词,植物生物,,,
烟雨,天象时令,,待定,仅手工词典命中，诗学含英未收录该词,自然时空,,,
烟霞,天象时令,,待定,仅手工词典命中，诗学含英未收录该词,自然时空,,,
热,天象时令,,待定,仅手工词典命中，诗学含英未收录该词,自然时空,,,
熊罴,,走兽类,待定,仅诗学含英收录，手工词典未收录该词,,动物生物,卷四,neutral
爵禄,,君道类,待定,仅诗学含英收录，手工词典未收录该词,,人物人伦,卷二,neutral
父子,,人伦类,待定,仅诗学含英收录，手工词典未收录该词,,人物人伦,卷二,neutral
牧童,,人品类,待定,仅诗学含英收录，手工词典未收录该词,,情志评价,卷二,neutral
牧笛,,音乐类,待定,仅诗学含英收录，手工词典未收录该词,,器物人事,卷三,neutral
牵牛花,植物花卉,,待定,仅手工词典命中，诗学含英未收录该词,植物生物,,,
犀,,走兽类,待定,仅诗学含英收录，手工词典未收录该词,,动物生物,卷四,neutral
犂锄,,器用类上,待定,仅诗学含英收录，手工词典未收录该词,,器物人事,卷三,neutral
犬,,走兽类,待定,仅诗学含英收录，手工词典未收录该词,,动物生物,卷四,neutral
状元,,仕进类,待定,仅诗学含英收录，手工词典未收录该词,,人物人伦,卷二,neutral
狂风,,天文类,待定,仅诗学含英收录，手工词典未收录该词,,自然时空,卷一,neutral
狐,,走兽类,待定,仅诗学含英收录，手工词典未收录该词,,动物生物,卷四,neutral
独坐,,人事类,待定,仅诗学含英收录，手工词典未收录该词,,情志评价,卷二,neutral
独酌,,人事类,待定,仅诗学含英收录，手工词典未收录该词,,情志评价,卷二,neutral
狮子,,走兽类,待定,仅诗学含英收录，手工词典未收录该词,,动物生物,卷四,neutral
猎者,,人品类,待定,仅诗学含英收录，手工词典未收录该词,,情志评价,卷二,neutral
猫,,走兽类,待定,仅诗学含英收录，手工词典未收录该词,,动物生物,卷四,neutral
猿,动物禽鸟,,待定,仅手工词典命中，诗学含英未收录该词,动物生物,,,
猿猴,,走兽类,待定,仅诗学含英收录，手工词典未收录该词,,动物生物,卷四,neutral
玉兰,植物花卉,,待定,仅手工词典命中，诗学含英未收录该词,植物生物,,,
玉楼,器物人文,,待定,仅手工词典命中，诗学含英未收录该词,器物人事,,,
玉樽,器物人文,,待定,仅手工词典命中，诗学含英未收录该词,器物人事,,,
玉笛,器物人文,,待定,仅手工词典命中，诗学含英未收录该词,器物人事,,,
玉门,山水地理,,待定,仅手工词典命中，诗学含英未收录该词,自然地理,,,
玉门关,山水地理,,待定,仅手工词典命中，诗学含英未收录该词,自然地理,,,
玫瑰,植物花卉,,待定,仅手工词典命中，诗学含英未收录该词,植物生物,,,
珍珠花,,百花类,待定,仅诗学含英收录，手工词典未收录该词,,植物生物,卷四,neutral
琴台,,宫室类,待定,仅诗学含英收录，手工词典未收录该词,,器物人事,卷二,neutral
琼花,植物花卉,,待定,仅手工词典命中，诗学含英未收录该词,植物生物,,,
瑞香,植物花卉,,待定,仅手工词典命中，诗学含英未收录该词,植物生物,,,
瑞香花,,百花类,待定,仅诗学含英收录，手工词典未收录该词,,植物生物,卷四,positive
瑶池,器物人文,,待定,仅手工词典命中，诗学含英未收录该词,器物人事,,,
瓜,,百果类,待定,仅诗学含英收录，手工词典未收录该词,,植物生物,卷四,neutral
瓢,,器用类上,待定,仅诗学含英收录，手工词典未收录该词,,器物人事,卷三,neutral
甘菊,植物花卉,,待定,仅手工词典命中，诗学含英未收录该词,植物生物,,,
甘蔗,,百果类,待定,仅诗学含英收录，手工词典未收录该词,,植物生物,卷四,neutral
甘露,,天文类,待定,仅诗学含英收录，手工词典未收录该词,,自然时空,卷一,neutral
田家,,宫室类,待定,仅诗学含英收录，手工词典未收录该词,,器物人事,卷二,neutral
甲胄,,器用类上,待定,仅诗学含英收录，手工词典未收录该词,,器物人事,卷三,neutral
画,,书画类,待定,仅诗学含英收录，手工词典未收录该词,,器物人事,卷三,neutral
画卢鴈,,书画类,待定,仅诗学含英收录，手工词典未收录该词,,器物人事,卷三,neutral
画寝,,人事类,待定,仅诗学含英收录，手工词典未收录该词,,情志评价,卷二,neutral
画山,,书画类,待定,仅诗学含英收录，手工词典未收录该词,,器物人事,卷三,neutral
画山水,,书画类,待定,仅诗学含英收录，手工词典未收录该词,,器物人事,卷三,neutral
画松,,书画类,待定,仅诗学含英收录，手工词典未收录该词,,器物人事,卷三,neutral
画梅,,书画类,待定,仅诗学含英收录，手工词典未收录该词,,器物人事,卷三,neutral
画水,,书画类,待定,仅诗学含英收录，手工词典未收录该词,,器物人事,卷三,neutral
画竹,,书画类,待定,仅诗学含英收录，手工词典未收录该词,,器物人事,卷三,neutral
画花,,书画类,待定,仅诗学含英收录，手工词典未收录该词,,器物人事,卷三,neutral
画草虫,,书画类,待定,仅诗学含英收录，手工词典未收录该词,,器物人事,卷三,neutral
画虎,,书画类,待定,仅诗学含英收录，手工词典未收录该词,,器物人事,卷三,neutral
画阁,器物人文,,待定,仅手工词典命中，诗学含英未收录该词,器物人事,,,
画马,,书画类,待定,仅诗学含英收录，手工词典未收录该词,,器物人事,卷三,neutral
画鱼,,书画类,待定,仅诗学含英收录，手工词典未收录该词,,器物人事,卷三,neutral
画鹤,,书画类,待定,仅诗学含英收录，手工词典未收录该词,,器物人事,卷三,neutral
画鹰,,书画类,待定,仅诗学含英收录，手工词典未收录该词,,器物人事,卷三,neutral
画龙,,书画类,待定,仅诗学含英收录，手工词典未收录该词,,器物人事,卷三,neutral
界方,,器用类上,待定,仅诗学含英收录，手工词典未收录该词,,器物人事,卷三,neutral
疏影,植物花卉,,待定,仅手工词典命中，诗学含英未收录该词,植物生物,,,
病起,,人事类,待定,仅诗学含英收录，手工词典未收录该词,,情志评价,卷二,negative
病马,,走兽类,待定,仅诗学含英收录，手工词典未收录该词,,动物生物,卷四,negative
病鹤,,飞禽类,待定,仅诗学含英收录，手工词典未收录该词,,动物生物,卷四,negative
登科,,仕进类,待定,仅诗学含英收录，手工词典未收录该词,,人物人伦,卷二,neutral
登第,,仕进类,待定,仅诗学含英收录，手工词典未收录该词,,人物人伦,卷二,neutral
登高,器物人文,,待定,仅手工词典命中，诗学含英未收录该词,器物人事,,,
白云,天象时令,,待定,仅手工词典命中，诗学含英未收录该词,自然时空,,,
白发,时空行为,,待定,仅手工词典命中，诗学含英未收录该词,时空行为,,,
白日,天象时令,,待定,仅手工词典命中，诗学含英未收录该词,自然时空,,,
白牡丹,,百花类,待定,仅诗学含英收录，手工词典未收录该词,,植物生物,卷四,neutral
白莲花,,百花类,待定,仅诗学含英收录，手工词典未收录该词,,植物生物,卷四,neutral
白菊,,百花类,待定,仅诗学含英收录，手工词典未收录该词,,植物生物,卷四,neutral
白雪,天象时令,,待定,仅手工词典命中，诗学含英未收录该词,自然时空,,,
白霜,天象时令,,待定,仅手工词典命中，诗学含英未收录该词,自然时空,,,
白露,天象时令,,待定,仅手工词典命中，诗学含英未收录该词,自然时空,,,
白鸡,,飞禽类,待定,仅诗学含英收录，手工词典未收录该词,,动物生物,卷四,neutral
白鹆,,飞禽类,待定,仅诗学含英收录，手工词典未收录该词,,动物生物,卷四,neutral
百戏,,人事类,待定,仅诗学含英收录，手工词典未收录该词,,情志评价,卷二,neutral
百舌,,飞禽类,待定,仅诗学含英收录，手工词典未收录该词,,动物生物,卷四,neutral
百里,时空行为,,待定,仅手工词典命中，诗学含英未收录该词,时空行为,,,
盆池,,地舆类,待定,仅诗学含英收录，手工词典未收录该词,,自然地理,卷一,neutral
盐运司,,百官类,待定,仅诗学含英收录，手工词典未收录该词,,人物人伦,卷二,neutral
盖,,器用类上,待定,仅诗学含英收录，手工词典未收录该词,,器物人事,卷三,neutral
相思,情感抽象,,待定,仅手工词典命中，诗学含英未收录该词,情志评价,,,
相者,,人品类,待定,仅诗学含英收录，手工词典未收录该词,,情志评价,卷二,neutral
睡起,,人事类,待定,仅诗学含英收录，手工词典未收录该词,,情志评价,卷二,neutral
督抚,,百官类,待定,仅诗学含英收录，手工词典未收录该词,,人物人伦,卷二,neutral
知几,,志气类,待定,仅诗学含英收录，手工词典未收录该词,,情志评价,卷二,neutral
知音,,志气类,待定,仅诗学含英收录，手工词典未收录该词,,情志评价,卷二,neutral
短亭,山水地理,,待定,仅手工词典命中，诗学含英未收录该词,自然地理,,,
短笛,器物人文,,待定,仅手工词典命中，诗学含英未收录该词,器物人事,,,
矮松,,树木类,待定,仅诗学含英收录，手工词典未收录该词,,植物生物,卷四,neutral
石枕,,器用类上,待定,仅诗学含英收录，手工词典未收录该词,,器物人事,卷三,neutral
石桥,,地舆类,待定,仅诗学含英收录，手工词典未收录该词,,自然地理,卷一,neutral
石棋盘,,器用类上,待定,仅诗学含英收录，手工词典未收录该词,,器物人事,卷三,neutral
石榴,,百果类,待定,仅诗学含英收录，手工词典未收录该词,,植物生物,卷四,neutral
石洞,,地舆类,待定,仅诗学含英收录，手工词典未收录该词,,自然地理,卷一,neutral
石竹,植物花卉,,待定,仅手工词典命中，诗学含英未收录该词,植物生物,,,
石竹花,,百花类,待定,仅诗学含英收录，手工词典未收录该词,,植物生物,卷四,neutral
石菖蒲,,百草类,待定,仅诗学含英收录，手工词典未收录该词,,植物生物,卷三,neutral
石鼎,,器用类上,待定,仅诗学含英收录，手工词典未收录该词,,器物人事,卷三,neutral
砚屏,,器用类上,待定,仅诗学含英收录，手工词典未收录该词,,器物人事,卷三,neutral
砧杵尺,,器用类上,待定,仅诗学含英收录，手工词典未收录该词,,器物人事,卷三,neutral
碑碣,,宫室类,待定,仅诗学含英收录，手工词典未收录该词,,器物人事,卷二,neutral
碧水,山水地理,,待定,仅手工词典命中，诗学含英未收录该词,自然地理,,,
碧波,山水地理,,待定,仅手工词典命中，诗学含英未收录该词,自然地理,,,
碾,,器用类上,待定,仅诗学含英收录，手工词典未收录该词,,器物人事,卷三,neutral
磨镜,,器用类上,待定,仅诗学含英收录，手工词典未收录该词,,器物人事,卷三,neutral
磬,,音乐类,待定,仅诗学含英收录，手工词典未收录该词,,器物人事,卷三,neutral
礼部尚书,,百官类,待定,仅诗学含英收录，手工词典未收录该词,,人物人伦,卷二,neutral
社曰,,节序类,待定,仅诗学含英收录，手工词典未收录该词,,自然时空,卷一,neutral
祈晴,,天文类,待定,仅诗学含英收录，手工词典未收录该词,,自然时空,卷一,positive
祈雨,,天文类,待定,仅诗学含英收录，手工词典未收录该词,,自然时空,卷一,neutral
祖孙,,人伦类,待定,仅诗学含英收录，手工词典未收录该词,,人物人伦,卷二,neutral
祝寿,,庆吊类,待定,仅诗学含英收录，手工词典未收录该词,,情志评价,卷三,positive
神仙,,释老类,待定,仅诗学含英收录，手工词典未收录该词,,情志评价,卷二,neutral
神童,,人品类,待定,仅诗学含英收录，手工词典未收录该词,,情志评价,卷二,neutral
神鬼,,释老类,待定,仅诗学含英收录，手工词典未收录该词,,情志评价,卷二,neutral
祥云,,天文类,待定,仅诗学含英收录，手工词典未收录该词,,自然时空,卷一,positive
禅僧,,释老类,待定,仅诗学含英收录，手工词典未收录该词,,情志评价,卷二,neutral
禅庵,,宫室类,待定,仅诗学含英收录，手工词典未收录该词,,器物人事,卷二,neutral
离愁,情感抽象,,待定,仅手工词典命中，诗学含英未收录该词,情志评价,,,
禽,动物禽鸟,,待定,仅手工词典命中，诗学含英未收录该词,动物生物,,,
禾稼,,百谷类,待定,仅诗学含英收录，手工词典未收录该词,,植物生物,卷四,neutral
秋兰,植物花卉,,待定,仅手工词典命中，诗学含英未收录该词,植物生物,,,
秋兴,,时令类,待定,仅诗学含英收录，手工词典未收录该词,,自然时空,卷一,neutral
秋凉,,时令类,待定,仅诗学含英收录，手工词典未收录该词,,自然时空,卷一,neutral
秋千,,人事类,待定,仅诗学含英收录，手工词典未收录该词,,情志评价,卷二,neutral
秋声,,时令类,待定,仅诗学含英收录，手工词典未收录该词,,自然时空,卷一,neutral
秋夜,,时令类,待定,仅诗学含英收录，手工词典未收录该词,,自然时空,卷一,neutral
秋扇,,器用类上,待定,仅诗学含英收录，手工词典未收录该词,,器物人事,卷三,neutral
秋日书怀,,时令类,待定,仅诗学含英收录，手工词典未收录该词,,自然时空,卷一,neutral
秋日即事,,时令类,待定,仅诗学含英收录，手工词典未收录该词,,自然时空,卷一,neutral
秋晴,,天文类,待定,仅诗学含英收录，手工词典未收录该词,,自然时空,卷一,positive
秋暮,,时令类,待定,仅诗学含英收录，手工词典未收录该词,,自然时空,卷一,neutral
秋曰,,天文类,待定,仅诗学含英收录，手工词典未收录该词,,自然时空,卷一,neutral
秋曰牡丹,,百花类,待定,仅诗学含英收录，手工词典未收录该词,,植物生物,卷四,neutral
秋月,天象时令,,待定,仅手工词典命中，诗学含英未收录该词,自然时空,,,
秋望,,游眺类,待定,仅诗学含英收录，手工词典未收录该词,,自然地理,卷三,neutral
秋水,,地舆类,待定,仅诗学含英收录，手工词典未收录该词,,自然地理,卷一,neutral
秋江,山水地理,,待定,仅手工词典命中，诗学含英未收录该词,自然地理,,,
秋海棠,植物花卉,,待定,仅手工词典命中，诗学含英未收录该词,植物生物,,,
秋莲,,百花类,待定,仅诗学含英收录，手工词典未收录该词,,植物生物,卷四,neutral
秋葵,植物花卉,,待定,仅手工词典命中，诗学含英未收录该词,植物生物,,,
秋迳,,地舆类,待定,仅诗学含英收录，手工词典未收录该词,,自然地理,卷一,neutral
秋郊,,地舆类,待定,仅诗学含英收录，手工词典未收录该词,,自然地理,卷一,neutral
秋阴,,时令类,待定,仅诗学含英收录，手工词典未收录该词,,自然时空,卷一,neutral
秋霜,天象时令,,待定,仅手工词典命中，诗学含英未收录该词,自然时空,,,
积雪,天象时令,,待定,仅手工词典命中，诗学含英未收录该词,自然时空,,,
称誉,,志气类,待定,仅诗学含英收录，手工词典未收录该词,,情志评价,卷二,neutral
移竹,,竹木类,待定,仅诗学含英收录，手工词典未收录该词,,植物生物,卷四,neutral
稻,,百谷类,待定,仅诗学含英收录，手工词典未收录该词,,植物生物,卷四,neutral
稽勲,,百官类,待定,仅诗学含英收录，手工词典未收录该词,,人物人伦,卷二,neutral
空,山水地理,,待定,仅手工词典命中，诗学含英未收录该词,自然地理,,,
空山,山水地理,,待定,仅手工词典命中，诗学含英未收录该词,自然地理,,,
立冬,,节序类,待定,仅诗学含英收录，手工词典未收录该词,,自然时空,卷一,neutral
立夏,,节序类,待定,仅诗学含英收录，手工词典未收录该词,,自然时空,卷一,neutral
立春,,节序类,待定,仅诗学含英收录，手工词典未收录该词,,自然时空,卷一,positive
立秋,,节序类,待定,仅诗学含英收录，手工词典未收录该词,,自然时空,卷一,neutral
端午,,节序类,待定,仅诗学含英收录，手工词典未收录该词,,自然时空,卷一,neutral
竹亭,,宫室类,待定,仅诗学含英收录，手工词典未收录该词,,器物人事,卷二,neutral
竹几,,器用类上,待定,仅诗学含英收录，手工词典未收录该词,,器物人事,卷三,neutral
竹溪,,地舆类,待定,仅诗学含英收录，手工词典未收录该词,,自然地理,卷一,neutral
竹轩,,宫室类,待定,仅诗学含英收录，手工词典未收录该词,,器物人事,卷二,neutral
竹迳,,地舆类,待定,仅诗学含英收录，手工词典未收录该词,,自然地理,卷一,neutral
竹里泉,,地舆类,待定,仅诗学含英收录，手工词典未收录该词,,自然地理,卷一,neutral
竹风,,天文类,待定,仅诗学含英收录，手工词典未收录该词,,自然时空,卷一,neutral
笋,,竹木类,待定,仅诗学含英收录，手工词典未收录该词,,植物生物,卷四,neutral
笏,,器用类上,待定,仅诗学含英收录，手工词典未收录该词,,器物人事,卷三,neutral
笔架,,器用类上,待定,仅诗学含英收录，手工词典未收录该词,,器物人事,卷三,neutral
第宅,,宫室类,待定,仅诗学含英收录，手工词典未收录该词,,器物人事,卷二,neutral
笳,,音乐类,待定,仅诗学含英收录，手工词典未收录该词,,器物人事,卷三,neutral
笼中鸟,,飞禽类,待定,仅诗学含英收录，手工词典未收录该词,,动物生物,卷四,neutral
筇竹,,竹木类,待定,仅诗学含英收录，手工词典未收录该词,,植物生物,卷四,neutral
筚篥,,音乐类,待定,仅诗学含英收录，手工词典未收录该词,,器物人事,卷三,neutral
箜篌,,音乐类,待定,仅诗学含英收录，手工词典未收录该词,,器物人事,卷三,neutral
箪,,器用类上,待定,仅诗学含英收录，手工词典未收录该词,,器物人事,卷三,neutral
箭,,器用类上,待定,仅诗学含英收录，手工词典未收录该词,,器物人事,卷三,neutral
篆书,,书画类,待定,仅诗学含英收录，手工词典未收录该词,,器物人事,卷三,neutral
篛笠,,器用类上,待定,仅诗学含英收录，手工词典未收录该词,,器物人事,卷三,neutral
粉蝶,动物禽鸟,,待定,仅手工词典命中，诗学含英未收录该词,动物生物,,,
粮道,,百官类,待定,仅诗学含英收录，手工词典未收录该词,,人物人伦,卷二,neutral
素馨,植物花卉,,待定,仅手工词典命中，诗学含英未收录该词,植物生物,,,
紫竹,,竹木类,待定,仅诗学含英收录，手工词典未收录该词,,植物生物,卷四,neutral
紫荆,植物花卉,,待定,仅手工词典命中，诗学含英未收录该词,植物生物,,,
紫薇,植物花卉,,待定,仅手工词典命中，诗学含英未收录该词,植物生物,,,
紫薇花,,百花类,待定,仅诗学含英收录，手工词典未收录该词,,植物生物,卷四,neutral
繁花,植物花卉,,待定,仅手工词典命中，诗学含英未收录该词,植物生物,,,
红叶,植物花卉,,待定,仅手工词典命中，诗学含英未收录该词,植物生物,,,
红树,,竹木类,待定,仅诗学含英收录，手工词典未收录该词,,植物生物,卷四,neutral
红葵,,百花类,待定,仅诗学含英收录，手工词典未收录该词,,植物生物,卷四,neutral
红颜,人物意象,,待定,仅手工词典命中，诗学含英未收录该词,人物人伦,,,
纸,,器用类上,待定,仅诗学含英收录，手工词典未收录该词,,器物人事,卷三,neutral
纸帐,,服饰类,待定,仅诗学含英收录，手工词典未收录该词,,器物人事,卷三,neutral
纸被,,服饰类,待定,仅诗学含英收录，手工词典未收录该词,,器物人事,卷三,neutral
细雨,天象时令,,待定,仅手工词典命中，诗学含英未收录该词,自然时空,,,
织妇,,丽人类,待定,仅诗学含英收录，手工词典未收录该词,,人物人伦,卷二,neutral
经籍,,文学类,待定,仅诗学含英收录，手工词典未收录该词,,情志评价,卷二,neutral
络纬,,昆虫类,待定,仅诗学含英收录，手工词典未收录该词,,动物生物,卷四,neutral
绣球,植物花卉,,待定,仅手工词典命中，诗学含英未收录该词,植物生物,,,
绣球花,植物花卉,,待定,仅手工词典命中，诗学含英未收录该词,植物生物,,,
绿竹,植物花卉,,待定,仅手工词典命中，诗学含英未收录该词,植物生物,,,
绿草,植物花卉,,待定,仅手工词典命中，诗学含英未收录该词,植物生物,,,
绿萼梅,,百花类,待定,仅诗学含英收录，手工词典未收录该词,,植物生物,卷四,neutral
罂粟,植物花卉,,待定,仅手工词典命中，诗学含英未收录该词,植物生物,,,
罗浮山,,地舆类,待定,仅诗学含英收录，手工词典未收录该词,,自然地理,卷一,neutral
羁旅,人物意象,,待定,仅手工词典命中，诗学含英未收录该词,人物人伦,,,
羌笙,器物人文,,待定,仅手工词典命中，诗学含英未收录该词,器物人事,,,
羌笛,器物人文,,待定,仅手工词典命中，诗学含英未收录该词,器物人事,,,
翁,人物意象,,待定,仅手工词典命中，诗学含英未收录该词,人物人伦,,,
翠竹,植物花卉,,待定,仅手工词典命中，诗学含英未收录该词,植物生物,,,
翡翠,,飞禽类,待定,仅诗学含英收录，手工词典未收录该词,,动物生物,卷四,neutral
翰林,,百官类,待定,仅诗学含英收录，手工词典未收录该词,,人物人伦,卷二,neutral
老人星,,天文类,待定,仅诗学含英收录，手工词典未收录该词,,自然时空,卷一,neutral
老将,,人品类,待定,仅诗学含英收录，手工词典未收录该词,,情志评价,卷二,neutral
老渔翁,人物意象,,待定,仅手工词典命中，诗学含英未收录该词,人物人伦,,,
老牛,,走兽类,待定,仅诗学含英收录，手工词典未收录该词,,动物生物,卷四,neutral
老臣,,人品类,待定,仅诗学含英收录，手工词典未收录该词,,情志评价,卷二,neutral
老马,,走兽类,待定,仅诗学含英收录，手工词典未收录该词,,动物生物,卷四,neutral
考功司,,百官类,待定,仅诗学含英收录，手工词典未收录该词,,人物人伦,卷二,neutral
聪慧,,志气类,待定,仅诗学含英收录，手工词典未收录该词,,情志评价,卷二,neutral
肴馔,,饮食类,待定,仅诗学含英收录，手工词典未收录该词,,器物人事,卷三,neutral
胡床,,器用类上,待定,仅诗学含英收录，手工词典未收录该词,,器物人事,卷三,neutral
胡桃,,百果类,待定,仅诗学含英收录，手工词典未收录该词,,植物生物,卷四,neutral
能吏,,臣道类,待定,仅诗学含英收录，手工词典未收录该词,,人物人伦,卷二,neutral
致仕,,仕进类,待定,仅诗学含英收录，手工词典未收录该词,,人物人伦,卷二,neutral
舅甥,,人伦类,待定,仅诗学含英收录，手工词典未收录该词,,人物人伦,卷二,neutral
舞妓,,丽人类,待定,仅诗学含英收录，手工词典未收录该词,,人物人伦,卷二,neutral
舞鹤,,飞禽类,待定,仅诗学含英收录，手工词典未收录该词,,动物生物,卷四,neutral
芋,,蔬菜类,待定,仅诗学含英收录，手工词典未收录该词,,植物生物,卷四,neutral
芙蓉,植物花卉,,待定,仅手工词典命中，诗学含英未收录该词,植物生物,,,
芙蓉花,,百花类,待定,仅诗学含英收录，手工词典未收录该词,,植物生物,卷四,neutral
芝,,百草类,待定,仅诗学含英收录，手工词典未收录该词,,植物生物,卷三,neutral
芬,植物花卉,,待定,仅手工词典命中，诗学含英未收录该词,植物生物,,,
芭蕉扇,,器用类上,待定,仅诗学含英收录，手工词典未收录该词,,器物人事,卷三,neutral
花开,植物花卉,,待定,仅手工词典命中，诗学含英未收录该词,植物生物,,,
花落,植物花卉,,待定,仅手工词典命中，诗学含英未收录该词,植物生物,,,
花谢,植物花卉,,待定,仅手工词典命中，诗学含英未收录该词,植物生物,,,
花阴,,百花类,待定,仅诗学含英收录，手工词典未收录该词,,植物生物,卷四,neutral
芳,植物花卉,,待定,仅手工词典命中，诗学含英未收录该词,植物生物,,,
芳柳,植物花卉,,待定,仅手工词典命中，诗学含英未收录该词,植物生物,,,
芹,,蔬菜类,待定,仅诗学含英收录，手工词典未收录该词,,植物生物,卷四,neutral
苏迳,,地舆类,待定,仅诗学含英收录，手工词典未收录该词,,自然地理,卷一,neutral
苔,,百草类,待定,仅诗学含英收录，手工词典未收录该词,,植物生物,卷三,neutral
苦,情感抽象,,待定,仅手工词典命中，诗学含英未收录该词,情志评价,,,
苦寒,,时令类,待定,仅诗学含英收录，手工词典未收录该词,,自然时空,卷一,negative
苦愁,情感抽象,,待定,仅手工词典命中，诗学含英未收录该词,情志评价,,,
苦热,,时令类,待定,仅诗学含英收录，手工词典未收录该词,,自然时空,卷一,negative
苦雨,天象时令,,待定,仅手工词典命中，诗学含英未收录该词,自然时空,,,
茅屋,器物人文,,待定,仅手工词典命中，诗学含英未收录该词,器物人事,,,
茅斋,,宫室类,待定,仅诗学含英收录，手工词典未收录该词,,器物人事,卷二,neutral
茉莉,植物花卉,,待定,仅手工词典命中，诗学含英未收录该词,植物生物,,,
茱萸,,百果类,待定,仅诗学含英收录，手工词典未收录该词,,植物生物,卷四,neutral
茶,,饮食类,待定,仅诗学含英收录，手工词典未收录该词,,器物人事,卷三,neutral
草书,,书画类,待定,仅诗学含英收录，手工词典未收录该词,,器物人事,卷三,neutral
草堂,器物人文,,待定,仅手工词典命中，诗学含英未收录该词,器物人事,,,
荐举,,仕进类,待定,仅诗学含英收录，手工词典未收录该词,,人物人伦,卷二,neutral
荔枝,,百果类,待定,仅诗学含英收录，手工词典未收录该词,,植物生物,卷四,neutral
荞麦,,百谷类,待定,仅诗学含英收录，手工词典未收录该词,,植物生物,卷四,neutral
药园,,地舆类,待定,仅诗学含英收录，手工词典未收录该词,,自然地理,卷一,neutral
荷叶,,百花类,待定,仅诗学含英收录，手工词典未收录该词,,植物生物,卷四,neutral
荷花,植物花卉,,待定,仅手工词典命中，诗学含英未收录该词,植物生物,,,
莲,植物花卉,,待定,仅手工词典命中，诗学含英未收录该词,植物生物,,,
莲塘,,地舆类,待定,仅诗学含英收录，手工词典未收录该词,,自然地理,卷一,neutral
莲子,,百果类,待定,仅诗学含英收录，手工词典未收录该词,,植物生物,卷四,neutral
莼,,蔬菜类,待定,仅诗学含英收录，手工词典未收录该词,,植物生物,卷四,neutral
菊花,植物花卉,,待定,仅手工词典命中，诗学含英未收录该词,植物生物,,,
菘,,蔬菜类,待定,仅诗学含英收录，手工词典未收录该词,,植物生物,卷四,neutral
菜花,植物花卉,,待定,仅手工词典命中，诗学含英未收录该词,植物生物,,,
菱角,,百果类,待定,仅诗学含英收录，手工词典未收录该词,,植物生物,卷四,neutral
菽豆,,百谷类,待定,仅诗学含英收录，手工词典未收录该词,,植物生物,卷四,neutral
萋萋芳草,植物花卉,,待定,仅手工词典命中，诗学含英未收录该词,植物生物,,,
萍,,百草类,待定,仅诗学含英收录，手工词典未收录该词,,植物生物,卷三,neutral
萤火,动物禽鸟,,待定,仅手工词典命中，诗学含英未收录该词,动物生物,,,
萤虫,动物禽鸟,,待定,仅手工词典命中，诗学含英未收录该词,动物生物,,,
落日,天象时令,,待定,仅手工词典命中，诗学含英未收录该词,自然时空,,,
落梅,,百花类,待定,仅诗学含英收录，手工词典未收录该词,,植物生物,卷四,neutral
葡萄,,百果类,待定,仅诗学含英收录，手工词典未收录该词,,植物生物,卷四,neutral
葵,,蔬菜类,待定,仅诗学含英收录，手工词典未收录该词,,植物生物,卷四,neutral
蒲,,百草类,待定,仅诗学含英收录，手工词典未收录该词,,植物生物,卷三,neutral
蒲团,,器用类上,待定,仅诗学含英收录，手工词典未收录该词,,器物人事,卷三,neutral
蓬莱,器物人文,,待定,仅手工词典命中，诗学含英未收录该词,器物人事,,,
蔓,植物花卉,,待定,仅手工词典命中，诗学含英未收录该词,植物生物,,,
蔬,,蔬菜类,待定,仅诗学含英收录，手工词典未收录该词,,植物生物,卷四,neutral
蔬园,,地舆类,待定,仅诗学含英收录，手工词典未收录该词,,自然地理,卷一,neutral
蔷薇,植物花卉,,待定,仅手工词典命中，诗学含英未收录该词,植物生物,,,
蔷薇花,,百花类,待定,仅诗学含英收录，手工词典未收录该词,,植物生物,卷四,neutral
蕨,,蔬菜类,待定,仅诗学含英收录，手工词典未收录该词,,植物生物,卷四,neutral
薤,,蔬菜类,待定,仅诗学含英收录，手工词典未收录该词,,植物生物,卷四,neutral
藏阄,,人事类,待定,仅诗学含英收录，手工词典未收录该词,,情志评价,卷二,neutral
藕,,百果类,待定,仅诗学含英收录，手工词典未收录该词,,植物生物,卷四,neutral
藤,植物花卉,,待定,仅手工词典命中，诗学含英未收录该词,植物生物,,,
藤萝,,百草类,待定,仅诗学含英收录，手工词典未收录该词,,植物生物,卷三,neutral
蘋花,植物花卉,,待定,仅手工词典命中，诗学含英未收录该词,植物生物,,,
虎,,走兽类,待定,仅诗学含英收录，手工词典未收录该词,,动物生物,卷四,neutral
虞姬,人物意象,,待定,仅手工词典命中，诗学含英未收录该词,人物人伦,,,
虞美人,植物花卉,,待定,仅手工词典命中，诗学含英未收录该词,植物生物,,,
蚁,,昆虫类,待定,仅诗学含英收录，手工词典未收录该词,,动物生物,卷四,neutral
蚊,,昆虫类,待定,仅诗学含英收录，手工词典未收录该词,,动物生物,卷四,neutral
蚌,,鳞介类,待定,仅诗学含英收录，手工词典未收录该词,,动物生物,卷四,neutral
蚕,,昆虫类,待定,仅诗学含英收录，手工词典未收录该词,,动物生物,卷四,neutral
蚕妇,,丽人类,待定,仅诗学含英收录，手工词典未收录该词,,人物人伦,卷二,neutral
蚪,,器用类上,待定,仅诗学含英收录，手工词典未收录该词,,器物人事,卷三,neutral
蛇,,鳞介类,待定,仅诗学含英收录，手工词典未收录该词,,动物生物,卷四,neutral
蛙,,鳞介类,待定,仅诗学含英收录，手工词典未收录该词,,动物生物,卷四,neutral
蛟,,鳞介类,待定,仅诗学含英收录，手工词典未收录该词,,动物生物,卷四,neutral
蛤,,鳞介类,待定,仅诗学含英收录，手工词典未收录该词,,动物生物,卷四,neutral
蛤蜊,,鳞介类,待定,仅诗学含英收录，手工词典未收录该词,,动物生物,卷四,neutral
蛩,,昆虫类,待定,仅诗学含英收录，手工词典未收录该词,,动物生物,卷四,neutral
蛱蝶,动物禽鸟,,待定,仅手工词典命中，诗学含英未收录该词,动物生物,,,
蜀葵,植物花卉,,待定,仅手工词典命中，诗学含英未收录该词,植物生物,,,
蜘蛛,,昆虫类,待定,仅诗学含英收录，手工词典未收录该词,,动物生物,卷四,neutral
蜡梅,植物花卉,,待定,仅手工词典命中，诗学含英未收录该词,植物生物,,,
蜡腊,,节序类,待定,仅诗学含英收录，手工词典未收录该词,,自然时空,卷一,neutral
蜻蜓,,昆虫类,待定,仅诗学含英收录，手工词典未收录该词,,动物生物,卷四,neutral
蝇,,昆虫类,待定,仅诗学含英收录，手工词典未收录该词,,动物生物,卷四,neutral
蝴蝶,动物禽鸟,,待定,仅手工词典命中，诗学含英未收录该词,动物生物,,,
螳螂,,昆虫类,待定,仅诗学含英收录，手工词典未收录该词,,动物生物,卷四,neutral
螺,,鳞介类,待定,仅诗学含英收录，手工词典未收录该词,,动物生物,卷四,neutral
蟋蟀,,昆虫类,待定,仅诗学含英收录，手工词典未收录该词,,动物生物,卷四,neutral
蠏,,鳞介类,待定,仅诗学含英收录，手工词典未收录该词,,动物生物,卷四,neutral
行乐,,游眺类,待定,仅诗学含英收录，手工词典未收录该词,,自然地理,卷三,positive
行人,人物意象,,待定,仅手工词典命中，诗学含英未收录该词,人物人伦,,,
行人司,,百官类,待定,仅诗学含英收录，手工词典未收录该词,,人物人伦,卷二,neutral
行脚僧,,释老类,待定,仅诗学含英收录，手工词典未收录该词,,情志评价,卷二,neutral
衡山,,地舆类,待定,仅诗学含英收录，手工词典未收录该词,,自然地理,卷一,neutral
衣服,,服饰类,待定,仅诗学含英收录，手工词典未收录该词,,器物人事,卷三,neutral
衰柳,,树木类,待定,仅诗学含英收录，手工词典未收录该词,,植物生物,卷四,neutral
衰竹,,竹木类,待定,仅诗学含英收录，手工词典未收录该词,,植物生物,卷四,neutral
衰草,植物花卉,,待定,仅手工词典命中，诗学含英未收录该词,植物生物,,,
袍,,服饰类,待定,仅诗学含英收录，手工词典未收录该词,,器物人事,卷三,neutral
袜,,服饰类,待定,仅诗学含英收录，手工词典未收录该词,,器物人事,卷三,neutral
被,,服饰类,待定,仅诗学含英收录，手工词典未收录该词,,器物人事,卷三,neutral
裀褥,,服饰类,待定,仅诗学含英收录，手工词典未收录该词,,器物人事,卷三,neutral
裘,,服饰类,待定,仅诗学含英收录，手工词典未收录该词,,器物人事,卷三,neutral
裳,,服饰类,待定,仅诗学含英收录，手工词典未收录该词,,器物人事,卷三,neutral
西施,人物意象,,待定,仅手工词典命中，诗学含英未收录该词,人物人伦,,,
西楼,器物人文,,待定,仅手工词典命中，诗学含英未收录该词,器物人事,,,
西瓜,,百果类,待定,仅诗学含英收录，手工词典未收录该词,,植物生物,卷四,neutral
西风,天象时令,,待定,仅手工词典命中，诗学含英未收录该词,自然时空,,,
观,,宫室类,待定,仅诗学含英收录，手工词典未收录该词,,器物人事,卷二,neutral
观涨,,地舆类,待定,仅诗学含英收录，手工词典未收录该词,,自然地理,卷一,neutral
览友诗,,文学类,待定,仅诗学含英收录，手工词典未收录该词,,情志评价,卷二,neutral
角,,音乐类,待定,仅诗学含英收录，手工词典未收录该词,,器物人事,卷三,neutral
角觝,,人事类,待定,仅诗学含英收录，手工词典未收录该词,,情志评价,卷二,neutral
警戒,,志气类,待定,仅诗学含英收录，手工词典未收录该词,,情志评价,卷二,neutral
讲僧,,释老类,待定,仅诗学含英收录，手工词典未收录该词,,情志评价,卷二,neutral
访友,,师友类,待定,仅诗学含英收录，手工词典未收录该词,,人物人伦,卷二,neutral
访友不遇,,师友类,待定,仅诗学含英收录，手工词典未收录该词,,人物人伦,卷二,neutral
访道士不遇,,释老类,待定,仅诗学含英收录，手工词典未收录该词,,情志评价,卷二,neutral
识鉴,,志气类,待定,仅诗学含英收录，手工词典未收录该词,,情志评价,卷二,neutral
诏令,,君道类,待定,仅诗学含英收录，手工词典未收录该词,,人物人伦,卷二,neutral
试金石,,珍宝类,待定,仅诗学含英收录，手工词典未收录该词,,器物人事,卷三,neutral
诗,,文学类,待定,仅诗学含英收录，手工词典未收录该词,,情志评价,卷二,neutral
诗人,,人品类,待定,仅诗学含英收录，手工词典未收录该词,,情志评价,卷二,neutral
诗僧,,释老类,待定,仅诗学含英收录，手工词典未收录该词,,情志评价,卷二,neutral
诗僧不遇,,释老类,待定,仅诗学含英收录，手工词典未收录该词,,情志评价,卷二,neutral
读书,,文学类,待定,仅诗学含英收录，手工词典未收录该词,,情志评价,卷二,neutral
读书灯,,器用类下,待定,仅诗学含英收录，手工词典未收录该词,,器物人事,卷三,neutral
谏诤,,臣道类,待定,仅诗学含英收录，手工词典未收录该词,,人物人伦,卷二,neutral
谢人诗,,谢惠类,待定,仅诗学含英收录，手工词典未收录该词,,情志评价,卷三,neutral
谢惠墨,,谢惠类,待定,仅诗学含英收录，手工词典未收录该词,,情志评价,卷三,neutral
谢惠扇,,谢惠类,待定,仅诗学含英收录，手工词典未收录该词,,情志评价,卷三,neutral
谢惠果,,谢惠类,待定,仅诗学含英收录，手工词典未收录该词,,情志评价,卷三,neutral
谢惠梅,,谢惠类,待定,仅诗学含英收录，手工词典未收录该词,,情志评价,卷三,neutral
谢惠牋,,谢惠类,待定,仅诗学含英收录，手工词典未收录该词,,情志评价,卷三,neutral
谢惠瓜,,谢惠类,待定,仅诗学含英收录，手工词典未收录该词,,情志评价,卷三,neutral
谢惠砚,,谢惠类,待定,仅诗学含英收录，手工词典未收录该词,,情志评价,卷三,neutral
谢惠笋,,谢惠类,待定,仅诗学含英收录，手工词典未收录该词,,情志评价,卷三,neutral
谢惠笔,,谢惠类,待定,仅诗学含英收录，手工词典未收录该词,,情志评价,卷三,neutral
谢惠茶,,谢惠类,待定,仅诗学含英收录，手工词典未收录该词,,情志评价,卷三,neutral
谢惠药,,谢惠类,待定,仅诗学含英收录，手工词典未收录该词,,情志评价,卷三,neutral
谢惠菜,,谢惠类,待定,仅诗学含英收录，手工词典未收录该词,,情志评价,卷三,neutral
谢惠酒,,谢惠类,待定,仅诗学含英收录，手工词典未收录该词,,情志评价,卷三,neutral
谢惠鱼,,谢惠类,待定,仅诗学含英收录，手工词典未收录该词,,情志评价,卷三,neutral
谪迁,,仕进类,待定,仅诗学含英收录，手工词典未收录该词,,人物人伦,卷二,neutral
谷,山水地理,,待定,仅手工词典命中，诗学含英未收录该词,自然地理,,,
谷食,,饮食类,待定,仅诗学含英收录，手工词典未收录该词,,器物人事,卷三,neutral
豕,,走兽类,待定,仅诗学含英收录，手工词典未收录该词,,动物生物,卷四,neutral
象,,走兽类,待定,仅诗学含英收录，手工词典未收录该词,,动物生物,卷四,neutral
象棋,,器用类上,待定,仅诗学含英收录，手工词典未收录该词,,器物人事,卷三,neutral
豪,情感抽象,,待定,仅手工词典命中，诗学含英未收录该词,情志评价,,,
豪侈,,志气类,待定,仅诗学含英收录，手工词典未收录该词,,情志评价,卷二,neutral
豪情,情感抽象,,待定,仅手工词典命中，诗学含英未收录该词,情志评价,,,
豪放,,志气类,待定,仅诗学含英收录，手工词典未收录该词,,情志评价,卷二,neutral
豹,,走兽类,待定,仅诗学含英收录，手工词典未收录该词,,动物生物,卷四,neutral
贤女,,丽人类,待定,仅诗学含英收录，手工词典未收录该词,,人物人伦,卷二,neutral
败荷,,百花类,待定,仅诗学含英收录，手工词典未收录该词,,植物生物,卷四,neutral
贫士,,人品类,待定,仅诗学含英收录，手工词典未收录该词,,情志评价,卷二,neutral
贫女,,丽人类,待定,仅诗学含英收录，手工词典未收录该词,,人物人伦,卷二,neutral
贫居,,宫室类,待定,仅诗学含英收录，手工词典未收录该词,,器物人事,卷二,neutral
贵显,,仕宦类,待定,仅诗学含英收录，手工词典未收录该词,,情志评价,卷二,neutral
贺新娶,,庆吊类,待定,仅诗学含英收录，手工词典未收录该词,,情志评价,卷三,positive
贺新居,,庆吊类,待定,仅诗学含英收录，手工词典未收录该词,,情志评价,卷三,positive
贺架楼,,庆吊类,待定,仅诗学含英收录，手工词典未收录该词,,情志评价,卷三,positive
贺生女,,庆吊类,待定,仅诗学含英收录，手工词典未收录该词,,情志评价,卷三,positive
贺生子,,庆吊类,待定,仅诗学含英收录，手工词典未收录该词,,情志评价,卷三,positive
贺生孙,,庆吊类,待定,仅诗学含英收录，手工词典未收录该词,,情志评价,卷三,positive
赋,,文学类,待定,仅诗学含英收录，手工词典未收录该词,,情志评价,卷二,neutral
赏功,,君道类,待定,仅诗学含英收录，手工词典未收录该词,,人物人伦,卷二,neutral
赏月,,天文类,待定,仅诗学含英收录，手工词典未收录该词,,自然时空,卷一,neutral
赏花,,百花类,待定,仅诗学含英收录，手工词典未收录该词,,植物生物,卷四,neutral
赠内,,人伦类,待定,仅诗学含英收录，手工词典未收录该词,,人物人伦,卷二,neutral
赦,,君道类,待定,仅诗学含英收录，手工词典未收录该词,,人物人伦,卷二,neutral
走马,,走兽类,待定,仅诗学含英收录，手工词典未收录该词,,动物生物,卷四,neutral
赴任,,仕进类,待定,仅诗学含英收录，手工词典未收录该词,,人物人伦,卷二,neutral
踏青,,游眺类,待定,仅诗学含英收录，手工词典未收录该词,,自然地理,卷三,neutral
蹴踘,,人事类,待定,仅诗学含英收录，手工词典未收录该词,,情志评价,卷二,neutral
车舆,,器用类上,待定,仅诗学含英收录，手工词典未收录该词,,器物人事,卷三,neutral
轻舟,器物人文,,待定,仅手工词典命中，诗学含英未收录该词,器物人事,,,
辛夷,植物花卉,,待定,仅手工词典命中，诗学含英未收录该词,植物生物,,,
辟召,,仕进类,待定,仅诗学含英收录，手工词典未收录该词,,人物人伦,卷二,neutral
迁居,,宫室类,待定,仅诗学含英收录，手工词典未收录该词,,器物人事,卷二,neutral
迎春,植物花卉,,待定,仅手工词典命中，诗学含英未收录该词,植物生物,,,
迎春花,植物花卉,,待定,仅手工词典命中，诗学含英未收录该词,植物生物,,,
远山,山水地理,,待定,仅手工词典命中，诗学含英未收录该词,自然地理,,,
退休,,仕宦类,待定,仅诗学含英收录，手工词典未收录该词,,情志评价,卷二,neutral
送人从军,,祖饯类,待定,仅诗学含英收录，手工词典未收录该词,,情志评价,卷三,neutral
送人赴举,,祖饯类,待定,仅诗学含英收录，手工词典未收录该词,,情志评价,卷三,neutral
送人赴阙,,祖饯类,待定,仅诗学含英收录，手工词典未收录该词,,情志评价,卷三,neutral
送人还乡,,祖饯类,待定,仅诗学含英收录，手工词典未收录该词,,情志评价,卷三,neutral
送僧,,祖饯类,待定,仅诗学含英收录，手工词典未收录该词,,情志评价,卷三,neutral
送别,,祖饯类,待定,仅诗学含英收录，手工词典未收录该词,,情志评价,卷三,neutral
送友人,,祖饯类,待定,仅诗学含英收录，手工词典未收录该词,,情志评价,卷三,neutral
送春,,时令类,待定,仅诗学含英收录，手工词典未收录该词,,自然时空,卷一,positive
送调官,,祖饯类,待定,仅诗学含英收录，手工词典未收录该词,,情志评价,卷三,neutral
送道士,,祖饯类|释老类,待定,仅诗学含英收录，手工词典未收录该词,,情志评价,卷三|卷二,neutral
通政司,,百官类,待定,仅诗学含英收录，手工词典未收录该词,,人物人伦,卷二,neutral
逺山,,地舆类,待定,仅诗学含英收录，手工词典未收录该词,,自然地理,卷一,neutral
逺水,,地舆类,待定,仅诗学含英收录，手工词典未收录该词,,自然地理,卷一,neutral
道士,,释老类,待定,仅诗学含英收录，手工词典未收录该词,,情志评价,卷二,neutral
道路,,地舆类,待定,仅诗学含英收录，手工词典未收录该词,,自然地理,卷一,neutral
遗爱,,仕宦类,待定,仅诗学含英收录，手工词典未收录该词,,情志评价,卷二,neutral
遭遇,,仕宦类,待定,仅诗学含英收录，手工词典未收录该词,,情志评价,卷二,neutral
避暑,,游眺类,待定,仅诗学含英收录，手工词典未收录该词,,自然地理,卷三,neutral
郁李花,植物花卉,,待定,仅手工词典命中，诗学含英未收录该词,植物生物,,,
郊居,,宫室类,待定,仅诗学含英收录，手工词典未收录该词,,器物人事,卷二,neutral
郊行,,游眺类,待定,仅诗学含英收录，手工词典未收录该词,,自然地理,卷三,neutral
郎中员外郎,,百官类,待定,仅诗学含英收录，手工词典未收录该词,,人物人伦,卷二,neutral
郎官,,百官类,待定,仅诗学含英收录，手工词典未收录该词,,人物人伦,卷二,neutral
酌酒,,饮食类,待定,仅诗学含英收录，手工词典未收录该词,,器物人事,卷三,neutral
酒壶,,器用类上,待定,仅诗学含英收录，手工词典未收录该词,,器物人事,卷三,neutral
酒家,,宫室类,待定,仅诗学含英收录，手工词典未收录该词,,器物人事,卷二,neutral
酒旗,,器用类上,待定,仅诗学含英收录，手工词典未收录该词,,器物人事,卷三,neutral
酒杯,,器用类上,待定,仅诗学含英收录，手工词典未收录该词,,器物人事,卷三,neutral
酒楼,,宫室类,待定,仅诗学含英收录，手工词典未收录该词,,器物人事,卷二,neutral
酪酥,,饮食类,待定,仅诗学含英收录，手工词典未收录该词,,器物人事,卷三,neutral
酴醿,植物花卉,,待定,仅手工词典命中，诗学含英未收录该词,植物生物,,,
酴醿花,,百花类,待定,仅诗学含英收录，手工词典未收录该词,,植物生物,卷四,neutral
醉,,人事类,待定,仅诗学含英收录，手工词典未收录该词,,情志评价,卷二,neutral
醉客,,人品类,待定,仅诗学含英收录，手工词典未收录该词,,情志评价,卷二,neutral
醴泉,,地舆类,待定,仅诗学含英收录，手工词典未收录该词,,自然地理,卷一,neutral
采桑,,树木类,待定,仅诗学含英收录，手工词典未收录该词,,植物生物,卷四,neutral
采药,,人品类,待定,仅诗学含英收录，手工词典未收录该词,,情志评价,卷二,neutral
采菊,,百花类,待定,仅诗学含英收录，手工词典未收录该词,,植物生物,卷四,neutral
释奠,,宫室类,待定,仅诗学含英收录，手工词典未收录该词,,器物人事,卷二,neutral
重九,,节序类,待定,仅诗学含英收录，手工词典未收录该词,,自然时空,卷一,neutral
重阳,天象时令,,待定,仅手工词典命中，诗学含英未收录该词,自然时空,,,
野,山水地理,,待定,仅手工词典命中，诗学含英未收录该词,自然地理,,,
野望,,游眺类,待定,仅诗学含英收录，手工词典未收录该词,,自然地理,卷三,neutral
野烧,,地舆类,待定,仅诗学含英收录，手工词典未收录该词,,自然地理,卷一,neutral
野花,,百花类,待定,仅诗学含英收录，手工词典未收录该词,,植物生物,卷四,neutral
野菊,植物花卉,,待定,仅手工词典命中，诗学含英未收录该词,植物生物,,,
金樽,器物人文,,待定,仅手工词典命中，诗学含英未收录该词,器物人事,,,
金橘,,百果类,待定,仅诗学含英收录，手工词典未收录该词,,植物生物,卷四,neutral
金沙,植物花卉,,待定,仅手工词典命中，诗学含英未收录该词,植物生物,,,
金银花,植物花卉,,待定,仅手工词典命中，诗学含英未收录该词,植物生物,,,
针线,,器用类上,待定,仅诗学含英收录，手工词典未收录该词,,器物人事,卷三,neutral
钓台,,宫室类,待定,仅诗学含英收录，手工词典未收录该词,,器物人事,卷二,neutral
钓竿,,器用类上,待定,仅诗学含英收录，手工词典未收录该词,,器物人事,卷三,neutral
钟,,音乐类,待定,仅诗学含英收录，手工词典未收录该词,,器物人事,卷三,neutral
钦天监,,百官类,待定,仅诗学含英收录，手工词典未收录该词,,人物人伦,卷二,neutral
钱,,珍宝类,待定,仅诗学含英收录，手工词典未收录该词,,器物人事,卷三,neutral
铁剑,器物人文,,待定,仅手工词典命中，诗学含英未收录该词,器物人事,,,
银,器物人文,,待定,仅手工词典命中，诗学含英未收录该词,器物人事,,,
银杏,,百果类,待定,仅诗学含英收录，手工词典未收录该词,,植物生物,卷四,neutral
锦书,器物人文,,待定,仅手工词典命中，诗学含英未收录该词,器物人事,,,
锦雉,,飞禽类,待定,仅诗学含英收录，手工词典未收录该词,,动物生物,卷四,neutral
锦鸡,动物禽鸟,,待定,仅手工词典命中，诗学含英未收录该词,动物生物,,,
长亭,山水地理,,待定,仅手工词典命中，诗学含英未收录该词,自然地理,,,
长剑,器物人文,,待定,仅手工词典命中，诗学含英未收录该词,器物人事,,,
长江,山水地理,,待定,仅手工词典命中，诗学含英未收录该词,自然地理,,,
长老,,释老类,待定,仅诗学含英收录，手工词典未收录该词,,情志评价,卷二,neutral
长至,,节序类,待定,仅诗学含英收录，手工词典未收录该词,,自然时空,卷一,neutral
门弟子,,师友类,待定,仅诗学含英收录，手工词典未收录该词,,人物人伦,卷二,neutral
门第,,仕宦类,待定,仅诗学含英收录，手工词典未收录该词,,情志评价,卷二,neutral
闰,,时令类,待定,仅诗学含英收录，手工词典未收录该词,,自然时空,卷一,neutral
闲乐,,音乐类,待定,仅诗学含英收录，手工词典未收录该词,,器物人事,卷三,positive
闲云,天象时令,,待定,仅手工词典命中，诗学含英未收录该词,自然时空,,,
闲居,,宫室类,待定,仅诗学含英收录，手工词典未收录该词,,器物人事,卷二,neutral
闲草,,游眺类,待定,仅诗学含英收录，手工词典未收录该词,,自然地理,卷三,neutral
闲适,,人事类,待定,仅诗学含英收录，手工词典未收录该词,,情志评价,卷二,neutral
闺中人,人物意象,,待定,仅手工词典命中，诗学含英未收录该词,人物人伦,,,
闺感,,丽人类,待定,仅诗学含英收录，手工词典未收录该词,,人物人伦,卷二,neutral
阮,,音乐类,待定,仅诗学含英收录，手工词典未收录该词,,器物人事,卷三,neutral
阳关,山水地理,,待定,仅手工词典命中，诗学含英未收录该词,自然地理,,,
阶草,,百草类,待定,仅诗学含英收录，手工词典未收录该词,,植物生物,卷三,neutral
陂塘,,地舆类,待定,仅诗学含英收录，手工词典未收录该词,,自然地理,卷一,neutral
除夕,天象时令,,待定,仅手工词典命中，诗学含英未收录该词,自然时空,,,
除夜,,节序类,待定,仅诗学含英收录，手工词典未收录该词,,自然时空,卷一,neutral
除授,,仕进类,待定,仅诗学含英收录，手工词典未收录该词,,人物人伦,卷二,neutral
除曰立春,,节序类,待定,仅诗学含英收录，手工词典未收录该词,,自然时空,卷一,positive
陶令,人物意象,,待定,仅手工词典命中，诗学含英未收录该词,人物人伦,,,
陶潜,人物意象,,待定,仅手工词典命中，诗学含英未收录该词,人物人伦,,,
隐士,人物意象,,待定,仅手工词典命中，诗学含英未收录该词,人物人伦,,,
隐者,,人品类,待定,仅诗学含英收录，手工词典未收录该词,,情志评价,卷二,neutral
雀,,飞禽类,待定,仅诗学含英收录，手工词典未收录该词,,动物生物,卷四,neutral
雁,动物禽鸟,,待定,仅手工词典命中，诗学含英未收录该词,动物生物,,,
雁来红,植物花卉,,待定,仅手工词典命中，诗学含英未收录该词,植物生物,,,
雄心,情感抽象,,待定,仅手工词典命中，诗学含英未收录该词,情志评价,,,
雉,,飞禽类,待定,仅诗学含英收录，手工词典未收录该词,,动物生物,卷四,neutral
雏燕,,飞禽类,待定,仅诗学含英收录，手工词典未收录该词,,动物生物,卷四,neutral
雕鹗,,飞禽类,待定,仅诗学含英收录，手工词典未收录该词,,动物生物,卷四,neutral
雨伞,,器用类上,待定,仅诗学含英收录，手工词典未收录该词,,器物人事,卷三,neutral
雪声,,天文类,待定,仅诗学含英收录，手工词典未收录该词,,自然时空,卷一,neutral
雪意,,天文类,待定,仅诗学含英收录，手工词典未收录该词,,自然时空,卷一,neutral
雪晴,,天文类,待定,仅诗学含英收录，手工词典未收录该词,,自然时空,卷一,positive
雪行,,游眺类,待定,仅诗学含英收录，手工词典未收录该词,,自然地理,卷三,neutral
雹,,天文类,待定,仅诗学含英收录，手工词典未收录该词,,自然时空,卷一,neutral
青山,山水地理,,待定,仅手工词典命中，诗学含英未收录该词,自然地理,,,
青松,植物花卉,,待定,仅手工词典命中，诗学含英未收录该词,植物生物,,,
鞭,,器用类上,待定,仅诗学含英收录，手工词典未收录该词,,器物人事,卷三,neutral
韮,,蔬菜类,待定,仅诗学含英收录，手工词典未收录该词,,植物生物,卷四,neutral
风标,,人品类,待定,仅诗学含英收录，手工词典未收录该词,,情志评价,卷二,neutral
风骨,情感抽象,,待定,仅手工词典命中，诗学含英未收录该词,情志评价,,,
飞花,植物花卉,,待定,仅手工词典命中，诗学含英未收录该词,植物生物,,,
飞雪,天象时令,,待定,仅手工词典命中，诗学含英未收录该词,自然时空,,,
饼,,饮食类,待定,仅诗学含英收录，手工词典未收录该词,,器物人事,卷三,neutral
馆驿,,宫室类,待定,仅诗学含英收录，手工词典未收录该词,,器物人事,卷二,neutral
香印,,器用类上,待定,仅诗学含英收录，手工词典未收录该词,,器物人事,卷三,neutral
香炉,,器用类上,待定,仅诗学含英收录，手工词典未收录该词,,器物人事,卷三,neutral
香阁,器物人文,,待定,仅手工词典命中，诗学含英未收录该词,器物人事,,,
馨,植物花卉,,待定,仅手工词典命中，诗学含英未收录该词,植物生物,,,
騐封,,百官类,待定,仅诗学含英收录，手工词典未收录该词,,人物人伦,卷二,neutral
马乳,,饮食类,待定,仅诗学含英收录，手工词典未收录该词,,器物人事,卷三,neutral
马蹄,器物人文,,待定,仅手工词典命中，诗学含英未收录该词,器物人事,,,
驴,,走兽类,待定,仅诗学含英收录，手工词典未收录该词,,动物生物,卷四,neutral
骆驼,,走兽类,待定,仅诗学含英收录，手工词典未收录该词,,动物生物,卷四,neutral
骤雨,,天文类,待定,仅诗学含英收录，手工词典未收录该词,,自然时空,卷一,neutral
高士,人物意象,,待定,仅手工词典命中，诗学含英未收录该词,人物人伦,,,
高杰,,人品类,待定,仅诗学含英收录，手工词典未收录该词,,情志评价,卷二,neutral
高楼,器物人文,,待定,仅手工词典命中，诗学含英未收录该词,器物人事,,,
高洁,情感抽象,,待定,仅手工词典命中，诗学含英未收录该词,情志评价,,,
鬭鸡,,飞禽类,待定,仅诗学含英收录，手工词典未收录该词,,动物生物,卷四,neutral
鱼脍,,饮食类,待定,仅诗学含英收录，手工词典未收录该词,,器物人事,卷三,neutral
鴈,,飞禽类,待定,仅诗学含英收录，手工词典未收录该词,,动物生物,卷四,neutral
鴈字,,飞禽类,待定,仅诗学含英收录，手工词典未收录该词,,动物生物,卷四,neutral
鸜鹆,,飞禽类,待定,仅诗学含英收录，手工词典未收录该词,,动物生物,卷四,neutral
鸟,动物禽鸟,,待定,仅手工词典命中，诗学含英未收录该词,动物生物,,,
鸠,,飞禽类,待定,仅诗学含英收录，手工词典未收录该词,,动物生物,卷四,neutral
鸡,,飞禽类,待定,仅诗学含英收录，手工词典未收录该词,,动物生物,卷四,neutral
鸡头子,,百果类,待定,仅诗学含英收录，手工词典未收录该词,,植物生物,卷四,neutral
鸡雏,,飞禽类,待定,仅诗学含英收录，手工词典未收录该词,,动物生物,卷四,neutral
鸥,,飞禽类,待定,仅诗学含英收录，手工词典未收录该词,,动物生物,卷四,neutral
鸦,,飞禽类,待定,仅诗学含英收录，手工词典未收录该词,,动物生物,卷四,neutral
鸭,,飞禽类,待定,仅诗学含英收录，手工词典未收录该词,,动物生物,卷四,neutral
鸯,,飞禽类,待定,仅诗学含英收录，手工词典未收录该词,,动物生物,卷四,neutral
鸳鸯,,飞禽类,待定,仅诗学含英收录，手工词典未收录该词,,动物生物,卷四,neutral
鸽,,飞禽类,待定,仅诗学含英收录，手工词典未收录该词,,动物生物,卷四,neutral
鸿,动物禽鸟,,待定,仅手工词典命中，诗学含英未收录该词,动物生物,,,
鸿书,器物人文,,待定,仅手工词典命中，诗学含英未收录该词,器物人事,,,
鸿胪寺,,百官类,待定,仅诗学含英收录，手工词典未收录该词,,人物人伦,卷二,neutral
鸿雁,动物禽鸟,,待定,仅手工词典命中，诗学含英未收录该词,动物生物,,,
鹃,动物禽鸟,,待定,仅手工词典命中，诗学含英未收录该词,动物生物,,,
鹅,,飞禽类,待定,仅诗学含英收录，手工词典未收录该词,,动物生物,卷四,neutral
鹅雏,,飞禽类,待定,仅诗学含英收录，手工词典未收录该词,,动物生物,卷四,neutral
鹆,,飞禽类,待定,仅诗学含英收录，手工词典未收录该词,,动物生物,卷四,neutral
鹊,,飞禽类,待定,仅诗学含英收录，手工词典未收录该词,,动物生物,卷四,neutral
鹏,,飞禽类,待定,仅诗学含英收录，手工词典未收录该词,,动物生物,卷四,neutral
鹘,,飞禽类,待定,仅诗学含英收录，手工词典未收录该词,,动物生物,卷四,neutral
鹦鹉,,飞禽类,待定,仅诗学含英收录，手工词典未收录该词,,动物生物,卷四,neutral
鹧鸪,,飞禽类,待定,仅诗学含英收录，手工词典未收录该词,,动物生物,卷四,neutral
鹭鹚,,飞禽类,待定,仅诗学含英收录，手工词典未收录该词,,动物生物,卷四,neutral
鹿,,走兽类,待定,仅诗学含英收录，手工词典未收录该词,,动物生物,卷四,neutral
麈尾,,器用类上,待定,仅诗学含英收录，手工词典未收录该词,,器物人事,卷三,neutral
麒麟,,走兽类,待定,仅诗学含英收录，手工词典未收录该词,,动物生物,卷四,neutral
麟,动物禽鸟,,待定,仅手工词典命中，诗学含英未收录该词,动物生物,,,
麦,,百谷类,待定,仅诗学含英收录，手工词典未收录该词,,植物生物,卷四,neutral
麦浪,,百谷类,待定,仅诗学含英收录，手工词典未收录该词,,植物生物,卷四,neutral
黄叶,植物花卉,,待定,仅手工词典命中，诗学含英未收录该词,植物生物,,,
黄昏,天象时令,,待定,仅手工词典命中，诗学含英未收录该词,自然时空,,,
黄河,山水地理,,待定,仅手工词典命中，诗学含英未收录该词,自然地理,,,
黄莺,动物禽鸟,,待定,仅手工词典命中，诗学含英未收录该词,动物生物,,,
黄葵,,百花类,待定,仅诗学含英收录，手工词典未收录该词,,植物生物,卷四,neutral
黄鹂,动物禽鸟,,待定,仅手工词典命中，诗学含英未收录该词,动物生物,,,
黎明,天象时令,,待定,仅手工词典命中，诗学含英未收录该词,自然时空,,,
黑云,天象时令,,待定,仅手工词典命中，诗学含英未收录该词,自然时空,,,
鼈,,鳞介类,待定,仅诗学含英收录，手工词典未收录该词,,动物生物,卷四,neutral
鼋,,鳞介类,待定,仅诗学含英收录，手工词典未收录该词,,动物生物,卷四,neutral
鼍,,鳞介类,待定,仅诗学含英收录，手工词典未收录该词,,动物生物,卷四,neutral
鼎,,器用类上,待定,仅诗学含英收录，手工词典未收录该词,,器物人事,卷三,neutral
鼠,,走兽类,待定,仅诗学含英收录，手工词典未收录该词,,动物生物,卷四,neutral
龙眼,,百果类,待定,仅诗学含英收录，手工词典未收录该词,,植物生物,卷四,neutral
龙祠,,宫室类,待定,仅诗学含英收录，手工词典未收录该词,,器物人事,卷二,neutral
龟,,鳞介类,待定,仅诗学含英收录，手工词典未收录该词,,动物生物,卷四,neutral
中秋,天象时令,节序类,是,细类不同但大类一致,自然时空,自然时空,卷一,neutral
云,天象时令,天文类,是,细类不同但大类一致,自然时空,自然时空,卷一,neutral
冬,天象时令,时令类,是,细类不同但大类一致,自然时空,自然时空,卷一,neutral
剑,器物人文,器用类上,是,细类不同但大类一致,器物人事,器物人事,卷三,neutral
台,器物人文,宫室类,是,细类不同但大类一致,器物人事,器物人事,卷二,neutral
地,山水地理,地舆类,是,细类不同但大类一致,自然地理,自然地理,卷一,neutral
墨,器物人文,器用类上,是,细类不同但大类一致,器物人事,器物人事,卷三,neutral
夏,天象时令,时令类,是,细类不同但大类一致,自然时空,自然时空,卷一,neutral
夜雨,天象时令,天文类,是,细类不同但大类一致,自然时空,自然时空,卷一,neutral
山,山水地理,地舆类,是,细类不同但大类一致,自然地理,自然地理,卷一,neutral
山茶花,植物花卉,百花类,是,细类不同但大类一致,植物生物,植物生物,卷四,neutral
帘,器物人文,器用类上,是,细类不同但大类一致,器物人事,器物人事,卷三,neutral
弓,器物人文,器用类上,是,细类不同但大类一致,器物人事,器物人事,卷三,neutral
归燕,动物禽鸟,飞禽类,是,细类不同但大类一致,动物生物,动物生物,卷四,neutral
新月,天象时令,天文类,是,细类不同但大类一致,自然时空,自然时空,卷一,neutral
日,天象时令,天文类,是,细类不同但大类一致,自然时空,自然时空,卷一,neutral
春,天象时令,时令类,是,细类不同但大类一致,自然时空,自然时空,卷一,positive
春山,山水地理,地舆类,是,细类不同但大类一致,自然地理,自然地理,卷一,positive
春水,山水地理,地舆类,是,细类不同但大类一致,自然地理,自然地理,卷一,positive
春雨,天象时令,天文类,是,细类不同但大类一致,自然时空,自然时空,卷一,positive
春风,天象时令,天文类,是,细类不同但大类一致,自然时空,自然时空,卷一,positive
月,天象时令,天文类,是,细类不同但大类一致,自然时空,自然时空,卷一,neutral
李花,植物花卉,百花类,是,细类不同但大类一致,植物生物,植物生物,卷四,neutral
杏花,植物花卉,百花类,是,细类不同但大类一致,植物生物,植物生物,卷四,neutral
松,植物花卉,树木类,是,细类不同但大类一致,植物生物,植物生物,卷四,neutral
柳,植物花卉,树木类,是,细类不同但大类一致,植物生物,植物生物,卷四,neutral
桂花,植物花卉,百花类,是,细类不同但大类一致,植物生物,植物生物,卷四,neutral
桃花,植物花卉,百花类,是,细类不同但大类一致,植物生物,植物生物,卷四,neutral
桑,植物花卉,树木类,是,细类不同但大类一致,植物生物,植物生物,卷四,neutral
桥,山水地理,地舆类,是,细类不同但大类一致,自然地理,自然地理,卷一,neutral
梅花,植物花卉,百花类,是,细类不同但大类一致,植物生物,植物生物,卷四,neutral
梧桐,植物花卉,树木类,是,细类不同但大类一致,植物生物,植物生物,卷四,neutral
梨花,植物花卉,百花类,是,细类不同但大类一致,植物生物,植物生物,卷四,neutral
椿,植物花卉,树木类,是,细类不同但大类一致,植物生物,植物生物,卷四,neutral
楼,器物人文,宫室类,是,细类不同但大类一致,器物人事,器物人事,卷二,neutral
榴花,植物花卉,百花类,是,细类不同但大类一致,植物生物,植物生物,卷四,neutral
槐,植物花卉,树木类,是,细类不同但大类一致,植物生物,植物生物,卷四,neutral
残月,天象时令,天文类,是,细类不同但大类一致,自然时空,自然时空,卷一,neutral
水,山水地理,地舆类,是,细类不同但大类一致,自然地理,自然地理,卷一,neutral
水仙花,植物花卉,百花类,是,细类不同但大类一致,植物生物,植物生物,卷四,neutral
江,山水地理,地舆类,是,细类不同但大类一致,自然地理,自然地理,卷一,neutral
沙,山水地理,地舆类,是,细类不同但大类一致,自然地理,自然地理,卷一,neutral
河,山水地理,地舆类,是,细类不同但大类一致,自然地理,自然地理,卷一,neutral
泉,山水地理,地舆类,是,细类不同但大类一致,自然地理,自然地理,卷一,neutral
流水,山水地理,地舆类,是,细类不同但大类一致,自然地理,自然地理,卷一,neutral
海,山水地理,地舆类,是,细类不同但大类一致,自然地理,自然地理,卷一,neutral
涧,山水地理,地舆类,是,细类不同但大类一致,自然地理,自然地理,卷一,neutral
清明,天象时令,节序类,是,细类不同但大类一致,自然时空,自然时空,卷一,neutral
渔舟,器物人文,器用类上,是,细类不同但大类一致,器物人事,器物人事,卷三,neutral
渡,山水地理,地舆类,是,细类不同但大类一致,自然地理,自然地理,卷一,neutral
湖,山水地理,地舆类,是,细类不同但大类一致,自然地理,自然地理,卷一,neutral
溪,山水地理,地舆类,是,细类不同但大类一致,自然地理,自然地理,卷一,neutral
潮,山水地理,地舆类,是,细类不同但大类一致,自然地理,自然地理,卷一,neutral
灯,器物人文,器用类下,是,细类不同但大类一致,器物人事,器物人事,卷三,neutral
烛,器物人文,器用类下,是,细类不同但大类一致,器物人事,器物人事,卷三,neutral
烟,天象时令,天文类,是,细类不同但大类一致,自然时空,自然时空,卷一,neutral
燕,动物禽鸟,飞禽类,是,细类不同但大类一致,动物生物,动物生物,卷四,neutral
牛,动物禽鸟,走兽类,是,细类不同但大类一致,动物生物,动物生物,卷四,neutral
牡丹,植物花卉,百花类,是,细类不同但大类一致,植物生物,植物生物,卷四,neutral
玉,器物人文,珍宝类,是,细类不同但大类一致,器物人事,器物人事,卷三,neutral
玉簪花,植物花卉,百花类,是,细类不同但大类一致,植物生物,植物生物,卷四,neutral
玉蕊花,植物花卉,百花类,是,细类不同但大类一致,植物生物,植物生物,卷四,neutral
珠,器物人文,珍宝类,是,细类不同但大类一致,器物人事,器物人事,卷三,neutral
琴,器物人文,音乐类,是,细类不同但大类一致,器物人事,器物人事,卷三,neutral
琵琶,器物人文,音乐类,是,细类不同但大类一致,器物人事,器物人事,卷三,neutral
瑟,器物人文,音乐类,是,细类不同但大类一致,器物人事,器物人事,卷三,neutral
电,天象时令,天文类,是,细类不同但大类一致,自然时空,自然时空,卷一,neutral
石,山水地理,地舆类,是,细类不同但大类一致,自然地理,自然地理,卷一,neutral
砚,器物人文,器用类上,是,细类不同但大类一致,器物人事,器物人事,卷三,neutral
秋,天象时令,时令类,是,细类不同但大类一致,自然时空,自然时空,卷一,neutral
秋山,山水地理,地舆类,是,细类不同但大类一致,自然地理,自然地理,卷一,neutral
秋雨,天象时令,天文类,是,细类不同但大类一致,自然时空,自然时空,卷一,neutral
秋风,天象时令,天文类,是,细类不同但大类一致,自然时空,自然时空,卷一,neutral
竹,植物花卉,竹木类,是,细类不同但大类一致,植物生物,植物生物,卷四,neutral
竹影,植物花卉,竹木类,是,细类不同但大类一致,植物生物,植物生物,卷四,neutral
笔,器物人文,器用类上,是,细类不同但大类一致,器物人事,器物人事,卷三,neutral
笙,器物人文,音乐类,是,细类不同但大类一致,器物人事,器物人事,卷三,neutral
笛,器物人文,音乐类,是,细类不同但大类一致,器物人事,器物人事,卷三,neutral
筝,器物人文,音乐类,是,细类不同但大类一致,器物人事,器物人事,卷三,neutral
箫,器物人文,音乐类,是,细类不同但大类一致,器物人事,器物人事,卷三,neutral
红梅,植物花卉,百花类,是,细类不同但大类一致,植物生物,植物生物,卷四,neutral
羊,动物禽鸟,走兽类,是,细类不同但大类一致,动物生物,动物生物,卷四,neutral
美人,人物意象,丽人类,是,细类不同但大类一致,人物人伦,人物人伦,卷二,neutral
老松,植物花卉,树木类,是,细类不同但大类一致,植物生物,植物生物,卷四,neutral
腊梅,植物花卉,百花类,是,细类不同但大类一致,植物生物,植物生物,卷四,neutral
舟,器物人文,器用类上,是,细类不同但大类一致,器物人事,器物人事,卷三,neutral
芍药,植物花卉,百花类,是,细类不同但大类一致,植物生物,植物生物,卷四,neutral
芦花,植物花卉,百花类,是,细类不同但大类一致,植物生物,植物生物,卷四,neutral
芭蕉,植物花卉,百草类,是,细类不同但大类一致,植物生物,植物生物,卷三,neutral
花,植物花卉,百花类,是,细类不同但大类一致,植物生物,植物生物,卷四,neutral
芳草,植物花卉,百草类,是,细类不同但大类一致,植物生物,植物生物,卷三,neutral
草,植物花卉,百草类,是,细类不同但大类一致,植物生物,植物生物,卷三,neutral
荷,植物花卉,百花类,是,细类不同但大类一致,植物生物,植物生物,卷四,neutral
莲花,植物花卉,百花类,是,细类不同但大类一致,植物生物,植物生物,卷四,neutral
莺,动物禽鸟,飞禽类,是,细类不同但大类一致,动物生物,动物生物,卷四,neutral
菊,植物花卉,百花类,是,细类不同但大类一致,植物生物,植物生物,卷四,neutral
萤,动物禽鸟,昆虫类,是,细类不同但大类一致,动物生物,动物生物,卷四,neutral
萱草,植物花卉,百草类,是,细类不同但大类一致,植物生物,植物生物,卷三,neutral
落叶,植物花卉,竹木类,是,细类不同但大类一致,植物生物,植物生物,卷四,neutral
落花,植物花卉,百花类,是,细类不同但大类一致,植物生物,植物生物,卷四,neutral
蓼花,植物花卉,百花类,是,细类不同但大类一致,植物生物,植物生物,卷四,neutral
虹,天象时令,天文类,是,细类不同但大类一致,自然时空,自然时空,卷一,neutral
蜂,动物禽鸟,昆虫类,是,细类不同但大类一致,动物生物,动物生物,卷四,neutral
蝉,动物禽鸟,昆虫类,是,细类不同但大类一致,动物生物,动物生物,卷四,neutral
蝶,动物禽鸟,昆虫类,是,细类不同但大类一致,动物生物,动物生物,卷四,neutral
轩,器物人文,宫室类,是,细类不同但大类一致,器物人事,器物人事,卷二,neutral
边塞,山水地理,地舆类,是,细类不同但大类一致,自然地理,自然地理,卷一,neutral
酒,器物人文,饮食类,是,细类不同但大类一致,器物人事,器物人事,卷三,neutral
金,器物人文,珍宝类,是,细类不同但大类一致,器物人事,器物人事,卷三,neutral
金钱花,植物花卉,百花类,是,细类不同但大类一致,植物生物,植物生物,卷四,neutral
锦,器物人文,珍宝类,是,细类不同但大类一致,器物人事,器物人事,卷三,neutral
镜,器物人文,器用类上,是,细类不同但大类一致,器物人事,器物人事,卷三,neutral
阁,器物人文,宫室类,是,细类不同但大类一致,器物人事,器物人事,卷二,neutral
雨,天象时令,天文类,是,细类不同但大类一致,自然时空,自然时空,卷一,neutral
雪,天象时令,天文类,是,细类不同但大类一致,自然时空,自然时空,卷一,neutral
雷,天象时令,天文类,是,细类不同但大类一致,自然时空,自然时空,卷一,neutral
雾,天象时令,天文类,是,细类不同但大类一致,自然时空,自然时空,卷一,neutral
霜,天象时令,天文类,是,细类不同但大类一致,自然时空,自然时空,卷一,neutral
霞,天象时令,天文类,是,细类不同但大类一致,自然时空,自然时空,卷一,neutral
霰,天象时令,天文类,是,细类不同但大类一致,自然时空,自然时空,卷一,neutral
露,天象时令,天文类,是,细类不同但大类一致,自然时空,自然时空,卷一,neutral
风,天象时令,天文类,是,细类不同但大类一致,自然时空,自然时空,卷一,neutral
马,动物禽鸟,走兽类,是,细类不同但大类一致,动物生物,动物生物,卷四,neutral
鱼,动物禽鸟,鳞介类,是,细类不同但大类一致,动物生物,动物生物,卷四,neutral
鸡冠花,植物花卉,百花类,是,细类不同但大类一致,植物生物,植物生物,卷四,neutral
鹤,动物禽鸟,飞禽类,是,细类不同但大类一致,动物生物,动物生物,卷四,neutral
鹰,动物禽鸟,飞禽类,是,细类不同但大类一致,动物生物,动物生物,卷四,neutral
鼓,器物人文,音乐类,是,细类不同但大类一致,器物人事,器物人事,卷三,neutral
龙,动物禽鸟,鳞介类,是,细类不同但大类一致,动物生物,动物生物,卷四,neutral
