ID,诗名,朝代,花名,imagery_count,imagery_list,raw_word_list,imagery_freq
1,早 梅,南朝梁,梅花,5,候|早春|园|月|风,当路|春来|园|月|风,候:1|早春:1|园:1|月:1|风:1
2,咏梅花,南朝梁,梅花,3,喜雪|冬雨|罗,飘荡|逐风|罗,喜雪:1|冬雨:1|罗:1
3,梅 花,北朝周,梅花,5,暮冬|冬雨|不见|悲秋|春,腊月|梅花|不见|衣单|春,暮冬:1|冬雨:1|不见:1|悲秋:1|春:1
4,梅花落,南朝宋,梅花,5,中庭|观涨|春风|春日|风,中庭|作花|春风|春日|风,中庭:1|观涨:1|春风:1|春日:1|风:1
5,和秦太虚梅花,宋,梅花,11,春|山|渡口|江湖|立春|沙|云|河|渔矶|春归|月,春|山|立马|黄昏|残雪|江头|点缀|万里|风雨|春归|月,春:2|山:2|渡口:1|江湖:1|立春:1|沙:1|云:1|河:1|渔矶:1|春归:1|月:1
6,十一月二十六日，松风亭下梅花盛开,宋,梅花,12,冬雨|月|春风|江湖|松风|风|雨|浦|园|冬|海|云,月|春风|梅花|黄昏|冷艳|松风|风|雨|浦|园|冬|海|云,冬雨:2|月:2|春风:1|江湖:1|松风:1|风:1|雨:1|浦:1|园:1|冬:1|海:1|云:1
7,再用前韵,宋,梅花,13,浮山|冬雨|祥云|秋山|残星|日|客中雨|罗|江|海|园|天|山,浮山|梅花|纷纷|月挂|耿耿|扶桑|寂寂|罗|江|海|园|天|山,浮山:1|冬雨:1|祥云:1|秋山:1|残星:1|日:1|客中雨:1|罗:1|江:1|海:1|园:1|天:1|山:1
8,江 梅,唐,梅花,8,暮冬|冬雨|喜雨|春日书怀|秋暮|山|腊|园,梅蕊|梅花|春意|客愁|江风|嵯峨|腊|园,暮冬:1|冬雨:1|喜雨:1|春日书怀:1|秋暮:1|山:1|腊:1|园:1
9,山路梅,唐,梅花,8,山|温泉|秋风|遇雨|陂塘|风|溪|江,山|路僻|凄凉|冷落|晴日|风|溪|江,山:2|温泉:1|秋风:1|遇雨:1|陂塘:1|风:1|溪:1|江:1
10,.看早梅,唐,梅花,6,月桂|涧|风|山|野|日,清香|涧|风|山|野|日,月桂:1|涧:1|风:1|山:1|野:1|日:1
11,早 梅,唐,梅花,5,十六夜月|江湖|除夜|风|春,昨夜|幽香|明年|风|春,十六夜月:1|江湖:1|除夜:1|风:1|春:1
12,十一月中旬扶风界见梅花,唐,梅花,5,候|曝日|秋|浦|月,亭亭|素娥|青女|伤离|月,候:1|曝日:1|秋:1|浦:1|月:1
13,早 梅,宋,梅花,6,春|雪意|月|日|江|风,寒梅|垂垂|千里|日|江|风,春:1|雪意:1|月:1|日:1|江:1|风:1
14,梅 花,宋,梅花,4,喜雪|清明|立冬|春,珠光|百花|春信|东君,喜雪:1|清明:1|立冬:1|春:1
15,探 梅,宋,梅花,5,冬日即事|重九|乡里|山|春,登山屐|狂歌|儿童|山|春,冬日即事:1|重九:1|乡里:1|山:1|春:1
16,铜坑看梅,明,梅花,5,冬雨|秋兴|流水|春|野,梅花|青山|流水|春|野,冬雨:1|秋兴:1|流水:1|春:1|野:1
17,梅 花(其一),清,梅花,4,月|如昼|春|天,彻夜|寂寞|春|天|月,月:2|如昼:1|春:1|天:1
18,梅 花(其二),清,梅花,8,日影|立春|冬雨|溪|月|天|春|风,离离|残雪|脉脉|溪|月|天|春|风,日影:1|立春:1|冬雨:1|溪:1|月:1|天:1|春:1|风:1
19,和裴迪登蜀州东亭送客逢早梅相忆见寄,唐,梅花,5,如昼|暮冬|浦|雪意|春,此时|岁暮|江边|垂垂|春,如昼:1|暮冬:1|浦:1|雪意:1|春:1
20,酬崔八早梅有赠兼示之作,唐,梅花,4,春|冬雨|野|天,寒梅|蝶粉|野|天,春:1|冬雨:1|野:1|天:1
21,梅,唐,梅花,4,江湖|雨|山|风,黄昏|雨|山|风,江湖:1|雨:1|山:1|风:1
22,梅,唐,梅花,5,云峰|日|雨|烟|浦,题诗|日|雨|烟|浦,云峰:1|日:1|雨:1|烟:1|浦:1
23,山园小梅,宋,梅花,8,秋暮|冬雨|秋色|江湖|冬夜|皓彩|风|园,摇落|横斜|水清|暗香|月黄昏|微吟|风|园,秋暮:1|冬雨:1|秋色:1|江湖:1|冬夜:1|皓彩:1|风:1|园:1
24,山园小梅,宋,梅花,5,元旦立春|遇雨|春郊|日|江,春至|冷落|酒旗|日|江,元旦立春:1|遇雨:1|春郊:1|日:1|江:1
25,咏小梅,宋,梅花,4,喜雪|悲秋|月桂|山,园林|晚景|清香|山,喜雪:1|悲秋:1|月桂:1|山:1
26,歧亭道上见梅花戏赠季常,宋,梅花,6,水帘|沙|远山|雨|野|云,岭头|风吹|一点|江云|野|云,水帘:1|沙:1|远山:1|雨:1|野:1|云:1
27,次韵赏梅,宋,梅花,5,立春|夏风|风|雨|尘,立春|生凉|风|雨|尘,立春:1|夏风:1|风:1|雨:1|尘:1
28,梅 花,宋,梅花,4,江|水|月|春,江|水|月|春,江:1|水:1|月:1|春:1
29,梅 花,宋,梅花,6,渡口|月|地|云|桥|江,渡口|月|地|云|桥|江,渡口:1|月:1|地:1|云:1|桥:1|江:1
30,浣花赏梅,宋,梅花,9,江湖|暮冬|早春|温泉|雪意|冬雨|山|风|石,春回|积雪|香动|野水|带月|楼上|玉树|山|风|石,江湖:2|暮冬:1|早春:1|温泉:1|雪意:1|冬雨:1|山:1|风:1|石:1
31,山亭观梅,宋,梅花,6,丰年|莲塘|待月|月|地|春,时和|苍苔|栏边|月|地|春,丰年:1|莲塘:1|待月:1|月:1|地:1|春:1
32,怀古堂前小梅渐开,宋,梅花,8,喜雨|春寒|桥|日|风|水|园|云,春意|春寒|大江|日|风|水|园|云,喜雨:1|春寒:1|桥:1|日:1|风:1|水:1|园:1|云:1
33,梅花下小饮,宋,梅花,6,残星|喜雪|霞|春|腊|山,数点|玉杯|雨晴|春|腊|山,残星:1|喜雪:1|霞:1|春:1|腊:1|山:1
34,梅 花,宋,梅花,4,远山|残星|风|沙,一点|月斜|萧萧|风吹,远山:1|残星:1|风:1|沙:1
35,落 梅,宋,梅花,6,十六夜月|梅雨|风|山|野|月,昨夜|几阵|风|山|野|月,十六夜月:1|梅雨:1|风:1|山:1|野:1|月:1
36,渔舍观梅,宋,梅花,6,云|浦|潮|月|春|水,漠漠|沙鸥|扁舟|寂寞|云|春|水,云:2|浦:1|潮:1|月:1|春:1|水:1
37,梅 魂,元,梅花,7,月|残星|松径|风|山|水|溪,迢迢|寂寥|风弄|萧萧|山|水|月|溪,月:2|残星:1|松径:1|风:1|山:1|水:1|溪:1
38,水中梅影,元,梅花,13,江湖|盆池|渡|春色|喜雪|待月|温泉|冬雨|残星|风|云|溪|桥,澄澄|云母|春色|千点|倚槛|带月|凌波|黄昏|横斜|清浅|风|云|溪|桥,江湖:2|盆池:1|渡:1|春色:1|喜雪:1|待月:1|温泉:1|冬雨:1|残星:1|风:1|云:1|溪:1|桥:1
39,梅花九首(其一),明,梅花,10,天|上元|夏夜|虹|风|云|早春|江|山|春,瑶台|处处|月明|美人|萧萧|漠漠|东风|江|山|春,天:1|上元:1|夏夜:1|虹:1|风:1|云:1|早春:1|江:1|山:1|春:1
40,梅花九首(其三),明,梅花,6,月|雪晴|沙|流水|云|山,骑驴|风吹|流水|成愁|月|云|山,月:2|雪晴:1|沙:1|流水:1|云:1|山:1
41,梅 涧,明,梅花,9,沙|秋径|苦寒|星|秋日即|春径|涧|野|山,地僻|寒水|风吹|陨石|山翁|春光|沙|涧|野|山,沙:2|秋径:1|苦寒:1|星:1|秋日即:1|春径:1|涧:1|野:1|山:1
42,赠范蔚宗,南朝宋,梅花,2,江|春,江|春,江:1|春:1
43,咏 梅,南朝梁,梅花,3,春|日|池,春|日|池,春:1|日:1|池:1
44,江滨梅,唐,梅花,3,春|春风|水,寒梅|开花|水,春:1|春风:1|水:1
45,杂 诗（其二）,唐,梅花,3,春夜|春|日,窗前|寒梅|日,春夜:1|春:1|日:1
46,忆 梅,唐,梅花,2,春|天,寒梅|天,春:1|天:1
47,梅 花,宋,梅花,1,江湖,暗香,江湖:1
48,梅 花,宋,梅花,3,冬雨|夏夜|山,梅花|明月|横斜|山,冬雨:2|夏夜:1|山:1
49,梅 花,宋,梅花,5,中庭|游山|冬雨|山|月,中庭|幽人|梅花|山|月,中庭:1|游山:1|冬雨:1|山:1|月:1
50,早 梅,宋,梅花,4,冬夜|石洞|如昼|园,霜风|仙子|经年|园,冬夜:1|石洞:1|如昼:1|园:1
51,寒 梅,宋,梅花,2,春昼|月影,风清|月影,春昼:1|月影:1
52,岭 梅,宋,梅花,2,冬雨|雨,梅花|雨,冬雨:1|雨:1
53,咏 梅,金,梅花,5,游春|渡口|江湖|江|月,看花|立马|黄昏|江|月,游春:1|渡口:1|江湖:1|江:1|月:1
54,邻墙梅花,元,梅花,3,早春|冬雨|春,腊后|梅花|春,早春:1|冬雨:1|春:1
55,梅 花,清,梅花,3,曝日|江湖|春风,竹屋|暗香|春风,曝日:1|江湖:1|春风:1
56,梅 花,清,梅花,5,骤雨|春|春风|春雨|待月,孤馆|寒梅|春风|园花|江上,骤雨:1|春:1|春风:1|春雨:1|待月:1
57,梅花坞坐月,清,梅花,4,竹风|喜雪|冬雨|溪,月明中|孤吟|梅花|溪,竹风:1|喜雪:1|冬雨:1|溪:1
58,灵谷寺梅花坞,明,梅花,3,冬雨|山|石,梅花|山|石,冬雨:1|山:1|石:1
59,新栽梅,唐,梅花,2,寒食雨|池,桃李|池,寒食雨:1|池:1
60,春女怨,唐,梅花,1,春色,春色,春色:1
61,早 梅,唐,梅花,6,春|雪晴|溪|桥|水|冬,寒梅|未消|溪|桥|水|冬,春:1|雪晴:1|溪:1|桥:1|水:1|冬:1
62,竹里梅,唐,梅花,2,冬雨|沙,梅花|风吹,冬雨:2|沙:1
63,山驿梅花,唐,梅花,5,沙|溪|涧|山|雨,陌上|溪|涧|山|雨,沙:1|溪:1|涧:1|山:1|雨:1
64,梅 花,唐,梅花,2,待月|初冬,倚槛|池冰,待月:1|初冬:1
65,京师逢卖梅花,宋,梅花,2,秋兴|涧,修竹|水深,秋兴:1|涧:1
66,梅 花,宋,梅花,6,秋|早春|冬|喜雨|春|日,萧条|腊后|雪压|春意|春|日,秋:1|早春:1|冬:1|喜雨:1|春:1|日:1
67,梅花二首,宋,梅花,10,早春|水帘|冬雨|上元遇雪|寒食雨|喜雪|水|石|渡|溪,春来|潺潺|梅花|东风|飞雪|关山|把酒|水|石|渡|溪,早春:2|水帘:1|冬雨:1|上元遇雪:1|寒食雨:1|喜雪:1|水:1|石:1|渡:1|溪:1
68,次韵杨公济奉议梅花,宋,梅花,1,风,风,风:1
69,梅 花,宋,梅花,7,春晴|残星|冬雨|春|山|烟|浦,芳草|盈盈|脉脉|春|山|烟|浦,春晴:1|残星:1|冬雨:1|春:1|山:1|烟:1|浦:1
70,十一月后庭梅花盛开,宋,梅花,5,冬雨|秋径|江湖|夏|腊,梅花|青苔|幽香|山禽|腊,冬雨:1|秋径:1|江湖:1|夏:1|腊:1
71,梅,宋,梅花,3,早春|立春|春,东风|残雪|梨花,早春:1|立春:1|春:1
72,和张规臣水墨梅五绝(其三),宋,梅花,4,春归|浮山|江|尘,春归|依旧|江|尘,春归:1|浮山:1|江:1|尘:1
73,和张规臣水墨梅五绝（其五）,宋,梅花,5,重九|秋兴|秋色|秋凉|冬雨,年年|临水|幽姿|画出|横斜,重九:1|秋兴:1|秋色:1|秋凉:1|冬雨:1
74,绿萼梅,宋,梅花,2,罗|日,罗|日,罗:1|日:1
75,落 梅,宋,梅花,2,春|风,东君|风,春:1|风:1
76,梅 花,宋,梅花,3,江湖|残月|风,幽香|淡淡|风,江湖:1|残月:1|风:1
77,梅 花,宋,梅花,4,冬雨|岛屿|海|山,梅花|晓风|雪堆|山,冬雨:1|岛屿:1|海:1|山:1
78,梅 花,宋,梅花,2,沙|春色,如雪|丹青,沙:1|春色:1
79,江上寻梅,宋,梅花,4,渔矶|冬雨|园|地,风月|梅花|园|地,渔矶:1|冬雨:1|园:1|地:1
80,折梅花,宋,梅花,4,冬雨|渡|山|石,梅花|清泉|山|石,冬雨:1|渡:1|山:1|石:1
81,雪后寻梅,宋,梅花,3,冬夜|游山|春昼,梅影|幽人|欹枕,冬夜:1|游山:1|春昼:1
82,池亭双树梅花,宋,梅花,3,冬雨|池|水,梅花|池|水,冬雨:1|池:1|水:1
83,南斋梅花,宋,梅花,4,春晓|冬雨|月|烧,早起|梅花|月|烧,春晓:1|冬雨:1|月:1|烧:1
84,梅影上有寒雀来往,宋,梅花,3,冬雨|日影|水声,梅花|日影|飞花|古今,冬雨:2|日影:1|水声:1
85,昌英知县叔作岁，坐上赋瓶里梅花，时坐上九人,宋,梅花,3,沙|冬雨|水,江头|梅花|水,沙:1|冬雨:1|水:1
86,庆长叔招饮花下,宋,梅花,3,溪|雪意|上元,风声|雪声|翠袖,溪:1|雪意:1|上元:1
87,瓶里梅花,宋,梅花,1,山,山,山:1
88,除夜自石湖归苕溪(其一),宋,梅花,7,残星|冬雨|石桥|雨|沙|烟|水,迢迢|梅花|石桥|雨|沙|烟|水,残星:1|冬雨:1|石桥:1|雨:1|沙:1|烟:1|水:1
89,水边早梅,宋,梅花,4,秋阴|秋径|春径|池,黯淡|寒烟|春光|池,秋阴:1|秋径:1|春径:1|池:1
90,久客买舟西还,宋,梅花,3,冬雨|河|浦,万里|烟波|灞桥|梅花,冬雨:2|河:1|浦:1
91,梅 花,宋,梅花,5,山|冬日书怀|秋暮|冬夜|喜雨,楼寒|野月|峥嵘|霜清|春意|山,山:2|冬日书怀:1|秋暮:1|冬夜:1|喜雨:1
92,武夷山中,宋,梅花,6,江湖|潮|月|冬雨|山|雨,野水|天地|寂寥|梅花|山|雨,江湖:1|潮:1|月:1|冬雨:1|山:1|雨:1
93,夜 坐,宋,梅花,4,松径|冬雨|风|江,森森|梅花|风|江,松径:1|冬雨:1|风:1|江:1
94,窗外梅蕾,金,梅花,6,冬|春风|溪|石|桥|风,麦肥|春风|雪飞|溪|石|桥|风,冬:2|春风:1|溪:1|石:1|桥:1|风:1
95,墨 梅,金,梅花,2,月|渔矶,影冷|烟雨,月:1|渔矶:1
96,梅,金,梅花,4,春|春色|江湖|如昼,晴沙|春色|暗香|今夜,春:1|春色:1|江湖:1|如昼:1
97,观梅有感,元,梅花,6,早春|喜雨|冬雨|尘|沙|江,东风|春意|梅花|尘|沙|江,早春:1|喜雨:1|冬雨:1|尘:1|沙:1|江:1
98,白 梅,元,梅花,5,寒食雨|月桂|河|尘|春,桃李|清香|万里|尘|春,寒食雨:1|月桂:1|河:1|尘:1|春:1
99,梅 花,元,梅花,9,早春|冬日|霞|雷|莲塘|冬雨|月|野|桥,东风|雪消|山色|一声|羌笛|梅花|月|野|桥,早春:1|冬日:1|霞:1|雷:1|莲塘:1|冬雨:1|月:1|野:1|桥:1
100,梅 花,元,梅花,4,夏夜|海|烟|天,月明|海|烟|天,夏夜:1|海:1|烟:1|天:1
101,风 梅,元,梅花,3,风|春寒|月,少女|春寒|月,风:1|春寒:1|月:1
102,王元章倒枝画梅,明,梅花,3,竹径|冬雨|地,拂云|梅花|地,竹径:1|冬雨:1|地:1
103,吉祥寺古梅,清,梅花,4,冬雨|潮|山|春,梅花|花气|山|春,冬雨:1|潮:1|山:1|春:1
104,百嘉村见梅花,清,梅花,4,江湖|冬夜|春郊|天,黄昏|寒月|江村|天,江湖:1|冬夜:1|春郊:1|天:1
105,梅 花,清,梅花,2,莲塘|春,苍苔|春,莲塘:1|春:1
106,枯 梅,清,梅花,0,,,
107,浣溪沙,宋,梅花,10,天|梅溪|流水|暮冬|十六夜月|云|假山|水|月|石,断桥|流水|春回|昨夜|冉冉|瑶台|窗外|水|月|石|天,天:2|梅溪:1|流水:1|暮冬:1|十六夜月:1|云:1|假山:1|水:1|月:1|石:1
108,浣溪沙,清,梅花,7,喜雪|寒食雨|春径|夏夜|江湖|水|云,铅华|桃李|春光|明月|幽香|水|云,喜雪:1|寒食雨:1|春径:1|夏夜:1|江湖:1|水:1|云:1
109,长相思,宋,梅花,1,冬,雪飞,冬:1
110,鬲溪梅令,宋,梅花,8,山|园|春风|喜雪|残星|云|水|春,山|好花|春风|横陈|盈盈|云|水|春,山:2|园:1|春风:1|喜雪:1|残星:1|云:1|水:1|春:1
111,卜算子,宋,梅花,6,喜雪|远山|夏夜|涧|春|风,园林|远山|明月|涧|春|风,喜雪:1|远山:1|夏夜:1|涧:1|春:1|风:1
112,卜算子,宋,梅花,6,春|梅溪|月|江湖|雨|尘,断桥|寂寞|黄昏|风和|雨|春|尘,春:2|梅溪:1|月:1|江湖:1|雨:1|尘:1
113,诉衷情,宋,梅花,3,春昼|春|月,人悄悄|春|月,春昼:1|春:1|月:1
114,霜天晓角,宋,梅花,5,冬雨|江|十六夜月|待月|月,冰清|昨夜|梅花|玉龙|卷珠帘|月,冬雨:2|江:1|十六夜月:1|待月:1|月:1
115,霜天晓角,宋,梅花,9,霞|冬雨|雪意|云峰|春日书怀|风|春|云|月,晚晴|脉脉|天淡|来去|画楼|风|春|云|月,霞:1|冬雨:1|雪意:1|云峰:1|春日书怀:1|风:1|春:1|云:1|月:1
116,霜天晓角,宋,梅花,3,春风|月|海,春风|月|海,春风:1|月:1|海:1
117,霜天晓角,清,梅花,4,溪|清明|春径|罗,傲雪|百花|春光|罗,溪:1|清明:1|春径:1|罗:1
118,清平乐,宋,梅花,6,早春|悲秋|雪意|云|天|水,东风|月冷|风寒|云|天|水,早春:1|悲秋:1|雪意:1|云:1|天:1|水:1
119,清平乐,宋,梅花,5,冬雨|风|重九|海|天,梅花|年年|萧萧|海|天|风,冬雨:3|风:2|重九:1|海:1|天:1
120,好事近,宋,梅花,5,夏夜|江湖|烟|水|石,月华|幽香|烟|水|石,夏夜:1|江湖:1|烟:1|水:1|石:1
121,忆秦娥,宋,梅花,10,冬雨|云|天|秋风|梅溪|残星|江湖|早春|雷|月,梅花|天|凄凉|南浦|断桥|盈盈|凌波|东风|一声|月|云,冬雨:2|云:2|天:2|秋风:1|梅溪:1|残星:1|江湖:1|早春:1|雷:1|月:1
122,忆少年,宋,梅花,12,喜雪|残月|残星|冬雨|江湖|春|风|秋暮|雷|莲塘|沙|天,斜斜|淡淡|盈盈|脉脉|暗香|梨花|萧萧|水寒|一声|羌笛|沙|天,喜雪:1|残月:1|残星:1|冬雨:1|江湖:1|春:1|风:1|秋暮:1|雷:1|莲塘:1|沙:1|天:1
123,阮郎归,宋,梅花,8,江湖|冬夜|早春|水帘|春|江|日|云,暗香|月黄昏|东风|岭头|春|江|日|云,江湖:1|冬夜:1|早春:1|水帘:1|春:1|江:1|日:1|云:1
124,善萨蛮,宋,梅花,4,冬雨|秋日书怀|悲秋|春日,飞花|单衣|衣单|迟迟,冬雨:1|秋日书怀:1|悲秋:1|春日:1
125,菩萨蛮,宋,梅花,6,春郊|春寒|月|春|风|雨,孤村|和雨|月|春|风|雨,春郊:1|春寒:1|月:1|春:1|风:1|雨:1
126,菩萨蛮,宋,梅花,5,待月|河汉|斜阳|秋兴|天,江上|银河|归舟|夕阳|卷帘|天,待月:3|河汉:1|斜阳:1|秋兴:1|天:1
127,朝中措,宋,梅花,6,秋色|秋风|沙|月桂|早春|月,幽姿|凄凉|江头|清香|东风|月,秋色:1|秋风:1|沙:1|月桂:1|早春:1|月:1
128,虞美人,宋,梅花,5,腊|天|江|春|风,梅破|天|江|春|风,腊:1|天:1|江:1|春:1|风:1
129,西江月,宋,梅花,5,春|雾|风|海|云,梨花|雾|风|海|云,春:1|雾:1|风:1|海:1|云:1
130,盐角儿,宋,梅花,5,溪|探春|残月|风|月,溪|山桃|淡淡|风|月,溪:2|探春:1|残月:1|风:1|月:1
131,踏莎行,宋,梅花,3,冬雨|月|风,梅花|南楼|风|月,冬雨:2|月:2|风:1
132,临江仙,宋,梅花,11,秋雨|山|远山|残星|客中雨|月桂|风|重九|江|腊|春,破晓|缥缈|云间|盈盈|湿征衣|清香|满袖|画堂|江|腊|春,秋雨:1|山:1|远山:1|残星:1|客中雨:1|月桂:1|风:1|重九:1|江:1|腊:1|春:1
133,临江仙,宋,梅花,6,春日书怀|月|旱|云|雾|春,庭院|憔悴|南楼|暖风迟日|云|雾|春,春日书怀:2|月:1|旱:1|云:1|雾:1|春:1
134,临江仙,宋,梅花,9,溪|春晴|春郊|假山|流水|冬夜|春|山|云,溪|花心|江村|秀色|流水|月黄昏|春|山|云,溪:2|春晴:1|春郊:1|假山:1|流水:1|冬夜:1|春:1|山:1|云:1
135,渔家傲,宋,梅花,9,冬夜|梅溪|秋色|残星|冬雨|观涨|祥云|远山|天,雪月|梅溪|幽姿|清浅|横斜|菱花|随月|云间|天,冬夜:1|梅溪:1|秋色:1|残星:1|冬雨:1|观涨:1|祥云:1|远山:1|天:1
136,孤雁儿,宋,梅花,8,风|冬日即事|泉声|水|春|雨|地|天,纸帐|断续|萧萧|水|春|风|雨|地|天,风:2|冬日即事:1|泉声:1|水:1|春:1|雨:1|地:1|天:1
137,江梅引,金,梅花,11,云|上元|游山|秋|霞|罗|春|烟|水|天|江,翠袖|倚竹|璧月|冉冉|孤鸿|罗|云|春|烟|水|天|江,云:2|上元:1|游山:1|秋:1|霞:1|罗:1|春:1|烟:1|水:1|天:1|江:1
138,望 梅,宋,梅花,14,武夷山|霞|上元|竹溪|春色|水声|江湖|秋日书怀|月|莲塘|春夜|春晓|云|江,画栏|照水|鲛绡|浅浅|春色|风前|暗香|故国|千里|羌笛|半窗|晓月|云|江,武夷山:1|霞:1|上元:1|竹溪:1|春色:1|水声:1|江湖:1|秋日书怀:1|月:1|莲塘:1|春夜:1|春晓:1|云:1|江:1
139,最高楼,宋,梅花,9,地|喜雪|春|寒食雨|天|月|山|水|风,地|棱棱|东君|桃李|天|月|山|水|风,地:2|喜雪:1|春:1|寒食雨:1|天:1|月:1|山:1|水:1|风:1
140,汉宫春,宋,梅花,15,风|松风|暮冬|春|冬|春寒|重九|残星|遇雨|河汉|月桂|溪|月|江|天,潇洒|江梅|东君|雪压|春寒|年年|清浅|故人|冷落|微云淡|清香|溪|月|江|天|风,风:2|松风:1|暮冬:1|春:1|冬:1|春寒:1|重九:1|残星:1|遇雨:1|河汉:1|月桂:1|溪:1|月:1|江:1|天:1
141,东风第一枝,明,梅花,11,天|泉|春日书怀|春风|夏夜|远山|云|月|烟|江|日,瑶台|凄冷|憔悴|春风|风景|一点|云|月|烟|江|日,天:1|泉:1|春日书怀:1|春风:1|夏夜:1|远山:1|云:1|月:1|烟:1|江:1|日:1
142,满江红,宋,梅花,11,溪|苦热|早春|渡|上元|松径|月|日|山|涧|尘,赤日|天寒|南北|傲雪|银烛|风韵|溪|月|日|山|涧|尘,溪:2|苦热:1|早春:1|渡:1|上元:1|松径:1|月:1|日:1|山:1|涧:1|尘:1
143,花心动,宋,梅花,14,云|喜雪|霞|早春|武夷山|上元|立冬|残月|春日书怀|莲塘|水|尘|江|烟,一片|千点|雨晴|东风|画栏|翠袖|春信|残月|梦魂|伴人|水|尘|江|烟,云:1|喜雪:1|霞:1|早春:1|武夷山:1|上元:1|立冬:1|残月:1|春日书怀:1|莲塘:1|水:1|尘:1|江:1|烟:1
144,孤 鸾,宋,梅花,12,春|待月|春风|江湖|残星|秋风|江|星|烟|罗|月|天,春|江上|寒梅|春风|幽香|迢迢|凄凉|江|星|烟|罗|月|天,春:3|待月:1|春风:1|江湖:1|残星:1|秋风:1|江:1|星:1|烟:1|罗:1|月:1|天:1
145,赏南枝,宋,梅花,7,暮冬|潮|冬日|远山|江湖|山|春,暮冬|天地|岭梅|几点|幽香|山|春,暮冬:1|潮:1|冬日:1|远山:1|江湖:1|山:1|春:1
146,一尊红,元,梅花,7,春|春日|喜雨|竹径|残星|山|溪,泥融|春意|碎月|东君|清浅|春|山|溪,春:2|春日:1|喜雨:1|竹径:1|残星:1|山:1|溪:1
147,暗香,宋,梅花,13,客中雨|石|江湖|秋暮|春风|春夜|井|探春|冬雨|冬|月|日|江,石|暗香|月色|春风|花香|寂寂|路遥|积翠|携手|片片|冬|月|日|江,客中雨:2|石:2|江湖:1|秋暮:1|春风:1|春夜:1|井:1|探春:1|冬雨:1|冬:1|月:1|日:1|江:1
148,暗香,清,梅花,12,莲塘|秋兴|早春|久雨|云|冬雨|春晓|春|日|月|溪|风,绿华|修竹|天寒|苔色|一片|脉脉|露湿|春|日|月|溪|风,莲塘:1|秋兴:1|早春:1|久雨:1|云:1|冬雨:1|春晓:1|春:1|日:1|月:1|溪:1|风:1
149,疏 影,宋,梅花,10,江湖|江|秋兴|假山|春风|残星|云|冬雨|沙|月,江|黄昏|修竹|花幽|春风|盈盈|一片|玉龙|幽香|沙|月,江湖:2|江:2|秋兴:1|假山:1|春风:1|残星:1|云:1|冬雨:1|沙:1|月:1
150,疏 影,宋,梅花,12,石|春寒|早春|祥云|立春|江湖|春夜|风|温泉|月|罗|水,春寒|碧藓|东风|孤云|残雪|黄昏|窗前|故人|翠阴|月|罗|石|水,石:2|春寒:1|早春:1|祥云:1|立春:1|江湖:1|春夜:1|风:1|温泉:1|月:1|罗:1|水:1
151,疏 影,宋,梅花,13,江湖|春夜|水|园|冬雨|残星|月|春色|霞|早春|云|春|海,黄昏|片月|满地|缓步|横斜|明灭|蛾眉|花光|照水|天寒|云|春|海,江湖:1|春夜:1|水:1|园:1|冬雨:1|残星:1|月:1|春色:1|霞:1|早春:1|云:1|春:1|海:1
152,扬州慢,清,梅花,17,冬雨|江湖|山|夏晓|冬日|曝日|雪意|十六夜月|冬日即事|早春|残星|远山|夏夜|溪|春|霞|天,山|烟沉|雪霁|小桥|竹屋|垂垂|横斜|昨夜|纸帐|幽香|天寒|盈盈|冰花|云间|明月|照窗|溪|春|霞|天,冬雨:3|江湖:2|山:2|夏晓:1|冬日:1|曝日:1|雪意:1|十六夜月:1|冬日即事:1|早春:1|残星:1|远山:1|夏夜:1|溪:1|春:1|霞:1|天:1
153,沁园春,宋,梅花,13,山|虹|沙|渔矶|冬|冬日书怀|石|春|月|云|风|水|江,山|美人|江头|烟雨|岁寒|残角|石|春|月|云|风|水|江,山:2|虹:1|沙:1|渔矶:1|冬:1|冬日书怀:1|石:1|春:1|月:1|云:1|风:1|水:1|江:1
154,沁园春,宋,梅花,10,山|冬雨|孤峰|待月|早春|莲塘|秋风|天|日|月,山|梅花|孤高|凝望|冷艳|天寒|羌笛|凄凉|天|日|月,山:3|冬雨:2|孤峰:1|待月:1|早春:1|莲塘:1|秋风:1|天:1|日:1|月:1
155,贺新郎,宋,梅花,10,春|重九|早春|雪意|夏夜|莲塘|江|云|地|水,陈迹|东风|梦断|月明|苍苔|东君|沧浪|云|地|春|水,春:2|重九:1|早春:1|雪意:1|夏夜:1|莲塘:1|江:1|云:1|地:1|水:1
156,六州歌头,元,梅花,20,江|冬|冬日即事|雪晴|秋兴|立春|上元|春日书怀|江湖|冬雨|探春|山|石|霞|水|云|月|春|风|沙,江|老树|乌帽|骑驴|修竹|残雪|翠袖|梦魂|照影|横斜|寻芳|山|石|霞|水|云|月|春|风|沙,江:2|冬:1|冬日即事:1|雪晴:1|秋兴:1|立春:1|上元:1|春日书怀:1|江湖:1|冬雨:1|探春:1|山:1|石:1|霞:1|水:1|云:1|月:1|春:1|风:1|沙:1
157,代迎春花招刘郎中,唐,迎春花,2,寒食雨|园,桃李|园,寒食雨:1|园:1
158,刘敞阁前迎春花,宋,迎春花,6,春寒|春郊|尘|地|园|春,沉沉|花枝|尘|地|园|春,春寒:1|春郊:1|尘:1|地:1|园:1|春:1
159,中书东厅迎春,宋,迎春花,2,早春|清明,春来|百花,早春:1|清明:1
160,嘲迎春花,清,迎春花,6,河汉|月桂|浮山|春寒|春日书怀|风,分明|清香|依旧|春寒|憔悴|风,河汉:1|月桂:1|浮山:1|春寒:1|春日书怀:1|风:1
161,清平乐,宋,迎春花,5,暮冬|园|祥云|春|江,迎春|红紫|纷纷|春|江,暮冬:1|园:1|祥云:1|春:1|江:1
162,和乐天宴李美周中丞宅池中赏櫻桃花,唐,樱桃花,9,立夏|沙|月桂|立春|七夕|冬日书怀|天|水|日,樱桃|如雪|清香|初阳|华筵|三年|天|水|日,立夏:1|沙:1|月桂:1|立春:1|七夕:1|冬日书怀:1|天:1|水:1|日:1
163,櫻桃花下有感而作,唐,樱桃花,4,春日|清明|待月|池,春日|风光|停杯|池,春日:1|清明:1|待月:1|池:1
164,履信池櫻桃岛上醉后走笔送别舒员外兼寄宗正李卿考功崔郎中,唐,樱桃花,11,春|立夏|云|日|沙|水|悲秋|苦寒|风|池|地,春|樱桃|日|风吹|满地|千重|悲秋|寒水|故人|池|地|云,春:5|立夏:2|云:2|日:2|沙:1|水:1|悲秋:1|苦寒:1|风:1|池:1|地:1
165,同诸客携酒早看櫻桃花,唐,樱桃花,6,立夏|春日书怀|冬|待月|春|天,樱桃|携酒|雪压|停杯|春|天,立夏:1|春日书怀:1|冬:1|待月:1|春:1|天:1
166,二月十五日櫻桃花盛开,唐,樱桃花,3,春晓|水|夜雨,烟重|春深|夜雨,春晓:1|水:1|夜雨:1
167,和永叔同游上林院后亭见櫻桃花悉已披谢,宋,樱桃花,6,喜雪|探春|春郊|秋兴|春|日,寻芳|飘英|游蜂|把酒|夕阳|春|日,喜雪:2|探春:1|春郊:1|秋兴:1|春:1|日:1
168,酬韩侍郎张博士雨后游曲江见寄,唐,樱桃花,3,沙|园|雨,江头|园|雨,沙:1|园:1|雨:1
169,題东楼前李使君所种樱桃花,唐,樱桃花,4,立春|云|日|春,栽红|云|日|春,立春:1|云:1|日:1|春:1
170,折枝花赠行,唐,樱桃花,3,立夏|梅溪|春,樱桃|千株|春,立夏:1|梅溪:1|春:1
171,和裴仆射看櫻桃花,唐,樱桃花,5,水声|立夏|残星|日|园,雨后|樱桃|天明|日|园,水声:1|立夏:1|残星:1|日:1|园:1
172,山寺看櫻桃花題僧壁,唐,樱桃花,2,春风|除日立春,春风|腊尽,春风:1|除日立春:1
173,题樱桃,唐,樱桃花,5,元日|春日书怀|潮|风|日,春初|携酒|玉山|风|日,元日:1|春日书怀:1|潮:1|风:1|日:1
174,樱桃树,唐,樱桃花,2,清明|春郊,花落|游蜂,清明:1|春郊:1
175,买带花樱桃,唐,樱桃花,2,烟|春,烟|春,烟:1|春:1
176,樱桃花,宋,樱桃花,0,,,
177,樱桃花,元,樱桃花,2,竹溪|风,浅浅|风,竹溪:1|风:1
178,红窗睡,清,樱桃花,5,雪意|春郊|虹|风|雨,垂垂|花枝|美人|风|雨,雪意:1|春郊:1|虹:1|风:1|雨:1
179,折海棠戏赠圣俞,宋,海棠,5,遇雨|喜雪|旱|不见|春,荒凉|及时|白日|不见|春,遇雨:1|喜雪:1|旱:1|不见:1|春:1
180,张园观海棠,宋,海棠,7,春日|泉|江湖|喜雪|春|园|雨,明媚|走马|黄昏|千点|春|园|雨,春日:1|泉:1|江湖:1|喜雪:1|春:1|园:1|雨:1
181,寓居定惠院之东，杂花溝山，有海棠一株，土人不知贵也,宋,海棠,18,月|寒食雨|日|上元|虹|旱|春晓|春雨|松径|秋兴|祥云|江|地|山|雾|春|雨|天,桃李|出天|翠袖|晓光|迟日|暖风|有泪|散步|修竹|千里|纷纷|江|地|山|雾|春|雨|月|天,月:2|寒食雨:1|日:1|上元:1|虹:1|旱:1|春晓:1|春雨:1|松径:1|秋兴:1|祥云:1|江:1|地:1|山:1|雾:1|春:1|雨:1|天:1
182,张园海棠,宋,海棠,15,立冬|潮|春色|庆云|梅溪|关隘|霞|游春|尘|沙|海|池|风|园|天,春信|天地|花光|庆云|绛雪|西东|锦绣|步障|尘|沙|海|池|风|园|天,立冬:1|潮:1|春色:1|庆云:1|梅溪:1|关隘:1|霞:1|游春:1|尘:1|沙:1|海:1|池:1|风:1|园:1|天:1
183,海棠歌,宋,海棠,10,海|潮|月|寒食雨|立夏|渔矶|暮冬|秋夜|河|天,海|扁舟|千里|桃李|芍药|风雨|春残|夜寒|千年|天,海:3|潮:1|月:1|寒食雨:1|立夏:1|渔矶:1|暮冬:1|秋夜:1|河:1|天:1
184,游海棠西山示赵彦成,宋,海棠,8,早春|春风|游山|春色|石|江|山|海,东风|吹雨|溪门|春色|石|江|山|海,早春:1|春风:1|游山:1|春色:1|石:1|江:1|山:1|海:1
185,海 棠,宋,海棠,7,春径|春日|尘|春|清明|温泉|河,朱栏|明媚|芳树|东君|风光|翠阴|河,春径:1|春日:1|尘:1|春:1|清明:1|温泉:1|河:1
186,陪粹翁举酒君子亭寧下海棠方开,宋,海棠,8,雨|春风|天|清明|秋日书怀|日影|地|海,春风|浩浩|游子|霏霏|故国|隔帘|地|雨|海,雨:2|春风:1|天:1|清明:1|秋日书怀:1|日影:1|地:1|海:1
187,海棠,宋,海棠,7,秋色|春晴|江湖|清明|夜雨|云|风,幽姿|春晴|野水|清明|夜雨|无心|风,秋色:1|春晴:1|江湖:1|清明:1|夜雨:1|云:1|风:1
188,夜宴赏海棠醉书,宋,海棠,4,春寒|天|雨|海,春寒|天|雨|海,春寒:1|天:1|雨:1|海:1
189,怀成都海棠,宋,海棠,7,寒食雨|远水|春径|风|海|月|烟,马上|落日|春光|故人|海|月|烟,寒食雨:1|远水:1|春径:1|风:1|海:1|月:1|烟:1
190,垂丝海棠,宋,海棠,6,春|天|清明|探春|寒食雨|日,得一|风光|海棠风|青帝|桃李|日|春,春:2|天:1|清明:1|探春:1|寒食雨:1|日:1
191,海 棠(其一),宋,海棠,7,远水|松风|春色|上元|园|春|烧,落日|树间|花光|银烛|园|春|烧,远水:1|松风:1|春色:1|上元:1|园:1|春:1|烧:1
192,海 棠(其二),宋,海棠,3,早春|日|春,东风|日|春,早春:1|日:1|春:1
193,祁阳道中见海棠,明,海棠,8,观涨|秋色|陂塘|春晓|江|野|雨|春,叠叠|烟云|绿阴|暖风|江|野|雨|春,观涨:1|秋色:1|陂塘:1|春晓:1|江:1|野:1|雨:1|春:1
194,咏白海棠,清,海棠,5,冬雨|祥云|冬夜|新秋|秋,梅花|一缕|月窟|西风|秋,冬雨:1|祥云:1|冬夜:1|新秋:1|秋:1
195,垂丝海棠,宋,海棠,3,冬雨|地|云,脉脉|地|云,冬雨:1|地:1|云:1
196,海 棠,唐,海棠,2,雨|早春,点点|东风|雨,雨:2|早春:1
197,海 棠,宋,海棠,4,早春|雾|月|烧,东风|雾|月|烧,早春:1|雾:1|月:1|烧:1
198,海棠三首(其一),宋,海棠,3,雨|海|日,点点|海|日|雨,雨:2|海:1|日:1
199,海棠三首(其二),宋,海棠,6,上元|梅雨|喜雪|竹径|春|罗,翠袖|一番|园林|无尘|春|罗,上元:1|梅雨:1|喜雪:1|竹径:1|春:1|罗:1
200,海棠三首(其三),宋,海棠,5,春日|春郊|祥云|早春|海,春日|游蜂|来往|东风|海,春日:1|春郊:1|祥云:1|早春:1|海:1
201,海 棠,宋,海棠,7,日|春寒|月|风|园|海|雨,日|春寒|月|风|园|海|雨,日:2|春寒:1|月:1|风:1|园:1|海:1|雨:1
202,赏海棠三绝,宋,海棠,10,除夜|皓彩|清明|秋声|春色|夏夜|春|海|月|风,岁华|灯烛|花影|风光|倚栏|花光|月光|春|海|月|风,除夜:2|皓彩:1|清明:1|秋声:1|春色:1|夏夜:1|春:1|海:1|月:1|风:1
203,闻石湖海棠盛开亟携家过之,宋,海棠,7,风|早春|送春|云|莲塘|春径|夏日途中,东风|花信|留连|一片|苍苔|春光|红云|风,风:2|早春:1|送春:1|云:1|莲塘:1|春径:1|夏日途中:1
204,花时遍游诸家园,宋,海棠,4,春阴|风|日|海,春阴|风|日|海,春阴:1|风:1|日:1|海:1
205,海 棠,宋,海棠,2,候|水声,地名|古今,候:1|水声:1
206,题苦竹寺海棠洞,宋,海棠,3,上元|游春|风,翠袖|步障|风,上元:1|游春:1|风:1
207,海棠三首(其一),宋,海棠,4,春径|衡山|石|海,夹路|芙蓉|石|海,春径:1|衡山:1|石:1|海:1
208,海棠三首(其二),宋,海棠,5,河汉|罗|山|溪|野,分明|罗|山|溪|野,河汉:1|罗:1|山:1|溪:1|野:1
209,海棠三首(其三),宋,海棠,2,冬雨|风,片片|风,冬雨:1|风:1
210,雨中海棠,宋,海棠,4,渔矶|待月|喜雪|月影,风雨|卷珠帘|簌簌|香满,渔矶:1|待月:1|喜雪:1|月影:1
211,黄海棠,金,海棠,0,,,
212,同儿辈赋未开海棠,金,海棠,4,早春|残星|寒食雨|春风,新绿|数点|桃李|春风,早春:1|残星:1|寒食雨:1|春风:1
213,海 棠,元,海棠,3,春风|早春|月,落花|东风|月,春风:1|早春:1|月:1
214,腊月海棠,元,海棠,4,初冬|苦寒|腊|春,霜花|北风|腊|春,初冬:1|苦寒:1|腊:1|春:1
215,西斋庭前海棠,明,海棠,3,月|上元|山,寂寥|银烛|兴雨,月:1|上元:1|山:1
216,兴教寺海棠,明,海棠,3,春|山|尘,春|山|尘,春:1|山:1|尘:1
217,海棠词,清,海棠,1,风,风,风:1
218,如梦令,宋,海棠,6,十六夜月|待月|浮山|雨|风|海,昨夜|卷帘|依旧|雨|风|海,十六夜月:1|待月:1|浮山:1|雨:1|风:1|海:1
219,如梦令,宋,海棠,11,待月|寒食|春晴|十六夜月|春日书怀|假山|雷|春暮|园|春|海,江上|绿杨|芳草|昨夜|梦魂|窗外|一声|啼鸟|园|春|海,待月:1|寒食:1|春晴:1|十六夜月:1|春日书怀:1|假山:1|雷:1|春暮:1|园:1|春:1|海:1
220,卜算子,宋,海棠,6,天|冬雨|雨|药园|游春|沙,天|片片|点点|千般|花雨|风吹,天:2|冬雨:1|雨:1|药园:1|游春:1|沙:1
221,南乡子（十月海棠）,宋,海棠,8,立冬|秋晴|春晓|七夕|月|天|雨|烟,小春|红叶|晓莺|织女|月|天|雨|烟,立冬:1|秋晴:1|春晓:1|七夕:1|月:1|天:1|雨:1|烟:1
222,殢人娇,清,海棠,6,如昼|沙|山|水|雨|烟,露华重|江头|山|水|雨|烟,如昼:1|沙:1|山:1|水:1|雨:1|烟:1
223,满江红（二月二十四夜饮海棠下作）,宋,海棠,8,雨|远山|月|送春|石|风|日|云,一点|今夕|残红|添愁|石|风|日|雨|云,雨:2|远山:1|月:1|送春:1|石:1|风:1|日:1|云:1
224,宴清都（连理海棠）,宋,海棠,8,春|莲塘|早春|立春|遇雨|云|风|秋,春|鸳鸯|东风|钗燕|冷落|云|风|秋,春:2|莲塘:1|早春:1|立春:1|遇雨:1|云:1|风:1|秋:1
225,摸鱼儿,宋,海棠,13,早春|游春|雨|春日书怀|久雨|重九|松径|秋径|水|烟|石|日|天,春来|三日|年年|看花|风韵|倾城|岑寂|东风|年光|绿叶|青苔|满地|烟|雨|石|日|天,早春:2|游春:2|雨:2|春日书怀:2|久雨:1|重九:1|松径:1|秋径:1|水:1|烟:1|石:1|日:1|天:1
226,风雨看舟前落花戏为新句,唐,桃花,12,待月|春寒|尘|松径|春风|霞|河汉|烧|莲塘|雨|风|沙,江上|春寒|碧水|引风|吹花|水光|分明|惹草|蜻蜓|雨|风|沙,待月:1|春寒:1|尘:1|松径:1|春风:1|霞:1|河汉:1|烧:1|莲塘:1|雨:1|风:1|沙:1
227,绯桃花歌,唐,桃花,5,早春|春|月|野|霞,东风|春|月|野|霞,早春:1|春:1|月:1|野:1|霞:1
1005-01,驿舍见故屏风画海棠有感,宋,海棠,10,风|海|霞|春日书怀|竹风|渔矶|石|月|天|日,海|锦绣|巷陌|历历|故人|风雨|石|月|天|日|风,风:2|海:2|霞:1|春日书怀:1|竹风:1|渔矶:1|石:1|月:1|天:1|日:1
1006-01,和泽民求海棠,宋,海棠,6,蔬园|春日书怀|雨|尘|沙|霞,栽培|憔悴|雨|尘|沙|霞,蔬园:1|春日书怀:1|雨:1|尘:1|沙:1|霞:1
1007,菩萨蛮,宋,海棠,6,秋兴|春夜|祥云|游春|云|海,临水|月白|纷纷|香风|随意|海,秋兴:1|春夜:1|祥云:1|游春:1|云:1|海:1
1008,四月九日幽谷见绯桃盛开,宋,桃花,5,日|如昼|早春|月桂|祥云,日|经年|东风|清香|东西,日:3|如昼:1|早春:1|月桂:1|祥云:1
1009,忆左掖千叶桃花,明,桃花,10,日|浦|春色|皓彩|莲塘|游春|霞|月|风|江,日|江边|春色|微吟|苍苔|看花|霞|月|风|江,日:2|浦:1|春色:1|皓彩:1|莲塘:1|游春:1|霞:1|月:1|风:1|江:1
228,桃 花,明,桃花,10,莲塘|春|游春|骤雨|流水|梅溪|罗|云|霞|溪,香风|翡翠|滴滴|青帝|莺莺|流水|武陵|罗|云|春|霞|溪,莲塘:2|春:2|游春:1|骤雨:1|流水:1|梅溪:1|罗:1|云:1|霞:1|溪:1
229,晚 桃,唐,桃花,6,松风|春雨|春风|藓径|月|地,涧底|桃花|春风|林前|月|地,松风:1|春雨:1|春风:1|藓径:1|月:1|地:1
230,敷水小桃盛开,唐,桃花,6,江湖|春风|水|地|月|尘,小桥|春风|水|地|月|尘,江湖:1|春风:1|水:1|地:1|月:1|尘:1
231,百井路山桃,宋,桃花,3,霞|梅溪|云,锦绣|武陵|云|霞,霞:2|梅溪:1|云:1
232,桃·花,明,桃花,4,春色|春日书怀|风|罗,春色|别院|风|罗,春色:1|春日书怀:1|风:1|罗:1
233,晚桃花,唐,桃花,5,果园|水|池|日|地,红桃|春深|池|日|地,果园:1|水:1|池:1|日:1|地:1
234,咏庭前桃,唐,桃花,5,梅溪|假山|游春|喜雪|春,千株|庭前|香风|酒楼|春,梅溪:1|假山:1|游春:1|喜雪:1|春:1
235,绯桃花,唐,桃花,8,远水|春山|观涨|春|春色|云|天|电,茫茫|胜游|跃鲤|梨花|春色|悠悠|天|电,远水:1|春山:1|观涨:1|春:1|春色:1|云:1|天:1|电:1
236,连日至梅仙坞及花径观桃花二首(其一),宋,桃花,6,山|春风|日|春日书怀|秋兴|重九,春风|十里|画屏|红雨|夕阳|狂歌|山,山:2|春风:1|日:1|春日书怀:1|秋兴:1|重九:1
237,连日至梅仙坞及花径观桃花二首(其二),宋,桃花,10,梅溪|春雨|河|夏日途中|清明|假山|水|天|日|候,桃花|万里|红云|迷醉眼|绛雪|点春衣|风光|清游|水|天|日|候,梅溪:3|春雨:1|河:1|夏日途中:1|清明:1|假山:1|水:1|天:1|日:1|候:1
238,桃 花,元,桃花,8,秋径|秋暮|探春|春晴|海|春|园|云,晓露|摇落|金谷|芳草|天台|春|园|云,秋径:1|秋暮:1|探春:1|春晴:1|海:1|春:1|园:1|云:1
239,山中看桃花,明,桃花,12,水声|海|春雨|新月|春水|孤峰|雷|重九|梅溪|渡口|月|霞,山回|天台|桃花|映水|浪暖|倚云|飞雨|衣袂|武陵|问津|月|霞,水声:1|海:1|春雨:1|新月:1|春水:1|孤峰:1|雷:1|重九:1|梅溪:1|渡口:1|月:1|霞:1
240,粉红桃花,明,桃花,3,岛屿|春雨|候,晓风|生春|对面,岛屿:1|春雨:1|候:1
241,桃 花,清,桃花,5,早春|秋晚|罗|山|雨,东风|霞红|罗|山|雨,早春:1|秋晚:1|罗:1|山:1|雨:1
242,白桃花次乾斋侍读韵,清,桃花,6,梅溪|孤峰|流水|春风|浮山|不见,武陵|孤峰|流水|春风|玉洞|不见,梅溪:1|孤峰:1|流水:1|春风:1|浮山:1|不见:1
243,歧下桃花,宋,桃花,2,水|桥,水|桥,水:1|桥:1
244,江畔独步寻花绝句,唐,桃花,4,秋兴|春径|早春|春雨,江水|春光|东风|桃花,秋兴:1|春径:1|早春:1|春雨:1
245,听邻家吹笙,唐,桃花,2,春日书怀|霞,碧桃|霞,春日书怀:1|霞:1
246,亚枝红,唐,桃花,4,月|水|池|山,怅望|碧流|池|山,月:1|水:1|池:1|山:1
247,元和十年自朗州承召至京戏赠看花诸君子,唐,桃花,4,旱|游春|寒食|尘,紫陌|看花|桃千树|尘,旱:1|游春:1|寒食:1|尘:1
248,竹枝词(其二),唐,桃花,6,探春|春水|春|梅溪|江|山,山桃|春水|花红|水流|江|山,探春:1|春水:1|春:1|梅溪:1|江:1|山:1
249,竹枝词(其九),唐,桃花,6,寒食雨|远山|山|烟|水|烧,桃李|云间|山|烟|水|烧,寒食雨:1|远山:1|山:1|烟:1|水:1|烧:1
250,宫 词,唐,桃花,5,云|送春|春雨|残星|风,一片|残红|桃花|五更|风,云:2|送春:1|春雨:1|残星:1|风:1
251,题都城南庄,唐,桃花,4,春雨|浮山|春风|日,桃花|依旧|春风|日,春雨:2|浮山:1|春风:1|日:1
252,春游湖,宋,桃花,3,春雨|梅溪|水,桃花|春雨|断桥|水,春雨:2|梅溪:1|水:1
253,绯碧两桃花,宋,桃花,4,泰山|雾|天|风,赤城霞|雾|天|风,泰山:1|雾:1|天:1|风:1
254,杨 柳,金,桃花,5,园|梅溪|春雨|云峰|春风,杨柳|水流|桃花|题诗|春风,园:1|梅溪:1|春雨:1|云峰:1|春风:1
255,潘岳爱桃,明,桃花,4,春雨|上元遇雪|河|地,桃花|万家|河|地,春雨:1|上元遇雪:1|河:1|地:1
1012,杭州半山看桃,清,桃花,6,梅溪|春水|春雨|山|霞|溪,红影|春水|桃花|山|霞|溪,梅溪:1|春水:1|春雨:1|山:1|霞:1|溪:1
256,桃 花,清,桃花,5,春暮|早春|远山|清明|雨,柳暗|东风|几点|清明|雨,春暮:1|早春:1|远山:1|清明:1|雨:1
257,乘马與行正定真道中,清,桃花,10,春雨|春夜|探春|寒食|雷|雨|山|泉|春|烟,桃花|一枕|蝴蝶梦|绿杨|雷|雨|山|泉|春|烟,春雨:1|春夜:1|探春:1|寒食:1|雷:1|雨:1|山:1|泉:1|春:1|烟:1
258,画堂春,清,桃花,7,春|立冬|云|秋阴|霞|雨|水,春信|梨花|弱柳|一片|薄雾|霞|雨|水|春,春:3|立冬:1|云:1|秋阴:1|霞:1|雨:1|水:1
1013,点绛唇（桃花）,清,桃花,5,旱|梅溪|早春|尘|溪,紫陌|武陵|早春|尘|溪,旱:1|梅溪:1|早春:1|尘:1|溪:1
259,定风波,宋,桃花,7,喜雪|月影|残星|梅溪|流水|风|春,簌簌|入帘|五更|武陵|流水|风|春,喜雪:1|月影:1|残星:1|梅溪:1|流水:1|风:1|春:1
260,露 华,宋,桃花,11,秋兴|春昼|江湖|罗|春|烟|渡|山|月|溪|云,临水|风轻|黄昏|罗|春|烟|渡|山|月|溪|云,秋兴:1|春昼:1|江湖:1|罗:1|春:1|烟:1|渡:1|山:1|月:1|溪:1|云:1
261,六幺令（咏桃）,清,桃花,13,寒食|秋兴|清明|残星|喜雪|重九|早春|水|春日|云|春|烟|雾,垂杨|临水|清明|盈盈|铅华|年年|东风|满地|韶光|一片|东君|烟|雾,寒食:1|秋兴:1|清明:1|残星:1|喜雪:1|重九:1|早春:1|水:1|春日:1|云:1|春:1|烟:1|雾:1
262,花心动（同章酌亭刘氏庄看桃花）,清,桃花,13,水|园|日|春郊|霞|喜雪|风|春昼|水帘|海|月|春|山,春深|春郊|雨余|好花|板桥|水色|满袖|春昼|十里|千尺|天台|月|春|山|日|园,水:2|园:2|日:2|春郊:1|霞:1|喜雪:1|风:1|春昼:1|水帘:1|海:1|月:1|春:1|山:1
263,瑶花慢,清,桃花,13,云|霞|远山|春晴|早春|假山|春日|春日书怀|春郊|野|天|春|月,一片|绛云|远山|芳草|春来|清游|韶光|绿叶|花枝|野|天|春|月,云:1|霞:1|远山:1|春晴:1|早春:1|假山:1|春日:1|春日书怀:1|春郊:1|野:1|天:1|春:1|月:1
264,水龙吟,宋,桃花,12,冬日|渡|早春|梅溪|流水|春日书怀|残星|沙|春|溪|风|天,岭梅|丹砂|东风|武陵|流水|红雨|五更|陌上|春|溪|风|天,冬日:1|渡:1|早春:1|梅溪:1|流水:1|春日书怀:1|残星:1|沙:1|春:1|溪:1|风:1|天:1
265,风流子（出关见桃花）,清,桃花,13,月|春|沙|秋日书怀|云峰|春郊|春雨|上巳|早春|渔矶|海|地|山,春|月|风吹|单衣|叠嶂|草短|桃花|曲水|东风|寂寞|风雨|海|地|沙|山,月:3|春:3|沙:2|秋日书怀:1|云峰:1|春郊:1|春雨:1|上巳:1|早春:1|渔矶:1|海:1|地:1|山:1
266,杏花,宋,杏花,2,石|井,石|井,石:1|井:1
267,江路见杏花,宋,杏花,7,江湖|寒食|冬日|秋暮|雨|风|日,浣花|红杏|岭梅|云叶|雨|风|日,江湖:1|寒食:1|冬日:1|秋暮:1|雨:1|风:1|日:1
268,杏 花,唐,杏花,13,旅中寒食|雷|天|关隘|除夜|江|园|雨|风|冬|地|雾|山,岭外|阳气|杳杳|西东|明年|江|园|雨|风|冬|地|雾|山,旅中寒食:1|雷:1|天:1|关隘:1|除夜:1|江:1|园:1|雨:1|风:1|冬:1|地:1|雾:1|山:1
269,月夜与客饮杏花下,宋,杏花,16,风|夏夜|游山|步月|皓彩|流水|月桂|竹风|秋夜|潮|早春|春日书怀|送春|春|山|月,飞帘|明月|幽人|步月|花影|流水|清香|月明中|月落|卷地|东风|绿叶|残红|春|山|月,风:1|夏夜:1|游山:1|步月:1|皓彩:1|流水:1|月桂:1|竹风:1|秋夜:1|潮:1|早春:1|春日书怀:1|送春:1|春:1|山:1|月:1
270,古苑杏花,唐,杏花,4,寒食雨|远水|烧|春,人愁|茫茫|烧|春,寒食雨:1|远水:1|烧:1|春:1
271,杏 花,唐,杏花,3,烧|渔矶|池,烟笼|风雨|池,烧:1|渔矶:1|池:1
272,依韵和王几道途次杏花有感,宋,杏花,4,寒食雨|春径|园|罗,马上|芳径|园|罗,寒食雨:1|春径:1|园:1|罗:1
273,杏 花,唐,杏花,3,浦|风|园,江边|风|园,浦:1|风:1|园:1
274,初见杏花,宋,杏花,3,春风|候|暮冬,春风|烟林|江梅,春风:1|候:1|暮冬:1
275,和梅圣俞杏花,宋,杏花,13,暮冬|冬雨|春径|春|嵩山|如昼|云|春日|除日立春|风|日|月|冬,梅花|江梅|春光|春|嵩山|此时|点缀|腊月|明媚|残岁|风|日|月|冬,暮冬:3|冬雨:2|春径:2|春:2|嵩山:1|如昼:1|云:1|春日:1|除日立春:1|风:1|日:1|月:1|冬:1
276,杏 花,宋,杏花,1,天,天,天:1
277,苏溪亭,唐,杏花,5,岛屿|早春|渔矶|溪|春,漫漫|东风|烟雨|溪|春,岛屿:1|早春:1|渔矶:1|溪:1|春:1
278,曲江红杏,唐,杏花,4,沙|春|春风|日,江头|柳色|春风|日,沙:1|春:1|春风:1|日:1
279,杏 花(其一),宋,杏花,4,寒食|春色|早春|风,垂杨|春烟|春来|风,寒食:1|春色:1|早春:1|风:1
280,杏 花(其二),宋,杏花,1,渔矶,风雨,渔矶:1
281,杏 花(其三),宋,杏花,3,沙|日|梅溪,陌上|十里|绛雪,沙:1|日:1|梅溪:1
282,田家,宋,杏花,4,虹|斜阳|春雨|初日,高下|林外|春雨|初日,虹:1|斜阳:1|春雨:1|初日:1
283,北陂杏花,宋,杏花,6,春水|早春|苦寒|探春|春|尘,春水|东风|吹作雪|南陌|春|尘,春水:1|早春:1|苦寒:1|探春:1|春:1|尘:1
284,杏 花,宋,杏花,3,寒食|风|日,垂杨|萧萧|日,寒食:1|风:1|日:1
285,春 晚,宋,杏花,5,春寒|江湖|园|春归|雨,带烟|小桥|杨柳|春归|雨,春寒:1|江湖:1|园:1|春归:1|雨:1
286,游园不值,宋,杏花,5,樵径|莲塘|春色|寒食|园,屐齿印|苍苔|春色|红杏|园,樵径:1|莲塘:1|春色:1|寒食:1|园:1
287,杏 花,金,杏花,1,春风,春风,春风:1
288,杏 花,明,杏花,3,春寒|秋雨|烟,春寒|破晓|烟,春寒:1|秋雨:1|烟:1
289,浣溪沙,清,杏花,5,春郊|早春|冬日书怀|立春|烟,花枝|东风|三年|初阳|烟,春郊:1|早春:1|冬日书怀:1|立春:1|烟:1
290,酒泉子,唐,杏花,5,假山|悲秋|江湖|喜雪|早春,假山|白发|黄昏|把酒|东风,假山:1|悲秋:1|江湖:1|喜雪:1|早春:1
291,画堂春,明,杏花,7,江湖|梅雨|月|十四夜月|池|桥|雨,水平|一番|寂寞|今宵|池|桥|雨,江湖:1|梅雨:1|月:1|十四夜月:1|池:1|桥:1|雨:1
292,忆秦娥,宋,杏花,5,早春|春|月|候|水,春|东风|寂寞|古道|满地|天寒,早春:3|春:3|月:1|候:1|水:1
293,忆汉月,宋,杏花,4,池|寒食|春风|夜雨,池|红杏|春风|夜雨,池:2|寒食:1|春风:1|夜雨:1
1016,干秋岁,宋,杏花,9,立春|春阴|日|月|云峰|风|星|罗|春,立春|微雨|晖晖|寂寞|如画|风|星|罗|春,立春:1|春阴:1|日:1|月:1|云峰:1|风:1|星:1|罗:1|春:1
294,水龙吟,宋,杏花,12,春|月|月桂|春日书怀|春阴|虹|早春|除夜|池|园|山|雨,千里|清香|日迟|风暖|春阴|浅深|碎红|明年|春|池|园|山|雨,春:2|月:1|月桂:1|春日书怀:1|春阴:1|虹:1|早春:1|除夜:1|池:1|园:1|山:1|雨:1
295,燕山亭,宋,杏花,7,渔矶|秋风|春暮|天|地|水|山,风雨|凄凉|春暮|天|地|水|山,渔矶:1|秋风:1|春暮:1|天:1|地:1|水:1|山:1
296,念奴娇,宋,杏花,12,雨|送春|流水|江湖|冬雨|寒食|浮山|探春|春暮|药园|春|云,雨|残红|流水|飘香|脉脉|绿杨|依旧|南陌|燕语|千般|春|云,雨:2|送春:1|流水:1|江湖:1|冬雨:1|寒食:1|浮山:1|探春:1|春暮:1|药园:1|春:1|云:1
297,金缕曲,清,杏花,16,秋|春晴|骤雨|寒食|春|春郊|远山|春日书怀|春风|边塞|不见|游春|冬夜|山|雾|日,马头|黑云|春草|垂杨|东君|江村|几点|红雨|春风|玉门关|不见|沽酒|画角|山|雾|秋|日,秋:2|春晴:1|骤雨:1|寒食:1|春:1|春郊:1|远山:1|春日书怀:1|春风:1|边塞:1|不见:1|游春:1|冬夜:1|山:1|雾:1|日:1
298,沁园春,清,杏花,11,春|探春|莲塘|春色|苦热|旱|春日书怀|早春|水|泉|日,春|草芽|翡翠|漾琉璃|载酒|烘云|韶华|深巷|南陌|东风|水|泉|日,春:3|探春:2|莲塘:1|春色:1|苦热:1|旱:1|春日书怀:1|早春:1|水:1|泉:1|日:1
299,李花赠张十一署,唐,李花,10,不见|渡口|江|月|风|雨|天|海|霞|日,不见|波涛|江|月|风|雨|天|海|霞|日,不见:1|渡口:1|江:1|月:1|风:1|雨:1|天:1|海:1|霞:1|日:1
300,李花二首(其二),唐,李花,9,潮|远水|春晴|夏夜|春|园|地|云|罗,天地|连天|日光|明月|春|园|地|云|罗,潮:1|远水:1|春晴:1|夏夜:1|春:1|园:1|地:1|云:1|罗:1
301,丙戌上元后和昌英叔李花,宋,李花,8,春|山|冬|客中雨|月|雨|风|日,春|山|雪压|泥深|月|雨|风|日,春:2|山:2|冬:1|客中雨:1|月:1|雨:1|风:1|日:1
302,李 花,明,李花,8,春色|秋暮|春郊|松风|月影|春|江|月,花光|月色|江村|风雨寒|香满|春|江|月,春色:1|秋暮:1|春郊:1|松风:1|月影:1|春:1|江:1|月:1
303,李花二首,宋,李花,6,早春|暮冬|山|雨|春|风,东风|江梅|山|雨|春|风,早春:1|暮冬:1|山:1|雨:1|春:1|风:1
304,遣 兴,唐,梨花,5,春|冬|天|秋风|月,梨花|严霜|高高|秋风|月,春:2|冬:1|天:1|秋风:1|月:1
305,梨 花,金,梨花,7,春|风|月|春暮|秋晴|竹径|天,风|梨花|寂寞|春暮|素月|无尘|春|天,春:2|风:2|月:1|春暮:1|秋晴:1|竹径:1|天:1
306,梨 花,唐,梨花,5,春郊|寒食|月|园|雨,寒食|野路|江村|怅望|园|雨,春郊:2|寒食:1|月:1|园:1|雨:1
307,梨 花,金,梨花,3,喜雪|春日书怀|雨,黄叶|好梦|酒楼|雨,喜雪:2|春日书怀:1|雨:1
308,梨 花,清,梨花,7,江湖|冬雨|渔矶|烟|雨|春|月,清影|玉树|风雨|烟|雨|春|月,江湖:1|冬雨:1|渔矶:1|烟:1|雨:1|春:1|月:1
309,咏池上梨花,南朝齐,梨花,4,春郊|浦|春|星,细草|水间|春|星,春郊:1|浦:1|春:1|星:1
310,左掖梨花,唐,梨花,2,尘|风,黄莺|风,尘:1|风:1
311,梨 花,唐,梨花,7,残星|送春|春暮|云|月|尘|春,五更|留连|风花|云|月|尘|春,残星:1|送春:1|春暮:1|云:1|月:1|尘:1|春:1
312,鄂杜郊居,唐,梨花,5,月|上元|寒食|渔矶|春,寂寞|游人|寒食|风雨|梨花,月:1|上元:1|寒食:1|渔矶:1|春:1
313,和孔密州东栏梨花,宋,梨花,4,清明|早春|冬雨|月影,梨花淡白|深青|柳絮|一株|清明,清明:2|早春:1|冬雨:1|月影:1
314,和王拱辰观梨花,宋,梨花,4,天|泉|松径|沙,清流|银阙|森森|沙|天,天:2|泉:1|松径:1|沙:1
315,梨 花,宋,梨花,6,雨|秋|中秋|祥云|七夕|春,青女|冷透肌|霏微|来往|金梭|春|雨,雨:2|秋:1|中秋:1|祥云:1|七夕:1|春:1
316,梨花二首,宋,梨花,7,冬雨|新秋|春寒|云|秋风|日|风,晚风|脉脉|剪剪|漠漠|萧索|带雨|日|风,冬雨:2|新秋:1|春寒:1|云:1|秋风:1|日:1|风:1
317,梨 花,宋,梨花,3,寒食雨|清明|风,桃李|清明|风,寒食雨:1|清明:1|风:1
318,宫 词,宋,梨花,5,春|石桥|春色|春寒|风,梨花|玉栏|春色|沉沉|风,春:1|石桥:1|春色:1|春寒:1|风:1
319,梨 花,宋,梨花,5,春风|园|候|春|月,春风|杨柳|长亭|梨花|月,春风:1|园:1|候:1|春:1|月:1
320,梨 花,金,梨花,3,清明|风|海,清明|风|海,清明:1|风:1|海:1
321,梨 花,元,梨花,6,雨|清明|探春|秋风|春|江,花落|霏霏|蝴蝶梦|云飞|雨|春|江,雨:2|清明:1|探春:1|秋风:1|春:1|江:1
322,玉楼春,宋,梨花,6,月|寒食|春日|祥云|江湖|夜雨,寂寞|寒食|蝶飞|秋千|来往|黄昏|夜雨|月,月:2|寒食:2|春日:1|祥云:1|江湖:1|夜雨:1
323,玉 兰,明,玉兰,7,曝日|石洞|悲秋|春日书怀|新秋|暮冬|天,素娥|仙子|月冷|别院|晚风|江梅|天,曝日:1|石洞:1|悲秋:1|春日书怀:1|新秋:1|暮冬:1|天:1
324,题玉兰,明,玉兰,3,松径|上元|日影,引风|银花|隔帘,松径:1|上元:1|日影:1
325,雪中玉兰盛开,清,玉兰,2,莲塘|祥云,仙女|纷纷,莲塘:1|祥云:1
326,大风惜玉兰花,清,玉兰,4,重九|池|烟|风,年年|池|烟|风,重九:1|池:1|烟:1|风:1
327,东风第一枝,清,玉兰,11,清明|残星|候|月|云|春色|端午|雨|风|水|雾,风光|盈盈|亭亭|皎洁|一片|花光|龙镜|雨|风|水|雾,清明:1|残星:1|候:1|月:1|云:1|春色:1|端午:1|雨:1|风:1|水:1|雾:1
328,月季花,明,月季,3,上元|烟|月,踏歌|烟|月,上元:1|烟:1|月:1
329,腊前月季,宋,月季,5,日|春风|莲塘|寒食雨|冬,日|春风|翡翠|桃李|冬,日:2|春风:1|莲塘:1|寒食雨:1|冬:1
330,长春花,宋,月季,9,春径|远山|霞|寒食雨|新秋|上元|雨|风|月,春光|云外|日边|桃李|梧桐|处处|雨|风|月,春径:1|远山:1|霞:1|寒食雨:1|新秋:1|上元:1|雨:1|风:1|月:1
331,月季花,宋,月季,6,春归|雪晴|祥云|渡|月|雨,春归|凭栏|东西|南北|月|雨,春归:1|雪晴:1|祥云:1|渡:1|月:1|雨:1
332,东厅月季,宋,月季,3,春风|天|春色,春风|四时|浅深红,春风:1|天:1|春色:1
333,长春花,宋,月季,1,春,春,春:1
334,月季花,清,月季,4,春|寒食雨|天|风,寒梅|桃李|天|风,春:1|寒食雨:1|天:1|风:1
335,一落索,宋,月季,7,虹|寒食雨|冬日|重九|天|园|春,窈窕|桃李|雪消|年年|天|园|春,虹:1|寒食雨:1|冬日:1|重九:1|天:1|园:1|春:1
336,更漏子,清,月季,6,春|春色|天|月影|泉声|月,春|浅深红|四时|不老|断续|月,春:2|春色:1|天:1|月影:1|泉声:1|月:1
337,绣球花次元颜廉使韵,元,绣球花,6,春寒|陂塘|夏夜|春|天|月,雪未干|杨花|夜凉|春|天|月,春寒:1|陂塘:1|夏夜:1|春:1|天:1|月:1
338,绣 球,明,绣球花,5,早春|泰山|江湖|如昼|夏夜,东风|琪树|清影|夜半|月明,早春:1|泰山:1|江湖:1|如昼:1|夏夜:1
339,绣 球,明,绣球,2,夏夜|风,明月|风,夏夜:1|风:1
340,素 馨,宋,素馨,4,春郊|日|云|烟,幽花|日|云|烟,春郊:1|日:1|云:1|烟:1
341,丑奴儿,宋,素馨,4,早春|祥云|江|春,东风|纷纷|江|春,早春:1|祥云:1|江:1|春:1
342,菩萨蛮,宋,素馨,6,冬雨|梅雨|春晴|竹溪|云|水,冰花|一番|花心|云影|云|水,冬雨:1|梅雨:1|春晴:1|竹溪:1|云:1|水:1
343,念奴娇,宋,素馨,8,秋|天|风|秋风|夏|月|水|云,天|风|凉生|金茎露|夏|月|水|秋|云,秋:2|天:2|风:2|秋风:1|夏:1|月:1|水:1|云:1
344,剪春罗,宋,剪春罗,3,冬日即事|春日书怀|罗,风刀|春光老|罗,冬日即事:1|春日书怀:1|罗:1
345,剪春罗,清,剪春罗,2,春风|月,春风|月,春风:1|月:1
346,木 兰,宋,木兰,5,不见|月|初夏|喜雪|风,不见|蛾眉|荷花|铅华|君子,不见:2|月:1|初夏:1|喜雪:1|风:1
347,戏题木兰花,唐,木兰,2,沙|日,风吹|日,沙:1|日:1
348,题令狐家木兰花,唐,木兰,3,如昼|霞|春,此时|霞|春,如昼:1|霞:1|春:1
349,棠梨白练图,元,棠梨花,9,衡山|夏晓|秋风|蔬园|渡|游春|暮冬|烟|山,芙蓉|月淡|秋风|霜露|丹砂|人醉|云浓|烟|山,衡山:1|夏晓:1|秋风:1|蔬园:1|渡:1|游春:1|暮冬:1|烟:1|山:1
350,正月十八日甘棠院,宋,棠梨花,3,沙|天|春,花底|天|春,沙:1|天:1|春:1
351,碧 瓦,宋,棠梨花,6,园|云|桥|溪|风|地,杨柳|不雨|桥|溪|风|地,园:1|云:1|桥:1|溪:1|风:1|地:1
352,秦邮舟中望菜花,清,菜花,9,月|春|莲塘|待月|沙|河|秋晚|春色|浦,春|轻舟|水气|凝望|江头|万里|残阳|春色|烟波|月,月:2|春:2|莲塘:1|待月:1|沙:1|河:1|秋晚:1|春色:1|浦:1
353,菜 花,清,菜花,9,春水|早春|竹径|月桂|寒食雨|野|风|地|春,鸭头|新绿|碎影|金粟|桃李|野|风|地|春,春水:1|早春:1|竹径:1|月桂:1|寒食雨:1|野:1|风:1|地:1|春:1
354,宿新市徐公店,宋,菜花,3,清明|乡里|春日,花落|儿童|蝶飞,清明:1|乡里:1|春日:1
355,东风第一枝,清,菜花,9,夏风|云|秋兴|雨|春|烟|井|园|野,麦陇|一片|夕阳|雨|春|烟|井|园|野,夏风:1|云:1|秋兴:1|雨:1|春:1|烟:1|井:1|园:1|野:1
1000-01,梅花落,南朝陈,梅花,5,月影|清明|沙|雪意|井,一株|花落|风吹|楼上|井,月影:1|清明:1|沙:1|雪意:1|井:1
1001-01,与诸人用东坡韵共赋梅花，适得元履书，有怀其人，因复赋此以寄意焉,宋,梅花,10,浮山|冬雨|月|游春|寒食雨|春色|秋兴|罗|园|山,浮山|梅花|烟昏|步障|桃李|春色|修竹|罗|园|山,浮山:1|冬雨:1|月:1|游春:1|寒食雨:1|春色:1|秋兴:1|罗:1|园:1|山:1
1002-01,柳梢青,宋,梅花,4,江湖|月|风|云,横枝|月|风|云,江湖:1|月:1|风:1|云:1
1003-01,望梅花,宋,梅花,8,雪晴|春|如昼|待月|月|立春|月桂|雷,寒气|青帝|半夜|卷帘|银蟾|残雪|清香|雷,雪晴:1|春:1|如昼:1|待月:1|月:1|立春:1|月桂:1|雷:1
1004-01,花犯,宋,梅花,10,冬雨|喜雪|假山|待月|秋径|江湖|霞|风|江|烟,梅花|铅华|胜赏|望久|青苔|黄昏|照水|风|江|烟,冬雨:1|喜雪:1|假山:1|待月:1|秋径:1|江湖:1|霞:1|风:1|江:1|烟:1
356,和钱学士白牡丹,唐,牡丹,5,游春|中庭|除夜|春日书怀|日,看花|车马|中庭|人事|红英|日,游春:2|中庭:1|除夜:1|春日书怀:1|日:1
357,买 花,唐,牡丹,6,游春|园|关隘|上元|春|水,买花|车马|看花|泥封|家家|春|水,游春:2|园:2|关隘:1|上元:1|春:1|水:1
358,秋题牡丹丛,唐,牡丹,3,秋|春郊|游山,白露|凉风|幽人|萧条,秋:2|春郊:1|游山:1
359,雨中看牡丹(其一),宋,牡丹,7,江湖|星|瀑布泉|假山|秋风|雾|雨,有无|明珠|秀色|暗香|黄昏|萧索|雾|雨,江湖:2|星:1|瀑布泉:1|假山:1|秋风:1|雾:1|雨:1
360,雨中看牡丹(其二),宋,牡丹,8,初日|元日|月桂|夏风|喜雪|秋色|日|雨,晨光|松枝|清香|肃肃|及时|幽姿|日|雨,初日:1|元日:1|月桂:1|夏风:1|喜雪:1|秋色:1|日:1|雨:1
361,雨中看牡丹(其三),宋,牡丹,4,秋色|早春|地|日,幽姿|东风|泥沙|日,秋色:1|早春:1|地:1|日:1
362,牡丹种曲,唐,牡丹,13,泉|秋|虹|新秋|沙|春昼|夏夜|水|月|园|烟|罗|霞,走马|春草|美人|晚花|风吹|楼台|月明|水|月|园|烟|罗|霞,泉:1|秋:1|虹:1|新秋:1|沙:1|春昼:1|夏夜:1|水:1|月:1|园:1|烟:1|罗:1|霞:1
363,远公亭牡丹,唐,牡丹,12,云|泉|游春|天|庐山|水帘|清明|春|雨|江|风|星,云|因风|延年|倾城|无声|庐山|潺潺|清明|春|雨|江|风|星,云:3|泉:1|游春:1|天:1|庐山:1|水帘:1|清明:1|春:1|雨:1|江:1|风:1|星:1
364,惜 花,宋,牡丹,10,园|清明|人日|春暮|春|雷|沙|河|雨|雹,买花|清明|戴花|绿暗|春|雷|沙|河|雨|雹,园:1|清明:1|人日:1|春暮:1|春:1|雷:1|沙:1|河:1|雨:1|雹:1
365,题益公丞相天香堂,宋,牡丹,13,天|不见|春|早春|祈晴|丰年|春径|风|江|山|水|云|野,天|不见|春|东风|尧日|一雨|万物|春光|风|江|山|水|云|野,天:4|不见:2|春:2|早春:1|祈晴:1|丰年:1|春径:1|风:1|江:1|山:1|水:1|云:1|野:1
366,白牡丹,明,牡丹,12,天|游春|残星|河汉|云|云峰|早春|春晴|春|霞|园|尘,天|看花|盈盈|瑶台|银河|点缀|题诗|东风|春晴|万物|春|霞|园|尘,天:4|游春:1|残星:1|河汉:1|云:1|云峰:1|早春:1|春晴:1|春:1|霞:1|园:1|尘:1
367,题所赁宅牡丹花,唐,牡丹,3,风|日|烧,风|日|烧,风:1|日:1|烧:1
368,戏题牡丹,唐,牡丹,6,远山|烟|春郊|冬日|待月|日,隐约|凌晨|游蜂|经营|栏边|日,远山:1|烟:1|春郊:1|冬日:1|待月:1|日:1
369,牡 丹,唐,牡丹,2,石|云,石|云,石:1|云:1
370,回中牡丹为雨所败二首(其一),唐,牡丹,5,日|水|雨|罗|春,日|水|雨|罗|春,日:1|水:1|雨:1|罗:1|春:1
371,回中牡丹为雨所败二首(其二),唐,牡丹,5,月|河|春|尘|溪,玉盘|万里|春|尘|溪,月:1|河:1|春:1|尘:1|溪:1
372,牡 丹,唐,牡丹,5,春径|雷|雪晴|水|地,春光|一声|凭栏|水|地,春径:1|雷:1|雪晴:1|水:1|地:1
373,红白牡丹,唐,牡丹,4,新秋|霞|月|风,绿莎|霞|月|风,新秋:1|霞:1|月:1|风:1
374,牡 丹,唐,牡丹,6,早春|立夏|衡山|罗|春|尘,东风|芍药|芙蓉|罗|春|尘,早春:1|立夏:1|衡山:1|罗:1|春:1|尘:1
375,卖残牡丹,唐,牡丹,6,春风|春日书怀|秋兴|风|春|尘,落花|红英|染露|风|春|尘,春风:1|春日书怀:1|秋兴:1|风:1|春:1|尘:1
376,咏重台九心淡紫牡丹,宋,牡丹,5,月|候|上元遇雪|早春|雨,玉盘|亭亭|轻寒|东风|雨,月:1|候:1|上元遇雪:1|早春:1|雨:1
377,水晶球,宋,牡丹,5,山|竹径|夏夜|日|云,缥缈|醉魂|风细|日|云,山:1|竹径:1|夏夜:1|日:1|云:1
378,寿安红,宋,牡丹,2,水声|雨,风前|雨,水声:1|雨:1
379,叠罗红,宋,牡丹,3,旱|早春|雨,韶华|东风|细细,旱:1|早春:1|雨:1
380,崇宁红,宋,牡丹,2,春风|潮,春风|潮,春风:1|潮:1
381,清平调(其二),唐,牡丹,4,蔬园|云|雨|山,露凝|云|雨|山,蔬园:1|云:1|雨:1|山:1
382,白牡丹,唐,牡丹,2,月|暮冬,春残|玉盘|月,月:2|暮冬:1
383,牡 丹,唐,牡丹,1,莲塘,游客,莲塘:1
384,赏牡丹二首(其一),唐,牡丹,3,假山|立夏|池,庭前|芍药|池,假山:1|立夏:1|池:1
385,酬胡三凭人问牡丹,唐,牡丹,2,浮山|春日书怀,依旧|红雨,浮山:1|春日书怀:1
386,赠李十二牡丹花片因以饯行,唐,牡丹,5,祥云|药园|七夕|春径|云,随风|成丛|经年别|朱栏|一片,祥云:1|药园:1|七夕:1|春径:1|云:1
387,移牡丹栽,唐,牡丹,0,,,
388,惜牡丹花,唐,牡丹,1,风,风,风:1
389,白牡丹,唐,牡丹,4,沙|十六夜月|夏夜|水,陌上|昨夜|月明|水,沙:1|十六夜月:1|夏夜:1|水:1
390,和僧咏牡丹,唐,牡丹,2,云|游春,无心|看花,云:1|游春:1
391,山僧送牡丹,宋,牡丹,3,雨|冬雨|园,带雨|霏霏|雨|园,雨:2|冬雨:1|园:1
392,雨中闻姚黄开呈子骏尧夫,宋,牡丹,3,春|园|雨,春|好花|雨,春:2|园:1|雨:1
393,效王仲至少监咏姚花用其韵四首(选二首),宋,牡丹,6,莲塘|立冬|秋风|山|风|日,绿华|黄云|叶下|山|风|日,莲塘:1|立冬:1|秋风:1|山:1|风:1|日:1
394,牡 丹,宋,牡丹,4,岛屿|早春|尘|溪,漫漫|东风|尘|溪,岛屿:1|早春:1|尘:1|溪:1
395,偶得牡丹数本移植窗外将有著花意,宋,牡丹,2,雨|春,雨|春,雨:1|春:1
396,奉陪颖叔赋锁院牡丹,宋,牡丹,3,溪|悲秋|早春,溪|白发|东风,溪:2|悲秋:1|早春:1
397,昔日杂兴,元,牡丹,5,暮冬|沙|观涨|日|烟,花底|浪翻|迎春|春残|日|烟,暮冬:2|沙:1|观涨:1|日:1|烟:1
398,牡 丹,明,牡丹,7,庆云|水声|虹|霞|春寒|烟|天,非雾|雨后|美人|锦绣|春寒|烟|天,庆云:1|水声:1|虹:1|霞:1|春寒:1|烟:1|天:1
399,牡 丹,明,牡丹,2,早春|旱,春来|韶华,早春:1|旱:1
400,二色牡丹(二首),明,牡丹,7,雪晴|冬雨|清明|云|霞|罗|月,未消|梅花|百花|云|霞|罗|月,雪晴:1|冬雨:1|清明:1|云:1|霞:1|罗:1|月:1
401,并头牡丹诗,清,牡丹,3,春|莲塘|云,春|鸳鸯|云,春:2|莲塘:1|云:1
402,牡 丹,清,牡丹,4,春昼|春|清明|天,楼台|东君|百花|天,春昼:1|春:1|清明:1|天:1
403,点绛唇,宋,牡丹,6,清明|喜雪|云峰|风|探春|春,雨初晴|把酒|题诗|故人|携手|春,清明:1|喜雪:1|云峰:1|风:1|探春:1|春:1
404,江城子,金,牡丹,9,蔬园|旱|岛屿|暮冬|游春|园|水|池|云,名品|丽日|晓风|春回|看花|园|水|池|云,蔬园:1|旱:1|岛屿:1|暮冬:1|游春:1|园:1|水:1|池:1|云:1
405,汉宫春,宋,牡丹,9,夏日|冬|秋郊|游春|天|风|烟|春|云,日长|霜铺|西园|人醉|天|风|烟|春|云,夏日:1|冬:1|秋郊:1|游春:1|天:1|风:1|烟:1|春:1|云:1
406,水龙吟,宋,牡丹,15,雪意|春风|石桥|旱|流水|上元|游山|喜雪|春色|探春|天|春|池|地|水,珠帘|落花|玉栏|和风|流水|家家|幽人|把酒|春色|杜鹃声|天|春|池|地|水,雪意:1|春风:1|石桥:1|旱:1|流水:1|上元:1|游山:1|喜雪:1|春色:1|探春:1|天:1|春:1|池:1|地:1|水:1
407,平韵满江红（牡丹）,宋,牡丹,10,上元|旱|春日书怀|清明|风|早春|雨|山|雾|云,翠袖|和风|白日长|花落|故人|东风|雨|山|雾|云,上元:1|旱:1|春日书怀:1|清明:1|风:1|早春:1|雨:1|山:1|雾:1|云:1
408,感 遇,唐,兰花,7,春雨|春日|旱|秋风|除夜|秋暮|夏,生春|迟迟|白日|秋风|岁华|摇落|夏,春雨:1|春日:1|旱:1|秋风:1|除夜:1|秋暮:1|夏:1
409,题杨次公春兰,宋,兰花,5,虹|不见|春色|春|风,美人|不见|丹青|春|风,虹:1|不见:1|春色:1|春:1|风:1
410,明上人画兰图,元,兰花,11,江|冬夜|旱|假山|夏风|瀑布泉|春|尘|雨|烟|天,江|雪窗|光风|翠影|飘飘|飞云|春|尘|雨|烟|天,江:2|冬夜:1|旱:1|假山:1|夏风:1|瀑布泉:1|春:1|尘:1|雨:1|烟:1|天:1
411,幽 兰,唐,兰花,4,风|春郊|早春|候,君子|白露|早春|当路|风,风:2|春郊:1|早春:1|候:1
412,咏 兰,唐,兰花,4,秋晴|秋|虹|江湖,清风|凉露|美人|幽香,秋晴:1|秋:1|虹:1|江湖:1
413,兰 涧,宋,兰花,3,旱|涧|日,光风|涧|日,旱:1|涧:1|日:1
414,春 兰,元,兰花,2,秋风|云峰,云飞|重岩,秋风:1|云峰:1
415,咏 兰,元,兰花,2,春|春日,日暖|风和|蝶飞,春:2|春日:1
416,咏幽兰,清,兰花,2,上巳|风,谷中|风,上巳:1|风:1
417,破盆兰花,清,兰花,3,春风|春雨|山,春风|春雨|山,春风:1|春雨:1|山:1
418,折枝兰,清,兰花,4,春风|社日|山|日,春风|二月天|山|日,春风:1|社日:1|山:1|日:1
419,题画兰,清,兰花,2,山|云,山|云,山:1|云:1
420,画 兰,清,兰花,2,冬雨|江,幽兰|江,冬雨:1|江:1
421,兰 花,清,兰花,1,虹,美人,虹:1
422,蕙兰芳引,清,兰花,5,残月|溪|桥|烟|日,淡淡|溪|桥|烟|日,残月:1|溪:1|桥:1|烟:1|日:1
423,看美人摘蔷薇,南朝梁,蔷薇,2,新月|池,映水|池,新月:1|池:1
424,蔷薇洞,明,蔷薇,7,霞|月桂|春|残月|重九|夏|月,缭绕|密叶|花红|云落|衣袂|夏|月,霞:1|月桂:1|春:1|残月:1|重九:1|夏:1|月:1
425,蔷薇歌,唐,蔷薇,8,春日|园|春昼|松风|上元|沙|药园|尘,庭阴|春日|迟迟|影离离|杨柳|踏歌|风吹|香气|逐人|园,春日:2|园:2|春昼:1|松风:1|上元:1|沙:1|药园:1|尘:1
426,蔷薇正开，春酒初熟，因招刘十九张大夫崔二十四同饮,唐,蔷薇,5,春色|春|夏|风|日,浅深红|春|夏|风|日,春色:1|春:1|夏:1|风:1|日:1
427,咏七姊妹花,明,蔷薇,5,春晓|早春|月|罗|江,春晓|东风|蛾眉|罗|江,春晓:1|早春:1|月:1|罗:1|江:1
428,咏蔷薇,南朝梁,蔷薇,1,风,风,风:1
429,蔷 薇,唐,蔷薇,4,清明|春风|夏日|夏,万卉|春风|景长|夏,清明:1|春风:1|夏日:1|夏:1
430,饮蔷薇下,明,蔷薇,1,风,风,风:1
431,题兴化寺园亭,唐,蔷薇,5,市井|寒食雨|清明|秋风|池,千家|桃李|花落|秋风|池,市井:1|寒食雨:1|清明:1|秋风:1|池:1
432,山亭夏日,唐,蔷薇,7,夏日|春昼|日影|春日书怀|果园|水|风,夏日|楼台|倒影|池塘|满架|水|风,夏日:1|春昼:1|日影:1|春日书怀:1|果园:1|水:1|风:1
433,重题蔷薇,唐,蔷薇,2,春|渔矶,春|风雨,春:2|渔矶:1
434,蔷 薇,唐,蔷薇,3,地|新秋|天,濯锦|晚风|天,地:1|新秋:1|天:1
435,蔷 薇,唐,蔷薇,3,水|春|河,春深|嫩绿|千年,水:1|春:1|河:1
436,锦被堆(其一),宋,蔷薇,2,春|冬日,莺声|向晓|东君|春,春:3|冬日:1
437,野蔷薇,宋,蔷薇,4,春暮|山|春|野,绿暗|山|春|野,春暮:1|山:1|春:1|野:1
438,黄蔷薇,明,蔷薇,1,早春,东风,早春:1
439,对窗前十姊妹花,清,蔷薇,1,风,风,风:1
440,六 丑,宋,蔷薇,9,秋日书怀|春归|渔矶|日影|雨|潮|秋晚|春|园,单衣|春归|风雨|柳陌|岑寂|潮汐|断红|春|园,秋日书怀:1|春归:1|渔矶:1|日影:1|雨:1|潮:1|秋晚:1|春:1|园:1
441,酴醾依柏引蔓上冒其顛,宋,酴醿,6,春风|水帘|山|江湖|天|日,春风|千尺|嵯峨|幽香|万物|日,春风:1|水帘:1|山:1|江湖:1|天:1|日:1
442,茶䕷架,元,酴醿,14,秋郊|月|立春|月桂|游山|春夜|春日书怀|七夕|春|雨|日|风|云|烟,西园|皎皎|残雪|清香|幽人|片月|携酒|良夜|春|雨|日|风|云|烟,秋郊:1|月:1|立春:1|月桂:1|游山:1|春夜:1|春日书怀:1|七夕:1|春:1|雨:1|日:1|风:1|云:1|烟:1
443,次韵咏酴醛,宋,酴醿,15,星|春风|客中雨|泰山|清明|江湖|梅雨|海|山|水|风|月|园|日|春,春风|寂寂|垂野|长松|煌煌|百花|幽香|一番|天台|山|水|风|月|园|日|春,星:2|春风:1|客中雨:1|泰山:1|清明:1|江湖:1|梅雨:1|海:1|山:1|水:1|风:1|月:1|园:1|日:1|春:1
444,观主簿家酴醾,宋,酴醿,8,清明|春晓|伏|游春|天|水|日|春,百花|露湿|汤饼|香风|瑶台|水|日|春,清明:1|春晓:1|伏:1|游春:1|天:1|水:1|日:1|春:1
445,酴醾,宋,酴醿,6,雪晴|重九|雨|地|沙|春,风急|年年|雨|地|沙|春,雪晴:1|重九:1|雨:1|地:1|沙:1|春:1
446,咏酴醾,宋,酴醿,7,春归|曝日|十六夜月|天|春寒|星|浦,春归|蟾魄|婵娟|瑶台|和雨|在东|浦,春归:1|曝日:1|十六夜月:1|天:1|春寒:1|星:1|浦:1
447,酴,宋,酴醿,6,烟|假山|河汉|云|海|春,万条|窗外|分明|云|海|春,烟:1|假山:1|河汉:1|云:1|海:1|春:1
448,酴 醾,宋,酴醿,6,清明|烟|虹|天|风|罗,清明|一抹|美人|天|风|罗,清明:1|烟:1|虹:1|天:1|风:1|罗:1
449,茶䕷花,宋,酴醿,3,早春|月桂|日,东风|清香|日,早春:1|月桂:1|日:1
450,惜荼䕷,宋,酴醿,3,狂风|春暮|天,狂风|残花|天,狂风:1|春暮:1|天:1
451,和文与可洋州园池酴醾洞,宋,酴醿,4,新秋|江湖|野|罗,山寒|暗香|野|罗,新秋:1|江湖:1|野:1|罗:1
452,赏茶䕷有感,宋,酴醿,4,早春|春雨|春夜|罗,春来|入眼|花香|罗,早春:1|春雨:1|春夜:1|罗:1
453,酴 醾,宋,酴醿,3,冬日书怀|秋声|风,日色|倚栏|风,冬日书怀:1|秋声:1|风:1
454,披香阁上观茶蕨,宋,酴醿,1,赏日,登楼,赏日:1
455,酴醾花谢有感,宋,酴醿,4,江湖|春|地|日,浣花|春|地|日,江湖:1|春:1|地:1|日:1
456,荼蘼,宋,酴醿,4,风|药园|寒食|雨,风|成丛|秋千|雨,风:2|药园:1|寒食:1|雨:1
457,荼蘼,宋,酴醿,5,早春|冬雨|云|春|风,东风|梅花|云|春|风,早春:1|冬雨:1|云:1|春:1|风:1
458,荼蘼,宋,酴醿,7,祥云|园|温泉|华山|烟|云|风,纷纷|红紫|带月|地开|烟|云|风,祥云:1|园:1|温泉:1|华山:1|烟:1|云:1|风:1
459,荼蘼 (其一),宋,酴醿,5,春寒|春风|山|雨|天,阴阴|春风|山|雨|天,春寒:1|春风:1|山:1|雨:1|天:1
460,荼蘼（其二）,宋,酴醿,6,春风|烟|清明|游春|雪晴|野,春风|万条|黄鹂|看花|未消|野,春风:1|烟:1|清明:1|游春:1|雪晴:1|野:1
461,点绛唇,宋,酴醿,6,雪意|春径|月桂|春|春日书怀|不见,垂垂|春光|清香|暖日|庭院|不见,雪意:1|春径:1|月桂:1|春:1|春日书怀:1|不见:1
462,点绛唇,宋,酴醿,5,浮山|渔矶|野|春|山,依旧|风月|野|春|山,浮山:1|渔矶:1|野:1|春:1|山:1
463,鹪鸪天,宋,酴醿,6,园|春风|清明|莲塘|新秋|风,红紫|春风|雨初晴|鸳鸯|有余香|风,园:1|春风:1|清明:1|莲塘:1|新秋:1|风:1
464,洞仙歌,宋,酴醿,10,早春|春|新秋|斜阳|冬雨|送春|雨|风|江|山,东风|苍烟|斜阳|梅花|春来|梨花|送春|雨|风|春|江|山,早春:2|春:2|新秋:1|斜阳:1|冬雨:1|送春:1|雨:1|风:1|江:1|山:1
465,玲珑四犯,宋,酴醿,10,烟|天|冬雨|月影|喜雪|如昼|风|春|雨|月,天|梅花|香满|万条|铅华|琼楼|烟|风|春|雨|月,烟:2|天:2|冬雨:1|月影:1|喜雪:1|如昼:1|风:1|春:1|雨:1|月:1
466,贺新郎,宋,酴醿,7,冬雨|水帘|秋夜|风|雨|春|山,玉龙|千条|月落|风|雨|春|山,冬雨:1|水帘:1|秋夜:1|风:1|雨:1|春:1|山:1
467,池上看金沙花数枝过酴醾架盛开,宋,金沙,1,沙,沙,沙:1
468,池上看金沙花数枝过酴醾架盛开,宋,金沙,4,春色|水|沙|云,浓绿|水|沙|云,春色:1|水:1|沙:1|云:1
469,池上看金沙花,宋,金沙,4,秋|新月|立春|尘,午阴|映水|栽红|尘,秋:1|新月:1|立春:1|尘:1
470,金沙花,宋,金沙,2,霞|春郊,红锦|花枝,霞:1|春郊:1
471,琼 花,清,琼花,0,,,
472,后土庙琼花诗二首,宋,琼花,4,月影|冬雨|上巳|云,一株|琼花|赋诗|云,月影:1|冬雨:1|上巳:1|云:1
473,琼 花,宋,琼花,4,寒食|夏夜|秋日书怀|月,传觞|月上|异乡|月,寒食:1|夏夜:1|秋日书怀:1|月:1
474,琼 花,元,琼花,4,云|雪意|夏夜|秋夜,一片|夜静|月明|鹤唳,云:1|雪意:1|夏夜:1|秋夜:1
475,题扬州琼花,元,琼花,7,新月|候|秋晚|端午|浮山|冬雨|天,隐隐|古道|残阳|龙舟|依旧|琼花|天,新月:1|候:1|秋晚:1|端午:1|浮山:1|冬雨:1|天:1
476,昭君怨,宋,琼花,1,天,天,天:2
477,丑奴儿,宋,琼花,6,冬雨|初夏|寒食雨|观涨|云|天,琼花|红药|桃李|作花|云|天,冬雨:1|初夏:1|寒食雨:1|观涨:1|云:1|天:1
478,虞美人,宋,琼花,7,冬雨|秋日书怀|清明|重九|莲塘|春风|地,琼花|蝶梦|过花开|年年|伴人|春风|地,冬雨:1|秋日书怀:1|清明:1|重九:1|莲塘:1|春风:1|地:1
479,扬州慢,宋,琼花,18,冬雨|日|云|春风|河汉|如昼|喜雪|烟|遇雨|新秋|夏日|清明|江湖|七夕|月|风|雨|水,琼花|云|日|十里|春风|分明|琼楼|冰花|碎玉|天际|冷落|西风|景长|淡烟|悠悠|黄昏|新愁|月|风|雨|水,冬雨:5|日:3|云:3|春风:1|河汉:1|如昼:1|喜雪:1|烟:1|遇雨:1|新秋:1|夏日:1|清明:1|江湖:1|七夕:1|月:1|风:1|雨:1|水:1
480,贺新郎,宋,琼花,8,早春|夏夜|寒食雨|悲秋|水|天|渡|江,东风|明月|关山|白发|水|天|渡|江,早春:1|夏夜:1|寒食雨:1|悲秋:1|水:1|天:1|渡:1|江:1
481,喜迁莺,元,琼花,11,早春|云|陂塘|风|探春|祈晴|春|桥|月|水|尘,东风|一片|绿阴|花信|载酒|阴晴|春|桥|月|水|尘,早春:1|云:1|陂塘:1|风:1|探春:1|祈晴:1|春:1|桥:1|月:1|水:1|尘:1
482,杨白花,魏,杨花,9,陂塘|春|园|观涨|春风|喜雪|冬日即事|月|秋,杨花|春|杨柳|作花|春风|飘荡|出户|月|秋,陂塘:3|春:2|园:1|观涨:1|春风:1|喜雪:1|冬日即事:1|月:1|秋:1
483,杨花落,唐,杨花,13,春|园|北斗|寒食|如昼|清明|天|竹风|夏风|寒食雨|陂塘|风|罗,春|北斗|老红|垂杨|此时|杨柳|花落|手捧|历历|瑶琴|桃李|杨花|风|罗|园,春:4|园:2|北斗:1|寒食:1|如昼:1|清明:1|天:1|竹风:1|夏风:1|寒食雨:1|陂塘:1|风:1|罗:1
484,杨花吟,元,杨花,21,陂塘|祥云|冬风|沙|上元|天|渡|水|春水|待月|园|烧|游春|夏|远水|雪意|虹|梅溪|春日书怀|冬雨|春,杨花|吴江|随风|天|渡|水|春水|江上|风吹|杨柳|惹草|花径|楼阁|连天|千门|纷纷|如雪|珠帘|处处|美人|点春衣|梦魂|片片|春,陂塘:4|祥云:3|冬风:2|沙:2|上元:2|天:2|渡:2|水:2|春水:1|待月:1|园:1|烧:1|游春:1|夏:1|远水:1|雪意:1|虹:1|梅溪:1|春日书怀:1|冬雨:1|春:1
485,杨花篇,明,杨花,13,春|立春|冬雨|冬风|沙|日影|祥云|海|月|烟|日|天|地,春|青杨|飞花|吴江|江头|离离|随风|沧波|月|烟|日|天|地,春:2|立春:1|冬雨:1|冬风:1|沙:1|日影:1|祥云:1|海:1|月:1|烟:1|日:1|天:1|地:1
486,柳 絮,唐,杨花,2,春|云,春|因风,春:2|云:1
487,柳 絮,宋,杨花,6,春风|喜雪|冬雨|风|地|云,开花|团圆|灞桥|风|地|云,春风:1|喜雪:1|冬雨:1|风:1|地:1|云:1
488,柳 絮,明,杨花,6,探春|石洞|远水|春|云|沙,灞陵|水面|茫茫|春|云|沙,探春:1|石洞:1|远水:1|春:1|云:1|沙:1
489,杨花咏,明,杨花,4,云|夏|关隘|风,冉冉|戏蝶|西东|风,云:1|夏:1|关隘:1|风:1
490,柳 絮,唐,杨花,7,云|探春|云峰|春|风|河|江,南陌|漠漠|题诗|点缀|春|风|河|江,云:2|探春:1|云峰:1|春:1|风:1|河:1|江:1
491,柳絮,宋,杨花,5,烟|送春|河汉|渡口|春,万条|残红|银河|问津|春,烟:1|送春:1|河汉:1|渡口:1|春:1
492,杨 花,明,杨花,9,沙|送春|尘|日影|夏|月|春|水|天,江头|送春|随马|隔帘|青萍|月|春|水|天,沙:1|送春:1|尘:1|日影:1|夏:1|月:1|春:1|水:1|天:1
493,杨花诗,清,杨花,7,天|园|冬雨|梅溪|喜雪|月|春,杨柳|飞花|水流|无声|飘荡|月|春|天,天:2|园:1|冬雨:1|梅溪:1|喜雪:1|月:1|春:1
494,妆 成,隋,杨花,2,陂塘|早春,杨花|春来,陂塘:1|早春:1
495,柳花词三首,唐,杨花,11,游春|清明|春昼|雪意|山|春暮|市井|上元遇雪|春|地|天,香风|花落|风轻|黯黯|送青|春暮|千家|万家|春|地|天,游春:1|清明:1|春昼:1|雪意:1|山:1|春暮:1|市井:1|上元遇雪:1|春:1|地:1|天:1
496,即 事,元,杨花,3,冬雨|春归|早春,柳絮|春归|东风,冬雨:1|春归:1|早春:1
497,晚 春,唐,杨花,5,园|陂塘|冬雨|春|天,红紫|杨花|作雪|春|天,园:1|陂塘:1|冬雨:1|春:1|天:1
498,杨柳枝词,唐,杨花,5,沙|不见|水|春|风,如雪|不见|水|春|风,沙:1|不见:1|水:1|春:1|风:1
499,柳 絮,唐,杨花,3,陂塘|春风|月,杨花|春风|月,陂塘:1|春风:1|月:1
500,杨 花,唐,杨花,4,祥云|上元|假山|日,随风|处处|庭前|日,祥云:1|上元:1|假山:1|日:1
501,城上晚思,宋,杨花,6,风|远水|云峰|清明|新秋|山,苍梧|落日|如画|柳花|晚风|山,风:1|远水:1|云峰:1|清明:1|新秋:1|山:1
502,柳 絮,宋,杨花,4,寒食|送春|陂塘|七夕,垂杨|别离|杨花|蛛丝,寒食:1|送春:1|陂塘:1|七夕:1
503,柳 絮,宋,杨花,2,冬雨|沙,柳絮|风吹,冬雨:1|沙:1
504,飞 絮,元,杨花,4,春风|山|园|风,春风|入画|杨柳|风,春风:1|山:1|园:1|风:1
505,如梦令,清,杨花,2,春径|雾,春光|雾,春径:1|雾:1
506,柳梢青,宋,杨花,9,探春|尘|水声|霞|重九|送春|早春|清明|云,似雾|风前|雨余|南陌|东城|年年|送春|东风|游子|云,探春:2|尘:1|水声:1|霞:1|重九:1|送春:1|早春:1|清明:1|云:1
507,减 兰,清,杨花,7,陂塘|虹|早春|寒食雨|上元|莲塘|池,杨花|高下|东风|人愁|处处|景色|池,陂塘:4|虹:2|早春:2|寒食雨:1|上元:1|莲塘:1|池:1
508,忆秦娥,清,杨花,7,早春|春|云|江|远水|日|雪意,东风|春|云|江|茫茫|十里|珠帘,早春:2|春:2|云:2|江:2|远水:1|日:1|雪意:1
509,南柯子,清,杨花,5,春|新月|祥云|渡|喜雪,纤纤|东西|南北|莺愁|芳时|春,春:2|新月:1|祥云:1|渡:1|喜雪:1
510,唐多令,清,杨花,6,清明|旱|早春|客中雨|风|春,百花|韶华|东风|淹留|风|春,清明:1|旱:1|早春:1|客中雨:1|风:1|春:1
511,临江仙,清,杨花,8,早春|祥云|旱|春|水|尘|风|云,东风|纷纷|韶华|春|水|尘|风|云,早春:1|祥云:1|旱:1|春:1|水:1|尘:1|风:1|云:1
512,声声慢,宋,杨花,12,冬雨|春|日|尘|梅雨|雨|早春|河|桥|月|罗|云,春|十里|扑帘|随马|一番|带雨|点点|东风|河|桥|月|罗|云,冬雨:2|春:2|日:1|尘:1|梅雨:1|雨:1|早春:1|河:1|桥:1|月:1|罗:1|云:1
513,木兰花慢,清,杨花,13,天|雨|春|地|秋晚|秋兴|秋风|冬雨|春郊|风|云|月|池,春|地|天|断红|夕阳|无声|凄凉|梅花|云山|泪痕|点点|风|雨|云|月|池,天:3|雨:3|春:3|地:2|秋晚:1|秋兴:1|秋风:1|冬雨:1|春郊:1|风:1|云:1|月:1|池:1
514,水龙吟,宋,杨花,11,雪意|春日书怀|春暮|清明|夏日|冬雨|残星|风|春|池|水,燕忙|花残|柳花|日长|珠帘|散漫|垂垂|盈盈|风|春|池|水,雪意:2|春日书怀:1|春暮:1|清明:1|夏日:1|冬雨:1|残星:1|风:1|春:1|池:1|水:1
515,水龙吟,宋,杨花,9,雨|祥云|河|秋郊|春色|流水|陂塘|池|尘,随风|万里|西园|春色|流水|杨花|点点|雨|池|尘,雨:2|祥云:1|河:1|秋郊:1|春色:1|流水:1|陂塘:1|池:1|尘:1
516,水龙吟,明,杨花,6,陂塘|孤峰|春|风|天|水,杨花|映日|春|风|天|水,陂塘:1|孤峰:1|春:1|风:1|天:1|水:1
517,清 明,宋,杨花,2,早春|清明,东风|清明,早春:1|清明:1
518,来禽花,宋,杨花,4,日|清明|风|春,日|清明|风|春,日:3|清明:1|风:1|春:1
519,雨后同干誉、才卿置酒来禽花下作,宋,虞美人,11,春风|水声|江湖|春日书怀|送春|瀑布泉|喜雪|探春|虹|月|雨,落花|风前|黄昏|庭院|残红|千丈|勤花|携手|美人|蛾眉|雨,春风:1|水声:1|江湖:1|春日书怀:1|送春:1|瀑布泉:1|喜雪:1|探春:1|虹:1|月:1|雨:1
520,念奴娇,宋,虞美人,9,冬日|春阴|春色|春|清明|早春|松径|春日书怀|月,向晓|微雨|春色|梨花|风光|东风|风韵|憔悴|月,冬日:1|春阴:1|春色:1|春:1|清明:1|早春:1|松径:1|春日书怀:1|月:1
521,木棉花歌,清,木棉花,11,夏|春风|月|天|初日|秋山|重九|江|日|星|风,月|天|沧海|气高|祝融|炎帝|落花|年年|飞絮|江|日|星|风,夏:2|春风:2|月:2|天:2|初日:1|秋山:1|重九:1|江:1|日:1|星:1|风:1
522,咏木棉花,清,木棉花,4,早春|水|地|月,东风|水|地|月,早春:1|水:1|地:1|月:1
523,春日杂诗,清,木棉花,7,春风|待月|清明|日|旱|尘|风,极目|春城|夕照|落花|飞絮|苍生|遮天|风,春风:2|待月:1|清明:1|日:1|旱:1|尘:1|风:1
524,红 荆,唐,紫荆,2,月|春,月|春,月:1|春:1
525,惜郁李花,唐,郁李花,7,旱|烧|云|霞|不见|狂风|地,鲜妍|高低|漠漠|红绡|不见|狂风|地,旱:1|烧:1|云:1|霞:1|不见:1|狂风:1|地:1
526,次韵郁李花,宋,郁李花,1,春,春,春:1
527,楝花,宋,楝花,4,潮|江|月|风,青草|江|月|风,潮:1|江:1|月:1|风:1
528,寄 友,元,郁李花,7,春郊|石洞|寒食雨|春径|雨|溪|沙,溪山|野人|桃李|春光|雨|溪|沙,春郊:1|石洞:1|寒食雨:1|春径:1|雨:1|溪:1|沙:1
529,褐金门,清,郁李花,10,风|春日书怀|春寒|药园|烟|斜阳|武夷山|春风|梅雨|春,花信|昼永|沉沉|香气|一抹|斜阳|紫云|落花|几阵|春,风:1|春日书怀:1|春寒:1|药园:1|烟:1|斜阳:1|武夷山:1|春风:1|梅雨:1|春:1
1022,浣溪沙,明,杨花,7,石桥|春昼|春暮|沙|华山|春|日,百尺|帘幕|残花|风吹|西天|春|日,石桥:1|春昼:1|春暮:1|沙:1|华山:1|春:1|日:1
1023,渡江云,清,杨花,15,春|春风|星|候|送春|雪晴|待月|梅雨|道路|远水|残星|秋风|霞|云|水,春|星|春风|长亭|送春|落花|凭栏|极目|冥冥|车轮|落日|盈盈|秋风|霞|云|水,春:3|春风:2|星:2|候:1|送春:1|雪晴:1|待月:1|梅雨:1|道路:1|远水:1|残星:1|秋风:1|霞:1|云:1|水:1
1018,洛阳牡丹图,宋,牡丹,9,天|河|风|虹|华山|重九|溪|云|日,天|地脉|故人|窈窕|玉版|年年|溪|云|日,天:3|河:1|风:1|虹:1|华山:1|重九:1|溪:1|云:1|日:1
1019,浣溪沙（兰花）,清,兰花,4,江|春|潮|风,江|春|潮|风,江:1|春:1|潮:1|风:1
1020,锦被堆(其二),宋,蔷薇,3,早春|山|风,碎红|仙宫|风,早春:1|山:1|风:1
1021,瑶华,宋,琼花,10,春|江|清明|旱|夏夜|天|云|山|尘|桥,春|江|花落花开|韶华|明月|天|云|山|尘|桥,春:2|江:2|清明:1|旱:1|夏夜:1|天:1|云:1|山:1|尘:1|桥:1
530,题阶前芍药,唐,芍药,5,虹|旱|云|春|风,窈窕|白日|悠悠|春|风,虹:1|旱:1|云:1|春:1|风:1
531,送芍药与公择,宋,芍药,7,园|立夏|地|日|旱|雨|春,园|芍药|泥沙|日|旱|雨|春,园:2|立夏:1|地:1|日:1|旱:1|雨:1|春:1
532,芍药歌,唐,芍药,7,春|天|园|立冬|风|寒食雨|甘露,春|天|好花|黄钟|君子|桃李|甘若饴,春:3|天:2|园:1|立冬:1|风:1|寒食雨:1|甘露:1
533,黄修职雨中送芍药五枝,宋,芍药,5,春阴|星|石洞|园|雨,微雨|煌煌|仙子|拥翠|雨,春阴:1|星:1|石洞:1|园:1|雨:1
534,七里湾得朱表臣寄千叶楼子髻子芍药,宋,芍药,3,雪意|霞|水,黯黯|霞|水,雪意:1|霞:1|水:1
535,芙蓉渡酒店前金沙芍药盛开,宋,芍药,8,春径|衡山|渡口|立夏|月|山|沙|雨,春光|芙蓉|渡口|芍药|寂寞|山|沙|雨,春径:1|衡山:1|渡口:1|立夏:1|月:1|山:1|沙:1|雨:1
536,咏芍药,金,芍药,4,雪意|秋风|风|春,梦断|云飞|风|春,雪意:1|秋风:1|风:1|春:1
537,芍 药,唐,芍药,1,山,仙宫,山:1
538,华严院西轩见芍药,宋,芍药,1,风,风,风:1
539,谢赵生惠芍药(其三),宋,芍药,3,清明|天|春,风光|天|春,清明:1|天:1|春:1
540,咏一捻红芍药,清,芍药,1,立夏,芍药,立夏:1
541,白芍药,清,芍药,5,雪意|雨|春|夏夜|冬夜,珠帘|入夜|风暖|月明|残梦,雪意:1|雨:1|春:1|夏夜:1|冬夜:1
542,浪淘沙,宋,芍药,9,春暮|立夏|秋郊|夏夜|春|风|山|云|桥,花残|芍药|西园|明月|春|风|山|云|桥,春暮:1|立夏:1|秋郊:1|夏夜:1|春:1|风:1|山:1|云:1|桥:1
543,水龙吟,宋,芍药,10,春|风|温泉|上元|月影|重九|春日书怀|霞|云|海,春|风|翠阴|银烛|光摇|画堂|离愁|霞|云|海,春:2|风:2|温泉:1|上元:1|月影:1|重九:1|春日书怀:1|霞:1|云:1|海:1
544,望海潮,宋,芍药,10,天|清明|初夏|早春|重九|山水|春日书怀|春|江|风,天|风光|红药|东风|年年|绿绕|梦魂|春|江|风,天:2|清明:1|初夏:1|早春:1|重九:1|山水:1|春日书怀:1|春:1|江:1|风:1
545,紫躑躅,唐,杜鹃,12,山|秋兴|水|月|残星|如昼|春夜|春风|春|日|夏|风,山|青山|水|月|迢迢|今夜|月午|春风|春|日|夏|风,山:6|秋兴:4|水:2|月:2|残星:1|如昼:1|春夜:1|春风:1|春:1|日:1|夏:1|风:1
546,山石榴寄元九,唐,杜鹃,11,山|石|江|天|春日|衡山|春暮|远水|月|地|日,山|石|江|得一|春日|芙蓉|春暮|落日|月|地|日,山:5|石:3|江:3|天:1|春日:1|衡山:1|春暮:1|远水:1|月:1|地:1|日:1
547,杜鹃花,唐,杜鹃,4,雷|寒食|春日书怀|野,一声|寒食|日迟|野,雷:1|寒食:1|春日书怀:1|野:1
548,玉泉寺南三里涧下多深红躑躅，繁艳殊常,唐,杜鹃,6,上巳|雾|送春|上元|泉|日,南涧|三里|留连|管弦|泉|日,上巳:1|雾:1|送春:1|上元:1|泉:1|日:1
549,杜鹃花,宋,杜鹃,9,悲秋|早春|旅中寒食|探春|云|山|烟|月|水,归心|东风|怀乡|望眼|云|山|烟|月|水,悲秋:1|早春:1|旅中寒食:1|探春:1|云:1|山:1|烟:1|月:1|水:1
550,宣城见杜鹃花,唐,杜鹃,2,春|月,春|月,春:1|月:1
551,寄李渤,唐,杜鹃,5,云|春山|上元|游春|月,度溪|春山|处处|看花|月,云:1|春山:1|上元:1|游春:1|月:1
552,戏问山石榴,唐,杜鹃,2,假山|山,庭前|山,假山:1|山:1
553,山石榴,唐,杜鹃,3,山|烧|云,山|烧|云,山:2|烧:1|云:1
554,叹灵鹫寺山石榴,唐,杜鹃,3,水|山|春,水|山|春,水:1|山:1|春:1
555,送杜鹃花,唐,杜鹃,3,新秋|春|秋,西风|春|秋,新秋:1|春:1|秋:1
556,杜鹃花,宋,杜鹃,5,山|日|春风|江|溪,山|日|春风|江|溪,山:2|日:2|春风:1|江:1|溪:1
557,杜鹃花,清,杜鹃,3,烟|春|风,一抹|春|风,烟:1|春:1|风:1
558,浪淘沙,宋,杜鹃,8,庐山|新秋|春日书怀|云|天|秋|月|春,烟霞|西风|花明|冉冉|天|秋|月|春,庐山:1|新秋:1|春日书怀:1|云:1|天:1|秋:1|月:1|春:1
559,定风波,宋,杜鹃,8,旱|春|探春|渔矶|山|海|日|罗,春|百紫|千红|杜鹃声|风雨|山|海|日|罗,旱:2|春:2|探春:1|渔矶:1|山:1|海:1|日:1|罗:1
560,山枇杷,唐,杜鹃,10,初夏|元日|寒食雨|衡山|山|溪|野|风|日|石,枇杷|火树|桃李|芙蓉|山|溪|野|风|日|石,初夏:1|元日:1|寒食雨:1|衡山:1|山:1|溪:1|野:1|风:1|日:1|石:1
561,唐昌观玉蕊花拆，有仙人游，怅然成二绝(其二),唐,玉蕊花,5,七夕|沙|山|尘|云,羽车|风吹|山|尘|云,七夕:1|沙:1|山:1|尘:1|云:1
562,和严给事闻唐昌观玉蕊花下有游仙二首(其一),唐,玉蕊花,5,喜雪|冬雨|旅中寒食|探春|天台山,玉女|玉树|异香|七香|人间日易斜,喜雪:1|冬雨:1|旅中寒食:1|探春:1|天台山:1
563,唐昌观玉蕊花,唐,玉蕊花,2,竹径|地,碎月|地,竹径:1|地:1
564,赋虞美人草,宋,虞美人,5,月|沙|风|江|石,千里|陌上|风|江|石,月:1|沙:1|风:1|江:1|石:1
565,虞美人花,清,虞美人,2,虹|重九,美人|年年,虹:1|重九:1
566,咏虞美人草,明,虞美人,4,初夏|风|日|江,红药|风|日|江,初夏:1|风:1|日:1|江:1
567,咏虞美人草,宋,虞美人,1,日,日,日:1
568,咏虞美人草,宋,虞美人,0,,,
569,虞美人,清,虞美人,2,待月|江,江上|江,待月:1|江:1
570,虞美人,宋,虞美人,5,喜雪|秋风|水声|尘|地,玉玲珑|秋风|古今|尘|地,喜雪:1|秋风:1|水声:1|尘:1|地:1
571,浪淘沙,宋,虞美人,5,春风|月蚀|雨|江|日,春风|朦胧|泪痕|江|日,春风:1|月蚀:1|雨:1|江:1|日:1
572,米囊花,宋,罂粟,5,春山|春|春风|天|日,鸟语|东君|春风|天|日,春山:1|春:1|春风:1|天:1|日:1
573,罂粟花,清,罂粟,3,日|烟|霞,五色|烟|霞,日:1|烟:1|霞:1
574,含笑花,宋,含笑,4,春日书怀|春雨|药园|日,菖蒲|花房|香气|日,春日书怀:1|春雨:1|药园:1|日:1
575,含 笑,宋,含笑,3,水声|江湖|春雨,风前|涓涓|生春,水声:1|江湖:1|春雨:1
576,闻傅氏庄紫笑花开，急棹小舟观之,宋,含笑,2,夏日|春,日长|春,夏日:1|春:1
577,含笑花,宋,含笑,2,沙|雨,风吹|雨,沙:1|雨:1
578,咏慎郎中园木香,宋,木香,6,石洞|天|春归|春风|霞|日,仙子|云车|春归|春风|霞|日,石洞:1|天:1|春归:1|春风:1|霞:1|日:1
579,木 香,宋,木香,4,月桂|春昼|药园|月,广寒宫|楼台|香气|月,月桂:1|春昼:1|药园:1|月:1
580,司直巡官无绪移到玫瑰花,唐,玫瑰,7,霞|沙|喜雪|莲塘|春|天|日,锦绣|风吹|琼瑶|苍苔|春|天|日,霞:1|沙:1|喜雪:1|莲塘:1|春:1|天:1|日:1
581,红玫瑰,宋,玫瑰,5,春色|月|风|雨|水,浅深红|月|风|雨|水,春色:1|月:1|风:1|雨:1|水:1
582,合欢诗,晋,合欢,4,霞|春日书怀|云|春,绿叶|蔽朱|因风|春|霞,霞:2|春日书怀:1|云:1|春:1
583,东墙夜合树去秋为风雨所摧，今年花时，帐然有感,唐,合欢,3,渔矶|地|春,风雨|地|春,渔矶:1|地:1|春:1
584,中书东厅夜合,宋,合欢,2,月桂|风,清香|风,月桂:1|风:1
585,夜合花,明,合欢,3,秋|夏夜|春,含风|明月|春,秋:1|夏夜:1|春:1
586,合欢花,明,合欢,3,春色|假山|天,春色|庭前|天,春色:1|假山:1|天:1
587,夜合花,清,合欢,4,瀑布泉|候|河|桥,朝看|长亭|河|桥,瀑布泉:1|候:1|河:1|桥:1
588,辛夷坞,唐,辛夷,4,衡山|祥云|山|涧,芙蓉|纷纷|山|涧,衡山:1|祥云:1|山:1|涧:1
589,辛 夷,明,辛夷,3,春雨|十六夜月|江,春雨|影斜|江,春雨:1|十六夜月:1|江:1
590,木莲花,清,辛夷,5,渡口|华山|云|海|池,波涛|莲花|云|海|池,渡口:1|华山:1|云:1|海:1|池:1
591,题灵隐寺红辛夷戏酬光上人,唐,辛夷,2,华山|山,莲花|山,华山:1|山:1
592,二辛夷,唐,辛夷,2,祥云|春雨,纷纷|春雨,祥云:1|春雨:1
593,木笔花,明,辛夷,2,春|霞,春|霞,春:1|霞:1
594,路旁棣棠花,宋,棣棠,7,春晴|春郊|人日|尘|地|罗|春,芳草|幽花|缕金|尘|地|罗|春,春晴:1|春郊:1|人日:1|尘:1|地:1|罗:1|春:1
1024,贺新郎（客赠芍药）,宋,芍药,13,重九|祥云|寒食雨|夏|早春|桥|春日书怀|月|寒食|雨|天|日|春,画堂|祥云|关山|迢递|东风|岁月|憔悴|怅望|歌吹|点点|天|日|春,重九:1|祥云:1|寒食雨:1|夏:1|早春:1|桥:1|春日书怀:1|月:1|寒食:1|雨:1|天:1|日:1|春:1
1026,虞美人草行,宋,虞美人,7,月|沙|初夏|流水|梅溪|烟|天,如雪|草芳|寂寞|滔滔|水流|月|烟|天,月:2|沙:1|初夏:1|流水:1|梅溪:1|烟:1|天:1
1027,虞美人,宋,虞美人,6,日|春晴|春风|潮|祈雨|候,日|芳草|春风|拔山|精诚|亭亭,日:2|春晴:1|春风:1|潮:1|祈雨:1|候:1
1025,山枇杷,唐,山枇杷,18,山|初夏|云|秋兴|水帘|假山|春日书怀|春郊|秋日|河|游春|沙|日|水|雾|天|园|溪,山|枇杷|青山|因风|飞带|秀色|日迟|幽花|天高|万里|人醉|陌上|日|水|云|雾|天|园|溪,山:5|初夏:2|云:2|秋兴:1|水帘:1|假山:1|春日书怀:1|春郊:1|秋日:1|河:1|游春:1|沙:1|日:1|水:1|雾:1|天:1|园:1|溪:1
1017,蝶恋花,宋,梨花,8,寒食|春风|上元|重九|烟|春雨|春色|秋风,秋千|春风|翠袖|年年|寒食|天际|春雨|丹青|凄凉,寒食:2|春风:1|上元:1|重九:1|烟:1|春雨:1|春色:1|秋风:1
1015,清平乐,金,杏花,5,冬雨|春|溪|月|风,春|溪|梅花|横斜|月|风,冬雨:2|春:2|溪:2|月:1|风:1
1014,南圃杏花,唐,棣棠,6,水帘|春寒|梅溪|十六夜月|春雨|风,万点|春寒|绛雪|昨夜|春雨|风,水帘:1|春寒:1|梅溪:1|十六夜月:1|春雨:1|风:1
1010,桃花行,清,桃花,23,春雨|早春|春日书怀|月|春|日影|沙|假山|春色|雪晴|祥云|秋晴|莲塘|水帘|江湖|雷|春归|风|烟|天|烧|水|泉,桃花|东风|憔悴|月|春|隔帘|风吹|庭前|春色|凭栏|纷纷|红叶|鸳鸯|长流|黄昏|一声|春归|寂寞|风|烟|天|烧|水|泉,春雨:9|早春:3|春日书怀:3|月:3|春:2|日影:1|沙:1|假山:1|春色:1|雪晴:1|祥云:1|秋晴:1|莲塘:1|水帘:1|江湖:1|雷:1|春归:1|风:1|烟:1|天:1|烧:1|水:1|泉:1
595,咏邻女东窗海石榴,唐,榴花,7,莲塘|星|月桂|祥云|远水|海|罗,绿水|光辉|清香|随风|落日|海|罗,莲塘:1|星:1|月桂:1|祥云:1|远水:1|海:1|罗:1
596,赋园中所有,宋,榴花,5,石|喜雪|春风|送春|候,石|及时|开花|残红|候,石:2|喜雪:1|春风:1|送春:1|候:1
597,榴 花,明,榴花,4,候|上元|园|石,亭亭|花市|园|石,候:1|上元:1|园:1|石:1
598,榴 花,金,榴花,3,月|山|石,千里|山|石,月:1|山:1|石:1
599,海 榴,唐,榴花,3,春风|药园|海,春风|成丛|海,春风:1|药园:1|海:1
600,西园石榴开,宋,榴花,5,春日书怀|送春|初日|野|夏,绿叶|莺啼|初日|携酒|野|夏,春日书怀:2|送春:1|初日:1|野:1|夏:1
601,榴 花,宋,榴花,2,虹|沙,窈窕|风吹,虹:1|沙:1
602,咏石榴花,元,榴花,2,云|春风,千重|春风,云:1|春风:1
603,榴 花,唐,榴花,4,寒食雨|秋径|月|地,无车马|青苔|月|地,寒食雨:1|秋径:1|月:1|地:1
604,山寺看海榴花,唐,榴花,4,夏夜|雷|地|霞,月明|火光|地|霞,夏夜:1|雷:1|地:1|霞:1
605,榴 花,元,榴花,3,春郊|夏|云,游蜂|薰风|云,春郊:1|夏:1|云:1
606,南歌子,元,榴花,8,云|旱|游春|喜雪|春|尘|石|池,云|紫陌|看花|千点|春|尘|石|池,云:2|旱:1|游春:1|喜雪:1|春:1|尘:1|石:1|池:1
607,庆清朝,宋,榴花,11,春|重九|夏|虹|探春|药园|寒食雨|新秋|残星|地|山,春|年年|薰风|窈窕|载酒|成丛|无车马|西风|数点|地|山,春:2|重九:1|夏:1|虹:1|探春:1|药园:1|寒食雨:1|新秋:1|残星:1|地:1|山:1
608,贺新郎,宋,榴花,9,夏|井|雪意|天|春夜|云|新秋|喜雪|石,乳燕|桐阴|梦断|瑶台|风敲竹|千重|西风|簌簌|石,夏:1|井:1|雪意:1|天:1|春夜:1|云:1|新秋:1|喜雪:1|石:1
609,石竹咏,唐,石竹,0,,,
610,石竹花,宋,石竹,1,春,春,春:1
611,石竹花,宋,石竹,6,春归|药园|竹溪|游春|春风|地,春归|成丛|浅浅|车马|春风|地,春归:1|药园:1|竹溪:1|游春:1|春风:1|地:1
612,赋石竹,元,石竹,1,云,点缀,云:1
613,咏栀子花,明,栀子花,11,春|秋|月|云|冬|江湖|泉声|秋晴|天|地|夏,春|秋|桂华|炎炎|岁寒|幽香|断续|清风|天|地|夏,春:2|秋:2|月:1|云:1|冬:1|江湖:1|泉声:1|秋晴:1|天:1|地:1|夏:1
614,雨过山村,唐,栀子花,5,庐山|竹溪|喜雪|中庭|雨,鸡鸣|竹溪|板桥|中庭|雨,庐山:1|竹溪:1|喜雪:1|中庭:1|雨:1
615,栀 子,宋,栀子花,2,水|月,水|月,水:1|月:1
616,蜀 葵,明,蜀葵,4,春色|霞|天|雨,天阴|霞|天|雨,春色:1|霞:1|天:1|雨:1
617,春日忆山中故居,清,桐花,4,早春|冬日书怀|新秋|冬雨,春来|三年|梧桐|乱洒,早春:1|冬日书怀:1|新秋:1|冬雨:1
618,桐,清,桐花,4,秋|新秋|春夜|雨,桐叶|晚风|花香|雨,秋:1|新秋:1|春夜:1|雨:1
619,采莲曲,南朝梁,莲花,3,衡山|日|风,芙蓉|日|风,衡山:1|日:1|风:1
620,采莲,南朝梁,莲花,4,月|初夏|罗|江,千里|荷花|罗|江,月:1|初夏:1|罗:1|江:1
621,采莲曲,南朝梁,莲花,5,江|夏|浦|渡|风,江|荷叶|浦|渡|风,江:2|夏:1|浦:1|渡:1|风:1
622,咏江南可采莲,南朝梁,莲花,9,元日|衡山|重九|流水|夏|月|风|江|地,春初|芙蓉|年年|不穷|夏|月|风|江|地,元日:1|衡山:1|重九:1|流水:1|夏:1|月:1|风:1|江:1|地:1
623,赋得涉江采芙蓉,南朝陈,莲花,7,衡山|皓彩|夏|莲塘|冬|霞|渡,芙蓉|花影|荷香|菱歌|更长|为裳|渡,衡山:1|皓彩:1|夏:1|莲塘:1|冬:1|霞:1|渡:1
624,咏同心芙蓉,隋,莲花,4,初夏|候|上巳|风,荷花|亭亭|水中|风,初夏:1|候:1|上巳:1|风:1
625,采莲曲,隋,莲花,3,陂塘|云|风,解缆|随意|风,陂塘:1|云:1|风:1
626,秋池一株莲,隋,莲花,3,江湖|云|秋,凌波|从风|秋,江湖:1|云:1|秋:1
627,古 风(其二十六),唐,莲花,9,莲塘|月桂|假山|泉|日|秋|罗|烟|池,绿水|密叶|秀色|泉|日|秋|罗|烟|池,莲塘:1|月桂:1|假山:1|泉:1|日:1|秋:1|罗:1|烟:1|池:1
628,折荷有赠,唐,莲花,5,秋水|秋|江|云|天,秋水|凉风|江|云|天,秋水:1|秋:1|江:1|云:1|天:1
629,子夜吴歌(其二),唐,莲花,5,雷|新秋|初夏|待月|月,百里|菡萏|荷花|待月|月,雷:1|新秋:1|初夏:1|待月:1|月:1
630,越 女,唐,莲花,4,衡山|春暮|水|江,芙蓉|将归|水|江,衡山:2|春暮:1|水:1|江:1
631,东林寺白莲,唐,莲花,14,喜雪|上巳|衡山|新秋|旱|秋凉|月|华山|水|尘|夏|秋|池|山,东林|湛湛|芙蓉|菡萏|白日|清飚|玉盘|琼瑶|莲花|水|尘|夏|秋|池|山,喜雪:2|上巳:1|衡山:1|新秋:1|旱:1|秋凉:1|月:1|华山:1|水:1|尘:1|夏:1|秋:1|池:1|山:1
632,京兆府新栽莲·,唐,莲花,7,水|溪|除夜|春日书怀|尘|日|地,水|溪|人事|憔悴|尘|日|地,水:2|溪:2|除夜:1|春日书怀:1|尘:1|日:1|地:1
633,与王郎昆仲及儿子迈绕城观荷,宋,莲花,12,十六夜月|秋色|日|上元|悲秋|雨|风|月|秋|溪|浦|海,昨夜|水清|十里|处处|白发|雨|风|月|秋|溪|浦|海,十六夜月:1|秋色:1|日:1|上元:1|悲秋:1|雨:1|风:1|月:1|秋:1|溪:1|浦:1|海:1
634,荷花,宋,莲花,11,虹|秋水|远水|山|秋暮|月|渔矶|渡|天|云|江,秋水|雨脚|落日|遥岑|美人|摇落|薄暮|风雨|渡|天|云|江,虹:2|秋水:2|远水:1|山:1|秋暮:1|月:1|渔矶:1|渡:1|天:1|云:1|江:1
635,玉井事观荷,宋,荷花,4,星|日|罗|水,水精|日|罗|水,星:1|日:1|罗:1|水:1
636,采莲曲,金,荷花,7,水|云|边塞|远水|秋|莲塘|日,洋洋|长江|渺渺|冉冉|凉风|轻舟|悠悠|水|日,水:2|云:2|边塞:1|远水:1|秋:1|莲塘:1|日:1
637,观鑫,清,荷花,14,云|夏|喜雪|秋|十六夜月|丰年|雨|雪意|夏夜|水|游春|关隘|池|天,荷叶|濯濯|凉风|赏心|一雨|破块|跳珠|明月|冯夷|看花|去来|襟带|池|天|云,云:2|夏:1|喜雪:1|秋:1|十六夜月:1|丰年:1|雨:1|雪意:1|夏夜:1|水:1|游春:1|关隘:1|池:1|天:1
638,采莲曲,唐,荷花,17,华山|待月|月|浦|江|莲塘|衡山|秋风|春|送春|日|曝日|冬|寒食雨|罗|海|风,莲花|江上|浦|江|绿水|芙蓉|秋风|花红|怅望|别离|有节|浩荡|寒江|千里|关山|罗|海|风|月,华山:4|待月:3|月:3|浦:2|江:2|莲塘:1|衡山:1|秋风:1|春:1|送春:1|日:1|曝日:1|冬:1|寒食雨:1|罗:1|海:1|风:1
639,奉酬卢给事云夫四兄曲江荷花行见寄并呈上钱七兄阁老张十八助教,唐,荷花,18,日|江|夏日途中|泉|瀑布泉|冬雨|月影|衡山|华山|雷|云峰|游春|潮|江湖|泰山|秋|云|山,江|红云|大明|走马|明珠|寒光|婆娑|芙蓉|太白|百里|崔嵬|插花|玉山|水平|天门|秋|云|山|日,日:2|江:2|夏日途中:1|泉:1|瀑布泉:1|冬雨:1|月影:1|衡山:1|华山:1|雷:1|云峰:1|游春:1|潮:1|江湖:1|泰山:1|秋:1|云:1|山:1
640,古 意,唐,荷花,4,华山|春风|云|山,太华|玉井|开花|一片|青壁,华山:2|春风:1|云:1|山:1
641,赠荷花,唐,荷花,4,新秋|云|尘|天,菡萏|卷舒|尘|天,新秋:1|云:1|尘:1|天:1
642,张静婉采莲曲,唐,荷花,15,春|月|水|园|上元|云峰|送春|夏日|云|桥|天|烟|秋|罗|溪,春|月|水|杨柳|鲛绡|送雨来|留连|清光|云|桥|天|烟|秋|罗|溪,春:3|月:3|水:2|园:1|上元:1|云峰:1|送春:1|夏日:1|云:1|桥:1|天:1|烟:1|秋:1|罗:1|溪:1
643,古采莲,元,荷花,6,沙|水|雨|江湖|春日|夏夜,风吹|冯夷|霏霏|兰舟|迟迟|明月,沙:1|水:1|雨:1|江湖:1|春日:1|夏夜:1
644,莲塘曲,元,荷花,12,夏|春|莲塘|远山|观涨|月影|春日书怀|春晴|果园|衡山|风|水,青萍|柳塘|鸳鸯|一点|珠碎|香满|梦魂|芳草|满架|芙蓉|风|水,夏:1|春:1|莲塘:1|远山:1|观涨:1|月影:1|春日书怀:1|春晴:1|果园:1|衡山:1|风:1|水:1
645,徐两山寄莲花,明,荷花,8,秋风|夏|衡山|秋水|除夜|水|雨|烟,秋风|银塘|芙蓉|秋水|明年|水|雨|烟,秋风:1|夏:1|衡山:1|秋水:1|除夜:1|水:1|雨:1|烟:1
646,晚 莲,唐,荷花,2,雨|江,雨|江,雨:1|江:1
647,莲塘霁望,唐,荷花,10,新秋|春日书怀|潮|春径|霞|秋郊|秋声|秋凉|水|罗,新秋|菡萏|红英|晚风|万叠|拾翠|雨晴|牧童|短笛|蓼花|水|罗,新秋:3|春日书怀:1|潮:1|春径:1|霞:1|秋郊:1|秋声:1|秋凉:1|水:1|罗:1
648,新荷出水,宋,荷花,7,秋径|新秋|春风|华山|水|池|日,晓露|晚风|开花|太华|水|池|日,秋径:1|新秋:1|春风:1|华山:1|水:1|池:1|日:1
649,三益堂芙蓉,元,荷花,10,秋水|衡山|武夷山|上元|雪意|喜雪|夏日途中|风|霞|月,秋水|芙蓉|画栏|翠袖|江浦|仙掌|红云|风|霞|月,秋水:1|衡山:1|武夷山:1|上元:1|雪意:1|喜雪:1|夏日途中:1|风:1|霞:1|月:1
650,并·蒂莲花,明,荷花,8,早春|春暮|春日书怀|溪|水|月|春|日,新绿|风花|憔悴|溪|水|月|春|日,早春:1|春暮:1|春日书怀:1|溪:1|水:1|月:1|春:1|日:1
651,芙藻,晋,荷花,2,祥云|泉,随风|清流,祥云:1|泉:1
652,曲池荷,唐,荷花,3,烟|秋风|池,曲岸|秋风|池,烟:1|秋风:1|池:1
653,莲 叶,唐,荷花,2,立秋|春,露下|春,立秋:1|春:1
654,芙 蓉,唐,荷花,3,新秋|莲塘|秋,西风|红衣|秋,新秋:1|莲塘:1|秋:1
655,白 莲,宋,木芙蓉,3,十六夜月|水|岛屿,昨夜|冯夷|波心,十六夜月:1|水:1|岛屿:1
656,莲 塘,宋,木芙蓉,2,雨|霞,雨|霞,雨:1|霞:1
657,和文与可菡萏轩,宋,木芙蓉,4,春风|上巳|夏夜|月桂,开花|水中|月明|清香,春风:1|上巳:1|夏夜:1|月桂:1
658,采莲曲,明,木芙蓉,4,春色|莲塘|风|水,傍人|鸳鸯|风|水,春色:1|莲塘:1|风:1|水:1
659,采莲曲,明,木芙蓉,3,残星|上巳|莲塘,盈盈|水中|鸳鸯,残星:1|上巳:1|莲塘:1
660,秋 荷,清,木芙蓉,3,秋暮|秋|风,摇落|秋|风,秋暮:1|秋:1|风:1
661,采莲曲二首(其二),唐,木芙蓉,5,夏|衡山|不见|罗|池,荷叶|芙蓉|不见|罗|池,夏:1|衡山:1|不见:1|罗:1|池:1
662,莲 叶,唐,木芙蓉,6,待月|莲塘|水|风|沙|雨,倚槛|鸳鸯|水|风|沙|雨,待月:1|莲塘:1|水:1|风:1|沙:1|雨:1
663,白 莲,唐,木芙蓉,3,岛屿|池|月,晓风|池|月,岛屿:1|池:1|月:1
664,采 莲,五代,木芙蓉,2,新秋|水,菡萏|水,新秋:1|水:1
665,雨中荷花,宋,木芙蓉,3,秋兴|观涨|风,临水|浪翻|风,秋兴:1|观涨:1|风:1
666,荷 叶,宋,木芙蓉,7,候|立秋|石洞|初夏|夏|祥云|风,池面|露下|水面|荷花|亭亭|荷叶|随风|风,候:2|立秋:1|石洞:1|初夏:1|夏:1|祥云:1|风:1
667,荷 花,宋,木芙蓉,4,候|风|天|日,亭亭|风|天|日,候:1|风:1|天:1|日:1
668,横 湖,宋,荷花,3,秋光|天|云,秋光|天|云,秋光:1|天:1|云:1
669,晓出净慈寺送林子方,宋,荷花,5,天|伏|清明|孤峰|初夏,六月|风光|四时|映日|荷花|天,天:2|伏:1|清明:1|孤峰:1|初夏:1
670,再赋郡沼双莲,宋,荷花,1,云,云,云:1
671,立秋后二日泛舟越来溪,宋,荷花,3,新秋|石洞|溪,西风|水面|溪,新秋:1|石洞:1|溪:1
672,荷 花,宋,荷花,4,云|喜雪|冬雨|风,南浦|清秋|片片|风,云:1|喜雪:1|冬雨:1|风:1
673,梦行荷花万顷中,宋,荷花,5,风|月|远水|春夜|天,风|月|茫茫|花香|天,风:2|月:2|远水:1|春夜:1|天:1
674,荷 亭,宋,荷花,5,秋兴|夜雨|夏|残星|风,临水|夜雨|荷叶|五更|风,秋兴:1|夜雨:1|夏:1|残星:1|风:1
675,新 荷,宋,荷花,2,远山|水,翠色|湖光,远山:1|水:1
676,荷 叶,宋,荷花,2,候|春昼,亭亭|风清,候:1|春昼:1
677,荷 花,金,荷花,5,伏|霞|春夜|天|沙,六月|日落|花香|天|沙,伏:1|霞:1|春夜:1|天:1|沙:1
678,荷叶露,金,荷花,5,春暮|新秋|远水|月影|泉,将归|西风|渺渺|波寒|泉,春暮:1|新秋:1|远水:1|月影:1|泉:1
679,藕 花,明,荷花,5,雨|陂塘|莲塘|夏|水,霏霏|莲房|鸳鸯|荷叶|雨|水,雨:2|陂塘:1|莲塘:1|夏:1|水:1
680,再过露筋祠,清,荷花,6,渔矶|云|烟|月|野|风,系缆|云|烟|月|野|风,渔矶:1|云:1|烟:1|月:1|野:1|风:1
681,芙 蓉,清,荷花,3,江湖|水|桥,照影|水|桥,江湖:1|水:1|桥:1
682,临平道中看荷花，同朱冰壑、陈渔沂,清,木芙蓉,5,水声|秋晚|潮|游春|月,风前|落霞|花气|看花|月,水声:1|秋晚:1|潮:1|游春:1|月:1
683,如梦令,宋,木芙蓉,5,渡|园|浦|溪|日,渡|花深|鸥鹭|溪|日,渡:2|园:1|浦:1|溪:1|日:1
684,乌夜啼,宋,木芙蓉,2,松风|云,松风|云,松风:1|云:1
685,昭君怨,宋,木芙蓉,6,潮|春日书怀|春晴|月|风|云,花气|诗情|花心|月|风|云,潮:1|春日书怀:1|春晴:1|月:1|风:1|云:1
686,采桑子,宋,木芙蓉,7,雨|十六夜月|夏|潮|浦|溪|池,昨夜|红稀|扁舟|霏微|浦|溪|池|雨,雨:2|十六夜月:1|夏:1|潮:1|浦:1|溪:1|池:1
687,菩萨蛮,宋,木芙蓉,6,衡山|浦|风|月|雨|日,芙蓉|浦|风|月|雨|日,衡山:1|浦:1|风:1|月:1|雨:1|日:1
688,清平乐,宋,木芙蓉,10,秋声|秋晚|冬雨|新秋|重九|梅溪|春郊|夏夜|十六夜月|溪,秋声|断红|片片|西风|年年|水流|花谢|月明|昨夜|溪,秋声:1|秋晚:1|冬雨:1|新秋:1|重九:1|梅溪:1|春郊:1|夏夜:1|十六夜月:1|溪:1
689,摊破浣溪沙,五代,木芙蓉,6,新秋|春水|春日|春日书怀|边塞|雨,菡萏|西风|绿波|韶光|憔悴|鸡塞|雨,新秋:2|春水:1|春日:1|春日书怀:1|边塞:1|雨:1
690,太常引,元,木芙蓉,12,游山|春晓|初日|喜雪|池|风|雨|水|云|天|野|渡,幽人|早起|初日|珠倾|池|风|雨|水|云|天|野|渡,游山:1|春晓:1|初日:1|喜雪:1|池:1|风:1|雨:1|水:1|云:1|天:1|野:1|渡:1
691,鹪鸪天,金,木芙蓉,11,水|日|莲塘|秋夜|竹径|江湖|新秋|夏夜|山|月|云,水|十里|翡翠|秋影|醉魂|凌波|西风|夜凉|山|月|云,水:2|日:1|莲塘:1|秋夜:1|竹径:1|江湖:1|新秋:1|夏夜:1|山:1|月:1|云:1
692,，荷叶杯,清,木芙蓉,5,风|盆池|庐山|新秋|水,盆池|君子|碧纱|晚风|水|风,风:2|盆池:1|庐山:1|新秋:1|水:1
693,蝶恋花,宋,木芙蓉,9,夏夜|待月|游春|沙|水|秋|天|风|地,似秋|江上|看花|江头|水|秋|天|风|地,夏夜:1|待月:1|游春:1|沙:1|水:1|秋:1|天:1|风:1|地:1
694,渔家傲,宋,木芙蓉,4,沙|夏|潮|陂塘,花底|荷叶|花气|绿阴|沙,沙:2|夏:1|潮:1|陂塘:1
695,浪淘沙,清,木芙蓉,13,日|春夜|江|春日书怀|远水|莲塘|新秋|梅雨|天|雾|烟|水|沙,十里|花香|沧浪|微茫|悄悄|年光|菱歌|西风|几阵|池塘|天|雾|烟|水|日|江|沙,日:2|春夜:2|江:2|春日书怀:2|远水:1|莲塘:1|新秋:1|梅雨:1|天:1|雾:1|烟:1|水:1|沙:1
696,玉楼春,明,木芙蓉,10,秋夜|云|春夜|夏|秋日|水声|秋色|风|秋|水,片月|秋影|银塘|冉冉|玉露|泠泠|碧天|清夜|云|风|秋|水,秋夜:2|云:2|春夜:1|夏:1|秋日:1|水声:1|秋色:1|风:1|秋:1|水:1
697,苏幕遮,宋,虞美人,12,残夏|秋郊|立春|石洞|池|秋色|莲塘|衡山|雨|日|月|浦,溽暑|鸟雀|初阳|水面|清圆|风荷|轻舟|芙蓉|雨|日|月|浦,残夏:1|秋郊:1|立春:1|石洞:1|池:1|秋色:1|莲塘:1|衡山:1|雨:1|日:1|月:1|浦:1
698,燕归梁,宋,虞美人,6,春昼|不见|初夏|沙|云|霞,春昼|不见|荷花|风吹|云|霞,春昼:1|不见:1|初夏:1|沙:1|云:1|霞:1
699,踏莎行,宋,虞美人,9,莲塘|江湖|园|斜阳|冬雨|春风|秋风|潮|云,杨柳|鸳鸯|别浦|幽香|红衣|返照|带雨|春风|秋风|潮|云,莲塘:2|江湖:2|园:1|斜阳:1|冬雨:1|春风:1|秋风:1|潮:1|云:1
700,隔浦莲近拍,清,虞美人,17,寒食|江湖|梅雨|雪晴|早春|衡山|云|春日|候|泉|瀑布泉|松风|秋晴|夏夜|烟|水|霞,梅雨|新霁|浮烟|垂杨|歌吹|芙蓉|凌波|一片|明媚|亭亭|万斛|琼珠|逸韵|幽香|清风|明月|天际|水|霞,寒食:2|江湖:2|梅雨:1|雪晴:1|早春:1|衡山:1|云:1|春日:1|候:1|泉:1|瀑布泉:1|松风:1|秋晴:1|夏夜:1|烟:1|水:1|霞:1
701,惜红衣,宋,虞美人,14,初夏|莲塘|虹|水|雨|秋|新秋|秋日书怀|秋色|云|夏|泉|天|沙,荷花|水|岑寂|高柳|晚蝉|西风|红衣|故国|美人|秋色|云|夏|泉|虹|天|沙,初夏:2|莲塘:2|虹:2|水:2|雨:1|秋:1|新秋:1|秋日书怀:1|秋色:1|云:1|夏:1|泉:1|天:1|沙:1
702,洞仙歌令,宋,虞美人,11,月|岛屿|新秋|远水|渔矶|霞|早春|风|江湖|云|溪,西风|渺渺|烟雨|照水|东风|千里|绵绵|凌波|南浦|潮生|晓风|溪|月,月:2|岛屿:2|新秋:1|远水:1|渔矶:1|霞:1|早春:1|风:1|江湖:1|云:1|溪:1
703,水龙吟,宋,虞美人,9,月|皓彩|华山|早春|天|秋风|尘|海|山,蛾眉|顾影|玉井|浮烟|瑶台|凄凉|尘|月|海|山,月:2|皓彩:1|华山:1|早春:1|天:1|秋风:1|尘:1|海:1|山:1
704,水龙吟白莲,宋,虞美人,10,喜雪|江湖|残星|渔矶|秋风|云|海|山|罗|月,铅华|涓涓|盈盈|烟雨|凄凉|凌波|乘风|云|海|山|罗|月,喜雪:2|江湖:2|残星:1|渔矶:1|秋风:1|云:1|海:1|山:1|罗:1|月:1
705,水龙吟,宋,虞美人,12,浦|衡山|江湖|甘露|霞|不见|莲塘|日|新秋|烟|月|云,芙蓉|涓涓|滴金盘|照水|鸥鹭|不见|红衣|十里|西风|烟|月|浦|云,浦:2|衡山:1|江湖:1|甘露:1|霞:1|不见:1|莲塘:1|日:1|新秋:1|烟:1|月:1|云:1
706,"《迈陂塘》摸
鱼
儿
·
问
莲
根
有
丝
多
少",金,莲花,18,莲塘|水|上巳|初夏|日|冬雨|秋兴|待月|新秋|江湖|探春|渔矶|春|天|浦|烟|海|石,水|水中|荷花|五色|脉脉|鸳鸯|夕阳|江上|西风|兰舟|载酒|红衣|风雨|春|天|浦|烟|海|石,莲塘:2|水:2|上巳:1|初夏:1|日:1|冬雨:1|秋兴:1|待月:1|新秋:1|江湖:1|探春:1|渔矶:1|春:1|天:1|浦:1|烟:1|海:1|石:1
707,迈陂塘,元,虞美人,15,云|莲塘|月|水|久雨|夏|水声|江湖|秋风|天|春|沙|山|雨|烟,水|三日|银塘|漠漠|古今|鸳鸯|翡翠|照影|秋风|寂寞|南浦|天|春|沙|山|云|雨|烟|月,云:3|莲塘:2|月:2|水:2|久雨:1|夏:1|水声:1|江湖:1|秋风:1|天:1|春:1|沙:1|山:1|雨:1|烟:1
708,念奴娇,宋,虞美人,20,莲塘|日|江湖|初夏|不见|水|云|梅溪|秋水|夏|雷|秋晴|上元|候|新秋|祈雨|天|风|雨|沙,日|荷花|不见|武陵|野水|秋水|荷叶|出地|清风|游人|画船|湖光|鸳鸯|亭亭|凌波|西风|南浦|高柳|垂阴|天|云|水|风|雨|沙,莲塘:3|日:3|江湖:2|初夏:2|不见:2|水:2|云:2|梅溪:1|秋水:1|夏:1|雷:1|秋晴:1|上元:1|候:1|新秋:1|祈雨:1|天:1|风:1|雨:1|沙:1
709,抹丽花,清,茉莉,3,虹|十四夜月|久雨,美人|一夕|三日,虹:1|十四夜月:1|久雨:1
710,莱 莉,宋,茉莉,6,暮冬|夏夜|风|冬雨|石|山,江梅|夜凉|花信|带雨|石|山,暮冬:1|夏夜:1|风:1|冬雨:1|石:1|山:1
711,茉莉花,宋,茉莉,5,梅雨|秋|日|园|海,一番|秋|日|园|海,梅雨:1|秋:1|日:1|园:1|海:1
712,莱 莉,宋,茉莉,6,春日书怀|月桂|春晓|皓彩|尘|秋,花明|密叶|露湿|微吟|尘|秋,春日书怀:1|月桂:1|春晓:1|皓彩:1|尘:1|秋:1
713,莱 莉,清,茉莉,8,日|上元|虹|渡|天|江|山|园,日|家家|美人|银床|天|江|山|园,日:2|上元:1|虹:1|渡:1|天:1|江:1|山:1|园:1
714,莱莉花,明,茉莉,2,夏|月,薰风|月,夏:1|月:1
715,题茉莉,明,茉莉,0,,,
716,莱 莉,宋,茉莉,2,春径|月,朱栏|月,春径:1|月:1
717,莱 莉,宋,茉莉,2,夏|江湖,薰风|闲花,夏:1|江湖:1
718,莱 莉,宋,茉莉,2,夏|乡里,荔枝|乡里|夏,夏:2|乡里:1
719,莱 莉,宋,茉莉,3,喜雪|新秋|秋,铅华|西风|秋,喜雪:1|新秋:1|秋:1
720,莱 莉,元,茉莉,2,月桂|喜雪,清香|九秋,月桂:1|喜雪:1
721,南柯子,宋,茉莉,7,夏|春径|华山|暮冬|春日书怀|莲塘|月,千丛|地开|江梅|薰风|庭院|翡翠|荔枝|月,夏:2|春径:1|华山:1|暮冬:1|春日书怀:1|莲塘:1|月:1
722,玉 簪,元,玉簪花,5,风|春郊|夏夜|春归|秋,风|幽花|明月|泛泛|秋,风:2|春郊:1|夏夜:1|春归:1|秋:1
723,玉,唐,玉簪花,2,星|月,天孙|月,星:1|月:1
724,玉 簪,宋,玉簪花,7,石洞|观涨|泉|祥云|池|霞|山,仙子|作花|万斛|随风|池|霞|山,石洞:1|观涨:1|泉:1|祥云:1|池:1|霞:1|山:1
725,玉 簪,宋,玉簪花,4,武夷山|池|地|江,紫云|池|地|江,武夷山:1|池:1|地:1|江:1
726,玉簪花,宋,玉簪花,2,夏夜|乡里,夜凉|儿童,夏夜:1|乡里:1
727,玉 簪,明,玉簪花,5,十六夜月|上巳|云|风|池,昨夜|水中|云|风|池,十六夜月:1|上巳:1|云:1|风:1|池:1
728,玉簪花,清,玉簪花,4,假山|秋雨|秋凉|除夜,庭前|秋雨|凄风|烛红,假山:1|秋雨:1|秋凉:1|除夜:1
729,柳梢青,清,玉簪花,5,春径|孤峰|天|雾|风,游戏|高寒|天|雾|风,春径:1|孤峰:1|天:1|雾:1|风:1
730,东风第一枝,元,玉簪花,12,秋暮|莲塘|新秋|夜雨|泰山|天|月|石|水|罗|江|桥,云叶|蜻蜓|西风|夜雨|瑶草|无声|月|石|水|罗|江|桥,秋暮:1|莲塘:1|新秋:1|夜雨:1|泰山:1|天:1|月:1|石:1|水:1|罗:1|江:1|桥:1
731,有木诗,唐,玉簪花,8,风|孤峰|月影|石桥|春风|夏风|竹径|地,孤标|一株|百尺|开花|飘飘|终朝|拂云|风|地,风:2|孤峰:1|月影:1|石桥:1|春风:1|夏风:1|竹径:1|地:1
732,瞻木轩,明,玉簪花,6,春郊|苦寒|候|风|日|春,幽花|风霜|亭亭|君子|日|春,春郊:1|苦寒:1|候:1|风:1|日:1|春:1
733,凌霄花,宋,玉簪花,5,石桥|春雨|冬雨|风|地,百尺|烟湿|龙鳞|风|地,石桥:1|春雨:1|冬雨:1|风:1|地:1
734,凌霄花,宋,凌霄花,3,地|雨|天,地|雨|天,地:1|雨:1|天:1
735,对萱草,唐,萱草,4,早春|月|渔矶|秋,萱草|今夕|风雨|秋,早春:1|月:1|渔矶:1|秋:1
736,萱 草,明,萱草,4,不见|渔矶|夏|日,不见|风雨|夏|日,不见:1|渔矶:1|夏:1|日:1
737,萱 草,唐,萱草,4,风|秋|春晴|雨,芳草|君子|菊花|雨|风|秋,风:2|秋:2|春晴:1|雨:1
738,酬梦得比萱草见赠,唐,萱草,1,早春,萱草,早春:1
739,游子吟,唐,萱草,4,早春|清明|不见|天,萱草|游子|不见|天,早春:2|清明:1|不见:1|天:1
740,萱 草,宋,萱草,1,早春,萱草,早春:1
741,忘忧花,唐,萱草,3,秋风|春日书怀|春,凄凉|春愁|春,秋风:1|春日书怀:1|春:1
742,凤仙花,唐,凤仙花,1,春,嫩绿,春:1
743,金凤花,宋,凤仙花,0,,,
744,山丹花,宋,凤仙花,5,山|立夏|早春|春|罗,山|芍药|深青|春|罗,山:2|立夏:1|早春:1|春:1|罗:1
745,秋 槿,唐,木槿,7,江湖|中庭|月|风|天|秋|春,黄昏|中庭|寂寞|风|天|秋|春,江湖:1|中庭:1|月:1|风:1|天:1|秋:1|春:1
746,白槿花,元,木槿,8,月|春风|江湖|十六夜月|秋|春|云|天,开花|清影|婵娟|寂寞|皎皎|秋|春|云|天,月:2|春风:1|江湖:1|十六夜月:1|秋:1|春:1|云:1|天:1
747,槿,明,木槿,7,地|候|秋径|十四夜月|不见|早春|夏,地|当路|晓露|一夕|不见|萱草|夏,地:2|候:1|秋径:1|十四夜月:1|不见:1|早春:1|夏:1
748,槿 花(其-),唐,木槿,3,风|月|云,风|月|云,风:1|月:1|云:1
749,咏槿花,唐,木槿,4,寒食雨|烟|雨|霞,桃李|烟|雨|霞,寒食雨:1|烟:1|雨:1|霞:1
750,咏木槿树題武进文明府厅,唐,木槿,1,除夜,人事,除夜:1
751,题槿花,唐,木槿,0,,,
752,红槿花,唐,木槿,6,秋晴|寒食雨|尘|春|日|秋,红叶|桃李|尘|春|日|秋,秋晴:1|寒食雨:1|尘:1|春:1|日:1|秋:1
753,槿 花,唐,木槿,3,夏日|风|秋,凄凄|风|秋,夏日:1|风:1|秋:1
754,秋海棠,清,木槿,3,游春|春阴|春日书怀,倾城|春阴|绿叶,游春:1|春阴:1|春日书怀:1
755,白秋海棠,清,秋海棠,0,,,
756,白秋海棠,清,秋海棠,7,喜雪|夏日|雪意|游春|风|水|月,清秋|素影|夜静|看花|风|水|月,喜雪:1|夏日:1|雪意:1|游春:1|风:1|水:1|月:1
757,大悲寺秋海棠,清,秋海棠,4,日|秋光|观涨|涧,日|秋光|作花|涧,日:2|秋光:1|观涨:1|涧:1
758,秋海棠,清,秋海棠,3,春径|新秋|雨,春光|晚风|雨,春径:1|新秋:1|雨:1
759,南柯子,清,秋海棠,5,冬雨|烟|春|风|地,冷艳|烟|春|风|地,冬雨:1|烟:1|春:1|风:1|地:1
760,蝶恋花,清,秋海棠,6,老人星|水|烧|岛屿|春郊|春,秋宵|满地|烟笼|晓风|游蜂|春,老人星:1|水:1|烧:1|岛屿:1|春郊:1|春:1
761,蓼 滩,明,蓼花,2,秋雨|残星,秋雨|纵横,秋雨:1|残星:1
762,蓼 花,唐,蓼花,7,云|重九|中秋|秋晚|雪晴|池|溪,悠悠|年年|中秋|宿鹭|渔舟|池|溪,云:1|重九:1|中秋:1|秋晚:1|雪晴:1|池:1|溪:1
763,水 药,宋,蓼花,7,春昼|江|浦|烟|水|秋|罗,风轻|江|浦|烟|水|秋|罗,春昼:1|江:1|浦:1|烟:1|水:1|秋:1|罗:1
764,蓼 花,宋,蓼花,2,夏|秋,夏|秋,夏:1|秋:1
765,和文与可蓼屿,宋,蓼花,6,云|秋色|春郊|秋|沙|雨,南浦|水清|幽花|秋|沙|雨,云:1|秋色:1|春郊:1|秋:1|沙:1|雨:1
766,水 药,宋,蓼花,5,秋|浦|风|雨|江,汀洲|芦花|风|雨|江|秋,秋:2|浦:1|风:1|雨:1|江:1
767,行香子,宋,蓼花,13,春日书怀|喜雪|残夏|秋凉|观涨|游山|日影|秋|雨|烟|日|风|水,金井|梧叶|池塘|蓼花|菱花|幽人|年光|竹间|秋|雨|烟|日|风|水,春日书怀:2|喜雪:1|残夏:1|秋凉:1|观涨:1|游山:1|日影:1|秋:1|雨:1|烟:1|日:1|风:1|水:1
768,迷仙引,清,蓼花,8,泉声|浦|盆池|月|远山|山|雨|沙,断续|水禽|苹花|寂寞|几点|山|雨|沙,泉声:1|浦:1|盆池:1|月:1|远山:1|山:1|雨:1|沙:1
769,广陵送客，次郑兰玉赋蓼花韵,元,蓼花,14,衡山|松风|云|新秋|沙|水声|不见|寒食|如昼|游春|水|天|烟|月,芙蓉|潇洒|点缀|西风|临流|雨后|不见|歌吹|此时|人醉|水|天|烟|月,衡山:1|松风:1|云:1|新秋:1|沙:1|水声:1|不见:1|寒食:1|如昼:1|游春:1|水:1|天:1|烟:1|月:1
770,水龙吟蓼花,清,蓼花,10,风|秋色|云|夏夜|斜阳|秋|水|虹|桥|江,风|幽姿|点缀|烟景|斜阳|秋|水|虹|桥|江,风:2|秋色:1|云:1|夏夜:1|斜阳:1|秋:1|水:1|虹:1|桥:1|江:1
771,鸡冠花.,唐,鸡冠花,4,秋光|曝日|风|罗,秋光|晓景|风|罗,秋光:1|曝日:1|风:1|罗:1
772,白鸡冠,宋,鸡冠花,3,天|春|云,瑶台|春|云,天:1|春:1|云:1
773,咏鸡冠花,宋,鸡冠花,4,秋光|月影|残星|雷,秋光|婆娑|五更|一声,秋光:1|月影:1|残星:1|雷:1
774,题画鸡冠花,元,鸡冠花,4,雷|霞|立秋|天,一声|绛云|立秋|天,雷:1|霞:1|立秋:1|天:1
775,牵牛花,宋,牵牛花,4,药园|石桥|新月|冬日,初移|玉栏|天边|向晓,药园:1|石桥:1|新月:1|冬日:1
776,牵牛花(其一),宋,牵牛花,1,罗,罗,罗:2
777,牵牛花(其二),宋,牵牛花,3,衡山|秋风|秋,芙蓉|秋风|秋,衡山:1|秋风:1|秋:1
778,牵牛花,宋,牵牛花,3,七夕|星|云,河鼓|天孙|云,七夕:1|星:1|云:1
779-01,牵牛花,宋,牵牛花,3,池|星|秋,流泉|天孙|秋,池:1|星:1|秋:1
779-02,紫 薇,明,紫薇,6,夏日|假山|秋|云|山|池,夏日|窗外|秋|云|山|池,夏日:1|假山:1|秋:1|云:1|山:1|池:1
780,紫薇花,唐,紫薇,5,残夏|春寒|园|春|风,迎秋|桃李无言|园|春|风,残夏:1|春寒:1|园:1|春:1|风:1
781,紫 薇,宋,紫薇,2,天|霞,天|霞,天:1|霞:1
782,同儿曹赋芦花,金,芦花,8,天|月|秋声|江|风|雨|沙|园,苍苍|秋声|千里|天|江|风|雨|月|沙|园,天:2|月:2|秋声:1|江:1|风:1|雨:1|沙:1|园:1
783,芦 花,明,芦花,10,风|秋光|如昼|秋|冬雨|河汉|江|天|月|水,萧萧|秋光|半夜|渔笛|玉树|分明|江|风|天|月|水,风:2|秋光:1|如昼:1|秋:1|冬雨:1|河汉:1|江:1|天:1|月:1|水:1
784,芦花,唐,芦花,2,夏夜|沙,月明|沙,夏夜:1|沙:1
785,渔 翁,元,芦花,5,新秋|秋|日|沙|溪,晚风|芦花|日|沙|溪,新秋:1|秋:1|日:1|沙:1|溪:1
786,葵,宋,向日葵,3,天文类|园|雨,向阳|园|雨,天文类:1|园:1|雨:1
787,秋日杂兴,宋,向日葵,2,夏|新秋,葵叶|晚风,夏:1|新秋:1
788,秋 葵,明,向日葵,4,新秋|秋|江湖|日,西风|惨淡|黄昏|日,新秋:1|秋:1|江湖:1|日:1
789,金钗股,清,金银花,5,山|云|江湖|雾|烟,出云|随意|暗香|雾|烟,山:1|云:1|江湖:1|雾:1|烟:1
790,金银花,清,金银花,3,果园|祥云|春晴,满架|纷纷|物态,果园:1|祥云:1|春晴:1
791,曼陀罗,宋,曼陀罗,3,春晓|秋风|天,秋风|烟迷|晓月|天,春晓:2|秋风:1|天:1
792,春桂问答二首,唐,桂花,5,春|寒食雨|春日书怀|苦寒|秋暮,春|桃李|年光|风霜|摇落,春:3|寒食雨:1|春日书怀:1|苦寒:1|秋暮:1
793,咏 桂,唐,桂花,7,寒食雨|秋|春风|秋兴|春日书怀|山|园,桃李|在金|春风|天霜|绿叶|山|园,寒食雨:1|秋:1|春风:1|秋兴:1|春日书怀:1|山:1|园:1
794,临轩桂,宋,桂花,5,送春|不见|春日书怀|秋风|山,残红|不见|憔悴|秋风|山,送春:1|不见:1|春日书怀:1|秋风:1|山:1
795,谢人寄双桂树子,宋,桂花,3,秋径|山|秋,晓露|山|秋,秋径:1|山:1|秋:1
796,桂 花,元,桂花,7,残月|秋光|春晓|旅中寒食|风|月|园,影淡|秋光|玉绳低|归梦|风|月|园,残月:1|秋光:1|春晓:1|旅中寒食:1|风:1|月:1|园:1
797,山中桂,唐,桂花,5,春|春晓|新秋|山|石,日暖|鸟啼|晚风|山|春|石,春:2|春晓:1|新秋:1|山:1|石:1
798,岩 桂,宋,桂花,5,秋风|春雨|云|江|风,萧瑟|园花|云|江|风,秋风:1|春雨:1|云:1|江:1|风:1
799,岩 桂,宋,桂花,5,候|观涨|水帘|竹溪|天,亭亭|千层|万点|云影|天,候:1|观涨:1|水帘:1|竹溪:1|天:1
800,八月十七日天竺山送桂花分贈元素,宋,桂花,4,夏|月|山|涧,溪女|月|山|涧,夏:1|月:1|山:1|涧:1
801,昨日访子上不遇，徘徊庭砌，观木犀而归，再以七言乞数枝,宋,桂花,5,庐山|秋色|云|地|水,岩花|秋色|云|地|水,庐山:1|秋色:1|云:1|地:1|水:1
802,岩 桂,宋,桂花,3,远山|月|山,一点|月|山,远山:1|月:1|山:1
803,月 桂,明,桂花,3,春风|月|雨,开花|月|雨,春风:1|月:1|雨:1
804,东城桂,唐,桂花,2,天|风,天|风,天:1|风:1
805,双桂咏,唐,桂花,3,风|山|石,萧萧|山|石,风:1|山:1|石:1
806,天竺寺八月十五日夜桂子,唐,桂花,2,端午|月,天中|月,端午:1|月:1
807,微雨中赏月桂独酌,宋,桂花,4,雨|月桂|天|风,月桂|霏霏|天|风|雨,雨:2|月桂:1|天:1|风:1
808,凝露堂木犀,宋,桂花,3,河汉|月|风,银河|月|风,河汉:1|月:1|风:1
809,桂花二首,宋,桂花,7,月|新秋|秋色|春晴|园|喜雪|天,月|西风|秋色|花心|好花|清秋|天,月:2|新秋:1|秋色:1|春晴:1|园:1|喜雪:1|天:1
810,咏岩桂,宋,桂花,4,新秋|秋光|上元遇雪|天,西风|秋光|六出|天,新秋:1|秋光:1|上元遇雪:1|天:1
811,浣溪沙,宋,桂花,8,月桂|庐山|春日书怀|岛屿|新秋|武夷山|曝日|月,玉枝|碧纱|梦魂|晓风|新凉|画栏|素娥|月,月桂:1|庐山:1|春日书怀:1|岛屿:1|新秋:1|武夷山:1|曝日:1|月:1
812,绍兴戊午姑苏郡斋怀归赋,宋,桂花,7,月|悲秋|山|旅中寒食|秋风|沙|云,清似水|月冷|玉笋|归梦|秋风|江头|云,月:1|悲秋:1|山:1|旅中寒食:1|秋风:1|沙:1|云:1
813,霜天晓角,宋,桂花,2,云|月,云|月,云:1|月:1
814,清平乐,宋,桂花,7,石洞|河|月|江|风|日|水,山腰|千年|月|江|风|日|水,石洞:1|河:1|月:1|江:1|风:1|日:1|水:1
815,清平乐,宋,桂花,11,重九|冬风|夏夜|园|日|远山|水|烟|秋|天|风,痛饮|吴江|明月|树影|十里|一点|水|烟|秋|天|风,重九:1|冬风:1|夏夜:1|园:1|日:1|远山:1|水:1|烟:1|秋:1|天:1|风:1
816,水调歌头,元,桂花,14,天|秋|月|月桂|秋日|寒食雨|园|探春|远山|泉|尘|秋郊|山|云,天|秋|月|金粟|玉露|人愁|买花|载酒|一点|万斛|逐人|风满袖|缥缈|云,天:2|秋:2|月:2|月桂:1|秋日:1|寒食雨:1|园:1|探春:1|远山:1|泉:1|尘:1|秋郊:1|山:1|云:1
817,古香慢,宋,桂花,14,秋|游山|秋日|残月|远水|霞|重九|桥|日|月|水|山|尘|雨,秋|倚竹|金风|残云|浩渺|残照|重阳|桥|日|月|水|山|尘|雨,秋:2|游山:1|秋日:1|残月:1|远水:1|霞:1|重九:1|桥:1|日:1|月:1|水:1|山:1|尘:1|雨:1
818,黄蜀葵,唐,秋葵,5,江湖|重九|雨|野|秋,幽香|金盏|风引|野|秋,江湖:1|重九:1|雨:1|野:1|秋:1
819,黄蜀葵,清,秋葵,1,喜雪,黄叶,喜雪:1
820,黄葵,唐,秋葵,2,秋风|天,秋风|天,秋风:1|天:1
821,黄蜀葵花,唐,秋葵,3,如昼|月影|虹,金色|透竹|美人,如昼:1|月影:1|虹:1
822,秋，,宋,秋葵,5,游春|新秋|秋晚|秋|罗,倾城|西风|残阳|秋|罗,游春:1|新秋:1|秋晚:1|秋:1|罗:1
823,黄蜀葵,宋,秋葵,2,渔矶|秋,风雨|秋,渔矶:1|秋:1
824,菩萨蛮,宋,秋葵,4,暮冬|秋|天|云,迎春|秋|天|云,暮冬:1|秋:1|天:1|云:1
825,园榭秋光都占尽， 故应冰雪有奇文。,宋,秋兰,2,秋|江湖,凉风|幽香|秋,秋:2|江湖:1
826,题郑所南兰,元,秋兰,2,秋风|泉,秋风|凄凉|泉,秋风:2|泉:1
827,滴滴金,宋,滴滴金,6,喜雪|河汉|沙|石洞|星|天,九秋|月娥|风吹|野人|星|天,喜雪:1|河汉:1|沙:1|石洞:1|星:1|天:1
828,金钱花,唐,金钱花,1,地,地,地:1
829,咏金钱花,唐,金钱花,1,秋光,秋光,秋光:1
830,金钱花,清,金钱花,2,山|风,山|风,山:1|风:1
831,采莲曲,宋,蘋花,4,秋日书怀|江湖|溪|风,单衣|凌波|溪|风,秋日书怀:1|江湖:1|溪:1|风:1
832,蘋 花,清,蘋花,4,月|秋风|云|十四夜月,千里|秋风|南浦|一夕,月:1|秋风:1|云:1|十四夜月:1
848-01,汝济夜过同以行对菊花,明,菊花,6,秋暮|春雨|渔矶|地|江|山,摇落|生春|风雨|地|江|山,秋暮:1|春雨:1|渔矶:1|地:1|江:1|山:1
849-01,前菊会,明,菊花,3,山|风|雨,山|苍梧|雨,山:2|风:1|雨:1
850-01,九 日,明,菊花,9,重九|秋|春雨|早春|待月|日|野|云|沙,重阳|菊开|园花|天寒|登临|日|野|云|沙,重九:1|秋:1|春雨:1|早春:1|待月:1|日:1|野:1|云:1|沙:1
851-01,同程穆倩访周元亮司农，留饮寓园观菊，兼示所藏书册,清,菊花,4,秋兴|雨|秋|山,寒花|入夜|秋|山,秋兴:1|雨:1|秋:1|山:1
852-01,酬皇甫郎中对新菊花见忆,唐,菊花,8,秋晴|松风|悲秋|春日书怀|雨|秋|重九|除日立春,逸韵|悲秋|黄花|携酒|红叶|添愁|东篱|重阳|一日,秋晴:2|松风:1|悲秋:1|春日书怀:1|雨:1|秋:1|重九:1|除日立春:1
853-01,刘员外寄移菊,唐,菊花,7,尘|远水|蔬园|重九|秋|地|风,逐人|烟含|栽培|重阳|秋|地|风,尘:1|远水:1|蔬园:1|重九:1|秋:1|地:1|风:1
854-01,和鲁望白菊,唐,菊花,5,重九|喜雪|秋径|月|天,重阳|千点|寒烟|月|天,重九:1|喜雪:1|秋径:1|月:1|天:1
855-01,戏题菊花,宋,菊花,7,元日|秋晚|春风|除夜|清明|地|天,春初|秋晚|开花|终年|花落|地|天,元日:1|秋晚:1|春风:1|除夜:1|清明:1|地:1|天:1
856-01,晚香轩,明,菊花,7,游春|重九|秋色|秋日即|上巳|地|雨,畏风|重阳|秋色|人醉|山翁|赋诗|地|雨,游春:2|重九:1|秋色:1|秋日即:1|上巳:1|地:1|雨:1
857-01,晚香轩,明,菊花,10,关隘|秋晴|上元|春风|新秋|月影|沙|雨|水|天,知老子|黄花|家家|开花|西风|一株|沙|雨|水|天,关隘:1|秋晴:1|上元:1|春风:1|新秋:1|月影:1|沙:1|雨:1|水:1|天:1
858-01,六月菊,清,菊花,7,秋|新秋|夏日|悲秋|江湖|伏|冬雨,东篱|西风|夏日|一灯|照影|六月|冷艳|秋,秋:2|新秋:1|夏日:1|悲秋:1|江湖:1|伏:1|冬雨:1
859-01,菊花诗,清,菊花,6,日|秋山|寒食雨|新秋|秋|春,五色|清高|桃李|西风|秋|春,日:1|秋山:1|寒食雨:1|新秋:1|秋:1|春:1
860-01,咏 菊,晋,菊花,2,春|秋,春|秋,春:1|秋:1
861-01,江行无题(其四),唐,菊花,2,旱|江,白日|江,旱:1|江:1
862-01,江行无题(其九),唐,菊花,1,春,春,春:1
863-01,残 菊,宋,菊花,0,,,
864-01,菊,宋,菊花,2,秋色|秋径,幽姿|晓露,秋色:1|秋径:1
865-01,菊 躁,明,菊花,1,山,山,山:1
866-01,对 菊,明,菊花,5,雪意|新秋|浦|秋晴|秋,淅淅|西风|江边|黄花|秋,雪意:1|新秋:1|浦:1|秋晴:1|秋:1
867-01,周镐送白菊乞诗(其一),明,菊花,4,秋晴|园|雨|江,清风|园|雨|江,秋晴:1|园:1|雨:1|江:1
868-01,周镐送白菊乞诗(其二),明,菊花,0,,,
869-01,菊 花,唐,菊花,2,秋|日,秋|日,秋:1|日:1
870-01,华下对酒,唐,菊花,2,月桂|春风,清香|春风,月桂:1|春风:1
871-01,庭前菊,唐,菊花,2,立春|重九,栽红|龙山,立春:1|重九:1
872-01,题菊花,唐,菊花,3,新秋|春|春雨,西风|青帝|桃花,新秋:1|春:1|春雨:1
873-01,菊 花,唐,菊花,4,清明|秋|月|天,百花|秋|月|天,清明:1|秋:1|月:1|天:1
874-01,咏 菊,宋,菊花,2,重九|秋,重阳|秋,重九:1|秋:1
875-01,城东寺菊,宋,菊花,3,秋晴|云|秋,黄花|漠漠|秋,秋晴:1|云:1|秋:1
876-01,残 菊,宋,菊花,7,江湖|渔矶|喜雪|秋兴|水|天|春晴,黄昏|风雨|园林|残菊|满地|得一|花心,江湖:1|渔矶:1|喜雪:1|秋兴:1|水:1|天:1|春晴:1
877-01,黄 花,宋,菊花,5,立夏|渔矶|秋色|秋晴|月,芍药|风波|秋色|黄花|月,立夏:1|渔矶:1|秋色:1|秋晴:1|月:1
878-01,重阳后看菊花,宋,菊花,5,月|秋|地|重九|除日立春,寂寞|东篱|泥沙|重阳|一日,月:1|秋:1|地:1|重九:1|除日立春:1
879-01,枯 菊,宋,菊花,3,祥云|流水|春雨,纷纷|流水|桃花,祥云:1|流水:1|春雨:1
880-01,菊,宋,菊花,3,春色|新秋|春,花艳|西风|春,春色:1|新秋:1|春:1
881-01,咏 菊,宋,菊花,3,秋风|重九|秋晴,秋风|重阳|黄花,秋风:1|重九:1|秋晴:1
882-01,咏 菊(其一),宋,菊花,9,秋风|远水|秋晴|雨|春日书怀|风|水|渡|地,落叶|茫茫|黄花|点点|离愁|风|水|渡|地,秋风:1|远水:1|秋晴:1|雨:1|春日书怀:1|风:1|水:1|渡:1|地:1
883-01,咏 菊(其二),宋,菊花,8,探春|暮冬|秋|秋光|冬雨|山|园|春,载酒|江梅|菊花|秋光|带雨|山|园|春,探春:1|暮冬:1|秋:1|秋光:1|冬雨:1|山:1|园:1|春:1
884-01,画 菊,宋,菊花,2,清明|苦寒,百花|北风,清明:1|苦寒:1
885-01,九 日,金,菊花,6,秋|春晴|秋晴|春日书怀|雨|山,天容|黄花|憔悴|东篱|雨|山|秋,秋:2|春晴:1|秋晴:1|春日书怀:1|雨:1|山:1
886-01,酴醾菊,金,菊花,4,游春|秋|秋风|风,人醉|东篱|秋风|风,游春:1|秋:1|秋风:1|风:1
887-01,九日月中对菊，同禧伯郎中赋,金,菊花,4,夏日|曝日|雪意|游山,清光|素娥|寒露|幽人,夏日:1|曝日:1|雪意:1|游山:1
888-01,九月八日对菊,明,菊花,2,秋晴|渔矶,黄花|风雨,秋晴:1|渔矶:1
833,和郭主簿二首(其二),晋,菊花,8,秋|蔬园|秋日|夏夜|暮冬|游山|立冬|春,露凝|天高|风景|菊开|岩列|幽人|良月|春|秋,秋:2|蔬园:1|秋日:1|夏夜:1|暮冬:1|游山:1|立冬:1|春:1
834,饮 酒（其五）,晋,菊花,7,山|寒食雨|重九|秋|秋山|地|日,山|无车马|采菊|东篱|夕佳|地|日,山:2|寒食雨:1|重九:1|秋:1|秋山:1|地:1|日:1
835,舟上采菊,宋,菊花,4,浦|春郊|秋|月,汀洲|白露|秋|月,浦:2|春郊:1|秋:1|月:1
836,黄菊有至性,宋,菊花,6,星|月|江|蔬园|日|秋,光辉|积阴|滔天|霜露|日|秋,星:1|月:1|江:1|蔬园:1|日:1|秋:1
837,菊 花,宋,菊花,2,秋|祥云,菊花|纷纷,秋:1|祥云:1
838,菊二首(其二),元,菊花,7,秋|游山|冬雨|道路|风|河|秋暮,菊花|幽人|梅花|道路|故人|万里|菊枝,秋:1|游山:1|冬雨:1|道路:1|风:1|河:1|秋暮:1
839,墨菊二首(其二),明,菊花,2,孤峰|寒食雨,孤标|桃李,孤峰:1|寒食雨:1
840,采菊篇,南朝梁,菊花,6,重九|春晓|日|秋|罗|山,采菊|露湿|日|秋|罗|山,重九:1|春晓:1|日:1|秋:1|罗:1|山:1
841,山园草间菊数枝开，席地独酌,宋,菊花,6,秋径|不见|华山|地|日|野,草荒|不见|太白|地|日|野,秋径:1|不见:1|华山:1|地:1|日:1|野:1
842,感 遇,唐,菊花,1,秋,东篱,秋:1
843,万年厉员外宅赏残菊,唐,菊花,2,重九|雨,重阳|雨,重九:1|雨:1
844,菊,唐,菊花,3,雨|秋晚|罗,暗淡|残阳|罗,雨:1|秋晚:1|罗:1
845,对菊有怀郎祖仁,宋,菊花,7,雨|秋|假山|重九|月桂|潮|如昼,菊花|秀色|三秋|清香|扁舟|今夜|江云|雨,雨:2|秋:1|假山:1|重九:1|月桂:1|潮:1|如昼:1
846,王公子宅五丹菊,明,菊花,4,秋|夏|雨|霞,秋|夏|雨|霞,秋:1|夏:1|雨:1|霞:1
847,八月二十八日子容过对菊,明,菊花,4,秋日书怀|渔矶|重九|春郊,异乡|风雨|重阳|秋树,秋日书怀:1|渔矶:1|重九:1|春郊:1
848-02,汝济夜过同以行对菊花,明,菊花,6,秋暮|春雨|渔矶|地|江|山,摇落|生春|风雨|地|江|山,秋暮:1|春雨:1|渔矶:1|地:1|江:1|山:1
849-02,前菊会,明,菊花,3,山|风|雨,山|苍梧|雨,山:2|风:1|雨:1
850-02,九 日,明,菊花,9,重九|秋|春雨|早春|待月|日|野|云|沙,重阳|菊开|园花|天寒|登临|日|野|云|沙,重九:1|秋:1|春雨:1|早春:1|待月:1|日:1|野:1|云:1|沙:1
851-02,同程穆倩访周元亮司农，留饮寓园观菊，兼示所藏书册,清,菊花,4,秋兴|雨|秋|山,寒花|入夜|秋|山,秋兴:1|雨:1|秋:1|山:1
852-02,酬皇甫郎中对新菊花见忆,唐,菊花,8,秋晴|松风|悲秋|春日书怀|雨|秋|重九|除日立春,逸韵|悲秋|黄花|携酒|红叶|添愁|东篱|重阳|一日,秋晴:2|松风:1|悲秋:1|春日书怀:1|雨:1|秋:1|重九:1|除日立春:1
853-02,刘员外寄移菊,唐,菊花,7,尘|远水|蔬园|重九|秋|地|风,逐人|烟含|栽培|重阳|秋|地|风,尘:1|远水:1|蔬园:1|重九:1|秋:1|地:1|风:1
854-02,和鲁望白菊,唐,菊花,5,重九|喜雪|秋径|月|天,重阳|千点|寒烟|月|天,重九:1|喜雪:1|秋径:1|月:1|天:1
855-02,戏题菊花,宋,菊花,7,元日|秋晚|春风|除夜|清明|地|天,春初|秋晚|开花|终年|花落|地|天,元日:1|秋晚:1|春风:1|除夜:1|清明:1|地:1|天:1
856-02,晚香轩,明,菊花,7,游春|重九|秋色|秋日即|上巳|地|雨,畏风|重阳|秋色|人醉|山翁|赋诗|地|雨,游春:2|重九:1|秋色:1|秋日即:1|上巳:1|地:1|雨:1
857-02,九日晚对菊次容处士韵，是日县主曹侯、二尹邵侯持酒过白沙，李九渊、容贯各馆乡中未还,明,菊花,10,关隘|秋晴|上元|春风|新秋|月影|沙|雨|水|天,知老子|黄花|家家|开花|西风|一株|沙|雨|水|天,关隘:1|秋晴:1|上元:1|春风:1|新秋:1|月影:1|沙:1|雨:1|水:1|天:1
858-02,六月菊,清,菊花,7,秋|新秋|夏日|悲秋|江湖|伏|冬雨,东篱|西风|夏日|一灯|照影|六月|冷艳|秋,秋:2|新秋:1|夏日:1|悲秋:1|江湖:1|伏:1|冬雨:1
859-02,菊花诗,清,菊花,6,日|秋山|寒食雨|新秋|秋|春,五色|清高|桃李|西风|秋|春,日:1|秋山:1|寒食雨:1|新秋:1|秋:1|春:1
860-02,咏 菊,晋,菊花,2,春|秋,春|秋,春:1|秋:1
861-02,江行无题(其四),唐,菊花,2,旱|江,白日|江,旱:1|江:1
862-02,江行无题(其九),唐,菊花,1,春,春,春:1
863-02,残 菊,宋,菊花,0,,,
864-02,菊,宋,菊花,2,秋色|秋径,幽姿|晓露,秋色:1|秋径:1
865-02,菊 蹊,明,菊花,1,山,山,山:1
866-02,对 菊,明,菊花,5,雪意|新秋|浦|秋晴|秋,淅淅|西风|江边|黄花|秋,雪意:1|新秋:1|浦:1|秋晴:1|秋:1
867-02,周镐送白菊乞诗(其一),明,菊花,4,秋晴|园|雨|江,清风|园|雨|江,秋晴:1|园:1|雨:1|江:1
868-02,周镐送白菊乞诗(其二),明,菊花,0,,,
869-02,菊 花,唐,菊花,2,秋|日,秋|日,秋:1|日:1
870-02,华下对酒,唐,菊花,2,月桂|春风,清香|春风,月桂:1|春风:1
871-02,庭前菊,唐,菊花,2,立春|重九,栽红|龙山,立春:1|重九:1
872-02,题菊花,唐,菊花,3,新秋|春|春雨,西风|青帝|桃花,新秋:1|春:1|春雨:1
873-02,菊 花,唐,菊花,4,清明|秋|月|天,百花|秋|月|天,清明:1|秋:1|月:1|天:1
874-02,咏 菊,宋,菊花,2,重九|秋,重阳|秋,重九:1|秋:1
875-02,城东寺菊,宋,菊花,3,秋晴|云|秋,黄花|漠漠|秋,秋晴:1|云:1|秋:1
876-02,残 菊,宋,菊花,7,江湖|渔矶|喜雪|秋兴|水|天|春晴,黄昏|风雨|园林|残菊|满地|得一|花心,江湖:1|渔矶:1|喜雪:1|秋兴:1|水:1|天:1|春晴:1
877-02,黄 花,宋,菊花,5,立夏|渔矶|秋色|秋晴|月,芍药|风波|秋色|黄花|月,立夏:1|渔矶:1|秋色:1|秋晴:1|月:1
878-02,重阳后看菊花,宋,菊花,5,月|秋|地|重九|除日立春,寂寞|东篱|泥沙|重阳|一日,月:1|秋:1|地:1|重九:1|除日立春:1
879-02,枯 菊,宋,菊花,3,祥云|流水|春雨,纷纷|流水|桃花,祥云:1|流水:1|春雨:1
880-02,菊,宋,菊花,3,春色|新秋|春,花艳|西风|春,春色:1|新秋:1|春:1
881-02,咏 菊,宋,菊花,3,秋风|重九|秋晴,秋风|重阳|黄花,秋风:1|重九:1|秋晴:1
882-02,咏 菊(其一),宋,菊花,9,秋风|远水|秋晴|雨|春日书怀|风|水|渡|地,落叶|茫茫|黄花|点点|离愁|风|水|渡|地,秋风:1|远水:1|秋晴:1|雨:1|春日书怀:1|风:1|水:1|渡:1|地:1
883-02,咏 菊(其二),宋,菊花,8,探春|暮冬|秋|秋光|冬雨|山|园|春,载酒|江梅|菊花|秋光|带雨|山|园|春,探春:1|暮冬:1|秋:1|秋光:1|冬雨:1|山:1|园:1|春:1
884-02,画 菊,宋,菊花,2,清明|苦寒,百花|北风,清明:1|苦寒:1
885-02,九 日,金,菊花,6,秋|春晴|秋晴|春日书怀|雨|山,天容|黄花|憔悴|东篱|雨|山|秋,秋:2|春晴:1|秋晴:1|春日书怀:1|雨:1|山:1
886-02,酴醾菊,金,菊花,4,游春|秋|秋风|风,人醉|东篱|秋风|风,游春:1|秋:1|秋风:1|风:1
887-02,九日月中对菊，同禧伯郎中赋,金,菊花,4,夏日|曝日|雪意|游山,清光|素娥|寒露|幽人,夏日:1|曝日:1|雪意:1|游山:1
888-02,九月八日对菊,明,菊花,2,秋晴|渔矶,黄花|风雨,秋晴:1|渔矶:1
889,野人饷菊有感,明,菊花,4,秋风|石洞|秋|冬雨,秋风|野人|菊花|带雨,秋风:1|石洞:1|秋:1|冬雨:1
890,题画菊,清,菊花,2,月|春风,寂寞|春风,月:1|春风:1
891,十日菊,清,菊花,3,秋|日|春晓,日|菊花|暖风|秋,秋:2|日:2|春晓:1
892,浣溪沙 乾菊,清,菊花,4,园|秋兴|雪意|雨,好花|夕阳|梦断|雨,园:1|秋兴:1|雪意:1|雨:1
893,好事近,宋,菊花,6,秋色|秋|春雨|月|霞|风,秋色|东篱|桃花|月|霞|风,秋色:1|秋:1|春雨:1|月:1|霞:1|风:1
894,一落索 九日,宋,菊花,7,秋晴|秋|新秋|秋风|远水|重九|云,黄花|东篱|西风|叶下|渺渺|重阳|云|秋,秋晴:2|秋:2|新秋:1|秋风:1|远水:1|重九:1|云:1
895,阮郎归 菊花,清,菊花,3,九日|冬雨|秋,九日|烹茶|秋,九日:1|冬雨:1|秋:1
896,卖花声,清,菊花,3,秋|春日书怀|溪,秋|菊花|东篱|古意|溪,秋:4|春日书怀:1|溪:1
897,鹧鸪天,宋,菊花,8,秋暮|秋雨|水声|春风|喜雪|秋晴|悲秋|春色,菊枝|破晓|风前|吹雨|歌扇|黄花|白发|傍人,秋暮:1|秋雨:1|水声:1|春风:1|喜雪:1|秋晴:1|悲秋:1|春色:1
898,鹧鸪天 桃花菊,宋,菊花,10,送春|春色|秋光|河|秋阴|春夜|秋|梅溪|天|月,留连|春色|秋光|千年|薄雾|繁霜|东篱|武陵|天|月,送春:1|春色:1|秋光:1|河:1|秋阴:1|春夜:1|秋:1|梅溪:1|天:1|月:1
899,南乡子,宋,菊花,5,秋|山|待月|月|春阴,东篱|翠微|登临|寂寞|花愁,秋:1|山:1|待月:1|月:1|春阴:1
900,小桃红 咏小桃红菊花,清,菊花,11,夏风|藓径|春日书怀|渡口|冬日|秋风|春风|游山|秋|春|天,拂拂|斑斑|红雨|问津|气暖|秋风|春风|幽人|秋|春|天,夏风:1|藓径:1|春日书怀:1|渡口:1|冬日:1|秋风:1|春风:1|游山:1|秋:1|春:1|天:1
901,老少年,明,雁来红,1,春,春,春:1
902,雁来红,清,雁来红,4,园|月|天|春,红紫|月|天|春,园:1|月:1|天:1|春:1
903,绛都春 雁来红,清,雁来红,13,雨|秋风|十六夜月|新秋|如昼|清明|斜阳|春雨|秋|罗|霞|月|天,落叶|昨夜|西风|至晓|啼鹃|点点|泪痕|斜阳|桃花|秋|罗|霞|月|天,雨:2|秋风:1|十六夜月:1|新秋:1|如昼:1|清明:1|斜阳:1|春雨:1|秋:1|罗:1|霞:1|月:1|天:1
904,山茶花树子贈李延老,宋,山茶花,8,喜雪|春径|冬|春|天|尘|地|园,玉杯|朱栏|冬|春|天|尘|地|园,喜雪:1|春径:1|冬:1|春:1|天:1|尘:1|地:1|园:1
905,茶轩为陈惟寅赋,明,山茶花,5,春郊|游山|送春|烟|水,游蜂|幽人|残红|烟|水,春郊:1|游山:1|送春:1|烟:1|水:1
906,和子由柳湖久涸，忽有水，开元寺山茶旧无花，今岁盛开二首 （其二）,宋,山茶花,6,守岁|秋日|园|除夜|石|雨,守岁|寒叶|花深|明年|石|雨,守岁:1|秋日:1|园:1|除夜:1|石:1|雨:1
907,山 茶,明,山茶花,3,渡|水声|月,丹砂|风前|月,渡:1|水声:1|月:1
908,山 茶,明,山茶花,2,云|山,重叠|山,云:1|山:1
909,邵伯梵行寺山茶,宋,山茶花,3,霞|山|雨,烂红|山|雨,霞:1|山:1|雨:1
910,玉茗花,宋,山茶花,1,夏风,飘飘,夏风:1
911,山 茶,宋,山茶花,5,渔矶|江|池|山|风,烟雨|江|池|山|风,渔矶:1|江:1|池:1|山:1|风:1
912,阻风南露筋过罗汉寺登楼看山茶,元,山茶花,7,清明|早春|霞|野|春|日|山,清明|东风|晚晴|野|春|日|山,清明:1|早春:1|霞:1|野:1|春:1|日:1|山:1
913,白山茶,明,山茶花,2,喜雪|春,玉杯|春,喜雪:1|春:1
914,山茶花,明,山茶花,3,月|早春|春寒,玉盘|东风|春寒,月:1|早春:1|春寒:1
915,木兰花慢 红山茶,清,山茶花,12,霞|风|苦热|雪意|春雨|云|夏夜|山|日|天|腊|春,风|张火伞|垂垂|花房|冉冉|绛云|月明|山|日|霞|天|腊|春,霞:2|风:2|苦热:1|雪意:1|春雨:1|云:1|夏夜:1|山:1|日:1|天:1|腊:1|春:1
916,拒霜花,宋,木芙蓉,5,秋|寒食雨|秋日|春日书怀|春,含风|桃李|菊花篱|憔悴|秋|春,秋:2|寒食雨:1|秋日:1|春日书怀:1|春:1
917,王伯扬所藏赵昌芙蓉,宋,木芙蓉,9,秋凉|雾|潮|衡山|秋色|秋风|溪|野|池,清飚|拂林|积水|芙蓉|幽姿|凄凉|溪|野|池,秋凉:1|雾:1|潮:1|衡山:1|秋色:1|秋风:1|溪:1|野:1|池:1
918,拒 霜,宋,木芙蓉,6,初冬|秋风|潮|冬风|春晓|新秋,霜花|凄凉|天地|肃杀|露湿|西风,初冬:1|秋风:1|潮:1|冬风:1|春晓:1|新秋:1
919,芙蓉沜,明,木芙蓉,5,秋色|秋兴|霞|秋暮|待月,摇落|秋色|临水|幽姿|为裳|江上|夕阳|霞,秋色:2|秋兴:2|霞:2|秋暮:1|待月:1
920,木芙蓉,宋,木芙蓉,3,江|药园|秋,江|成丛|秋,江:2|药园:1|秋:1
921,木芙蓉,宋,木芙蓉,4,秋径|春色|秋风|春,晓露|浓绿|秋风|春,秋径:1|春色:1|秋风:1|春:1
922,木芙蓉下招客饮,唐,木芙蓉,4,沙|华山|秋|水,江头|莲花|秋|水,沙:1|华山:1|秋:1|水:1
923,木芙蓉,宋,木芙蓉,3,衡山|虹|水,芙蓉|美人|水,衡山:1|虹:1|水:1
924,木芙蓉,宋,木芙蓉,2,梅雨|衡山,一番|芙蓉,梅雨:1|衡山:1
925,芙 蓉,宋,木芙蓉,4,衡山|春日书怀|霞|除夜,芙蓉|憔悴|照水|明年,衡山:1|春日书怀:1|霞:1|除夜:1
926,拒 霜,宋,木芙蓉,5,喜雪|新秋|潮|冬风|秋,黄叶|西风|天地|肃杀|青女,喜雪:1|新秋:1|潮:1|冬风:1|秋:1
927,窗前木芙蓉,宋,木芙蓉,3,秋兴|秋|送春,寒花|青女|留连,秋兴:1|秋:1|送春:1
928,木芙蓉,宋,木芙蓉,5,遇雨|新秋|春|日|秋,冷落|西风|春|日|秋,遇雨:1|新秋:1|春:1|日:1|秋:1
929,木芙蓉,元,木芙蓉,5,秋暮|月|云|山|雨,宋玉愁|月|云|山|雨,秋暮:1|月:1|云:1|山:1|雨:1
930,少年游,宋,木芙蓉,4,衡山|新秋|赏日|秋,芙蓉|西风|当歌|秋,衡山:1|新秋:1|赏日:1|秋:1
931,卜算子 并涧顷种木芙蓉九月旦盛开,宋,木芙蓉,4,早春|雨|水|烟,东风|雨|水|烟,早春:1|雨:1|水:1|烟:1
932,菩萨蛮 苏堤芙蓉,宋,木芙蓉,9,夏日途中|星|新秋|秋暮|秋|风|日|桥|烟,红云|流石|西风|水寒|秋|风|日|桥|烟,夏日途中:1|星:1|新秋:1|秋暮:1|秋:1|风:1|日:1|桥:1|烟:1
933,婆罗门引,宋,木芙蓉,12,霞|日|水|衡山|春晓|游春|新秋|秋兴|秋色|月|天|烟,水|照水|芙蓉|露湿|十里|步障|西风|夕阳|秋色|寂寞|霞|日|天|烟,霞:2|日:2|水:2|衡山:1|春晓:1|游春:1|新秋:1|秋兴:1|秋色:1|月:1|天:1|烟:1
934,酷相思,清,木芙蓉,3,春色|梅溪|秋色,花光|红影|秋色,春色:1|梅溪:1|秋色:1
935,咏甘菊,宋,甘菊,10,初冬|泰山|初日|秋雨|喜雪|游春|云|山|春|天,始寒|长松|晨光|秋雨|黄叶|香风|扬扬|山|春|天,初冬:1|泰山:1|初日:1|秋雨:1|喜雪:1|游春:1|云:1|山:1|春:1|天:1
936,叹庭前甘菊花,唐,甘菊,7,假山|重九|秋|春暮|秋径|苦寒|日,庭前|重阳|萧条|残花|野外|风霜|日,假山:1|重九:1|秋:1|春暮:1|秋径:1|苦寒:1|日:1
937,野 菊,宋,野菊,5,春晴|秋声|游山|野|秋,蝶舞|蛩吟|幽人|野|秋,春晴:1|秋声:1|游山:1|野:1|秋:1
938,十日取野菊从酒,宋,野菊,7,春晴|悲秋|上元|渔矶|野|日|山,花心|家千里|九华|风雨|野|日|山,春晴:1|悲秋:1|上元:1|渔矶:1|野:1|日:1|山:1
939,野菊,唐,野菊,4,园|云|江湖|武夷山,冉冉|涓涓|紫云|移花|园,园:2|云:1|江湖:1|武夷山:1
940,野菊座主闲闲公命作,金,野菊,6,河|秋色|悲秋|云峰|烟|春,千年|秋色|晚景|题诗|烟|春,河:1|秋色:1|悲秋:1|云峰:1|烟:1|春:1
941,野菊再奉座主闲闲公命作,金,野菊,4,新秋|悲秋|蔬园|山,晚景|晚花|霜露|西风|山,新秋:2|悲秋:1|蔬园:1|山:1
942,野 菊,唐,野菊,3,秋水|山|石,秋水|山|石,秋水:1|山:1|石:1
943,戏 笔,宋,野菊,2,野|天,野|天,野:1|天:1
944,野 菊,清,野菊,1,秋,秋,秋:1
945,如梦令,宋,野菊,5,候|夏|春风|秋|野,亭亭|荷风|开花|东篱|野,候:1|夏:1|春风:1|秋:1|野:1
946,红 梅,宋,红梅,12,春|星|果园|江湖|秋风|残月|渔矶|旱|梅溪|天|山|烟,春|红梅|横枝|萧索|淡淡|东君|风月|光风|绛雪|有无|天|山|烟|星,春:3|星:2|果园:1|江湖:1|秋风:1|残月:1|渔矶:1|旱:1|梅溪:1|天:1|山:1|烟:1
947,岭上红梅,宋,红梅,9,春风|寒食雨|月|游春|清明|雾|雨|江|日,春风|桃李|寂寞|倾城|游子|雾|雨|江|日,春风:1|寒食雨:1|月:1|游春:1|清明:1|雾:1|雨:1|江:1|日:1
948,红 梅,宋,红梅,6,待月|溪|春|野|山|园,江上|溪|春|野|山|园,待月:1|溪:1|春:1|野:1|山:1|园:1
949,红 梅,宋,红梅,3,果园|春日书怀|春,红桃|绿叶|春,果园:1|春日书怀:1|春:1
950,红 梅,宋,红梅,3,寒食雨|春风|潮,桃李|春风|潮,寒食雨:1|春风:1|潮:1
951,红 梅,元,红梅,2,游春|春,香风|花雨|春,游春:2|春:1
952,红 梅,明,红梅,3,江|春|雨,江|春|雨,江:1|春:1|雨:1
953,红 梅,宋,红梅,2,梅溪|池,绛雪|池,梅溪:1|池:1
954,红 梅,宋,红梅,5,冬雨|溪|春|园|风,梅花|溪|春|园|风,冬雨:1|溪:1|春:1|园:1|风:1
955,红 梅,金,红梅,3,冬|早春|风,岁寒|东风|风,冬:1|早春:1|风:1
956,红梅四首(其一),元,红梅,4,石|烟|山|罗,石|烟|山|罗,石:1|烟:1|山:1|罗:1
957,红梅四首(其二),元,红梅,6,步月|如昼|药园|春风|池|江,步月|半夜|香露|春风|池|江,步月:1|如昼:1|药园:1|春风:1|池:1|江:1
958,红梅四首(其三),元,红梅,3,早春|月影|水,东风|月影|水,早春:1|月影:1|水:1
959,题延平刘郎中廷信所藏红梅,明,红梅,5,秋色|春色|春径|水|春,水清|花艳|春光|水|春,秋色:1|春色:1|春径:1|水:1|春:1
960,题红梅,明,红梅,3,春郊|梅溪|风,酒旗|断桥|风,春郊:1|梅溪:1|风:1
961,鹊桥仙 种红梅一株于竹下赋此,清,红梅,7,风|十六夜月|早春|盆池|上元|烟|秋,萧萧|昨夜|天寒|苔痕|翠袖|烟|秋,风:1|十六夜月:1|早春:1|盆池:1|上元:1|烟:1|秋:1
962,留春 令,宋,红梅,6,秋夜|渔矶|松径|江湖|春|江,夜寒|风月|风韵|黄昏|春|江,秋夜:1|渔矶:1|松径:1|江湖:1|春:1|江:1
963,玉楼春,宋,红梅,5,水帘|日|霞|春|罗,岭头|日|霞|春|罗,水帘:1|日:1|霞:1|春:1|罗:1
964,蝶恋花,宋,红梅,8,梅溪|上元|雨|春|月|桥|溪|江,两岸|游人|武陵|点点|东君|月|桥|溪|江,梅溪:2|上元:1|雨:1|春:1|月:1|桥:1|溪:1|江:1
965,小重山令 赋潭州红梅,宋,红梅,4,早春|月|春|云,东风|月|春|云,早春:1|月:1|春:1|云:1
966,定风波 咏红梅,宋,红梅,3,果园|春晴|春日书怀,红桃|物态|绿叶,果园:1|春晴:1|春日书怀:1
967,王充道送水仙花五十枝,宋,水仙花,10,江湖|石洞|残星|秋兴|游春|桥|尘|水|月|山,凌波|仙子|盈盈|寒花|倾城|大江|尘|水|月|山,江湖:1|石洞:1|残星:1|秋兴:1|游春:1|桥:1|尘:1|水:1|月:1|山:1
968,水仙花,宋,水仙花,6,除夜|秋暮|秋晴|十六夜月|风|月,岁华|摇落|清风|婵娟|风|月,除夜:1|秋暮:1|秋晴:1|十六夜月:1|风:1|月:1
969,题赵子固水墨双钩水仙卷,元,水仙花,5,旱|秋风|喜雪|沙|月,草枯|秋风|铜盘|沙|月,旱:1|秋风:1|喜雪:1|沙:1|月:1
970,水 仙(其一),明,水仙花,4,十六夜月|药园|残星|江湖,婵娟|馥郁|盈盈|凌波,十六夜月:1|药园:1|残星:1|江湖:1
971,水 仙(其二),明,水仙花,1,冬,寒柯,冬:1
972,水仙花,宋,水仙花,6,寒食雨|夏夜|秋暮|雪意|曝日|秋,桃李|明月|寒霜|夜静|素娥|青女,寒食雨:1|夏夜:1|秋暮:1|雪意:1|曝日:1|秋:1
973,以水仙供都运判院,宋,水仙花,6,观涨|雪意|江湖|石洞|雾|云,玉壶|寒露|凌波|仙子|雾|云,观涨:1|雪意:1|江湖:1|石洞:1|雾:1|云:1
974,水仙花,宋,水仙花,3,春风|月|水,春风|月|水,春风:1|月:1|水:1
975,送水仙花,宋,水仙花,4,月|水|天|风,寂寞|蛾眉|水|天|风,月:2|水:1|天:1|风:1
976,水仙花,宋,水仙花,3,喜雪|竹径|天,铅华|无尘|天,喜雪:1|竹径:1|天:1
977,水仙花,宋,水仙花,3,莲塘|池|风,绿华|池|风,莲塘:1|池:1|风:1
978,题虞瑞岩描水仙花,元,水仙花,6,悲秋|春暮|春雨|江湖|秋暮|云,离思|花容|生春|凌波|月色|云,悲秋:1|春暮:1|春雨:1|江湖:1|秋暮:1|云:1
979,水仙花,元,水仙花,6,云|上元|游春|月|水|江,冉冉|翠袖|香风|云|月|水|江,云:2|上元:1|游春:1|月:1|水:1|江:1
980,水 仙,明,水仙花,5,风|不见|云|罗|江,不见|苍梧|一片|罗|风|江,风:2|不见:1|云:1|罗:1|江:1
981,水仙花,清,水仙,3,尘|十六夜月|夏夜,生罗袜|昨夜|月明|尘,尘:2|十六夜月:1|夏夜:1
982,长相思,宋,水仙花,6,中秋|上元|春色|泉|冬夜|如昼,杯盘|翠袖|春色|鸣玉|雪月|此时,中秋:1|上元:1|春色:1|泉:1|冬夜:1|如昼:1
983,卜算子 水仙,宋,水仙花,7,残星|客中雨|新秋|江|月|风|尘,盈盈|寂寂|山寒|江|月|风|尘,残星:1|客中雨:1|新秋:1|江:1|月:1|风:1|尘:1
984,卜算子 水仙花,清,水仙花,5,月|渡|春色|桥|石,玉盘|清泉|花光|大江|石,月:1|渡:1|春色:1|桥:1|石:1
985,菩萨蛮 水仙,宋,水仙花,4,残夏|秋光|重九|浮山,梧叶|秋光|金盏|依旧,残夏:1|秋光:1|重九:1|浮山:1
986,朝中措 水仙,宋,水仙花,2,浮山|山,云涛|山,浮山:1|山:1
987,南歌子 水仙,宋,水仙花,7,上元|江湖|虹|步月|浮山|云|春,翠袖|凌波|浅深|步月|依旧|云|春,上元:1|江湖:1|虹:1|步月:1|浮山:1|云:1|春:1
988,金人捧露盘 水仙,宋,水仙花,9,江湖|岛屿|新秋|云|月|罗|尘|春|江,凌波|波心|苍烟|云|月|罗|尘|春|江,江湖:1|岛屿:1|新秋:1|云:1|月:1|罗:1|尘:1|春:1|江:1
989,庆宫春,宋,水仙花,7,月|除夜|秋风|如昼|罗|烟|沙,岁华|凄凉|成愁|今夜|罗|烟|沙|月,月:2|除夜:1|秋风:1|如昼:1|罗:1|烟:1|沙:1
990,贺新郎 赋水仙,宋,水仙花,13,水声|江湖|浦|远山|渔矶|夏风|上巳|云|月|水|罗|尘|沙,风前|凌波|烟波|一点|烟雨|瑶琴|招魂|云|月|水|罗|尘|沙,水声:1|江湖:1|浦:1|远山:1|渔矶:1|夏风:1|上巳:1|云:1|月:1|水:1|罗:1|尘:1|沙:1
991,蜡梅一首贈赵景貺,宋,蜡梅,7,春|天|冬雨|云|不见|山|风,天|梅花|变化|不见|梅香|寻花|山|风,春:2|天:2|冬雨:1|云:1|不见:1|山:1|风:1
992,荀秀才送蜡梅十枝奇甚为赋此诗,宋,蜡梅,3,重九|秋色|日,痛饮|幽姿|日,重九:1|秋色:1|日:1
993,蜡梅,宋,蜡梅,7,春风|江湖|冬|地|日|水|月,春风|黄昏|冬|地|日|水|月,春风:1|江湖:1|冬:1|地:1|日:1|水:1|月:1
994,戏咏蜡梅二首,宋,蜡梅,6,春寒|寒食雨|夏风|江湖|风|山,春寒|桃李|披拂|暗香|风|山,春寒:1|寒食雨:1|夏风:1|江湖:1|风:1|山:1
995,蜡 梅,宋,蜡梅,2,喜雪|春,千点|春,喜雪:1|春:1
996,蜡梅,宋,蜡梅,1,山,奕奕,山:1
997,蜡 梅,宋,蜡梅,2,冬夜|天,霜风|天,冬夜:1|天:1
998,蜡 梅,宋,蜡梅,0,,,
999,蜡 梅,宋,蜡梅,2,暮冬|果园,江梅|红梅,暮冬:1|果园:1
1000-02,次韵汉卿舅蜡梅,宋,蜡梅,3,雪意|江湖|春风,垂垂|暗香|春风,雪意:1|江湖:1|春风:1
1001-02,浪淘沙,宋,蜡梅,4,苦寒|秋风|江湖|江,风霜|凄凉|幽香|江,苦寒:1|秋风:1|江湖:1|江:1
1002-02,瑞香花,宋,瑞香,3,春寒|潮|云,春寒|花气|云,春寒:1|潮:1|云:1
1003-02,瑞香花新开(五首之一),宋,瑞香,4,松径|上元遇雪|霞|风,森森|轻寒|霞|风,松径:1|上元遇雪:1|霞:1|风:1
1004-02,咏瑞香,宋,瑞香,5,春|冬夜|冬日即事|春日书怀|罗,东君|暖日|风微|入醉乡|梦魂|罗|春,春:3|冬夜:1|冬日即事:1|春日书怀:1|罗:1
1005-02,瑞香花,宋,瑞香,2,残月|松径,残月|风弄,残月:1|松径:1
1006-02,西江月 真觉赏瑞香,宋,瑞香,3,游春|喜雪|春,香风|把酒|春,游春:1|喜雪:1|春:1
