external_id,name,price,currency,spec_text,color,unit,size,origin,care_instructions,image_url,image_local_path,product_url,stock_status,fetched_at
552916,維也納菊（可選色）,200.0,HKD,5枝,粉/咖色,5枝,50-70cm,雲南/廣州,1. 剪腳：沿花梗底部向上2cm位置斜剪，剪後立即插水，避免在空氣中暴露時間過長，令鮮花重新分泌粘液阻塞吸水口,https://cms-static.cdn.91app.hk/images/original/67/410bf00c-2a34-46b8-84e7-71bbf6309319-1706089188-i345hgvyir_d.gif,,https://www.brighten.hk/SalePage/Index/552916,,2026-03-09 05:50:19
551654,耳墜花,50.0,HKD,扎,綠色,扎,60-80cm,雲南,1. 剪腳：沿花梗底部向上2cm位置斜剪，剪後立即插水，避免在空氣中暴露時間過長，令鮮花重新分泌粘液阻塞吸水口,https://cms-static.cdn.91app.hk/images/original/67/410bf00c-2a34-46b8-84e7-71bbf6309319-1706089188-i345hgvyir_d.gif,,https://www.brighten.hk/SalePage/Index/551654,,2026-03-09 05:50:28
549694,鮮花 - 小手球,50.0,HKD,扎,可選,扎,60-80cm,雲南,1. 剪腳：沿花梗底部向上2cm位置斜剪，剪後立即插水，避免在空氣中暴露時間過長，令鮮花重新分泌粘液阻塞吸水口,https://cms-static.cdn.91app.hk/images/original/67/410bf00c-2a34-46b8-84e7-71bbf6309319-1706089188-i345hgvyir_d.gif,,https://www.brighten.hk/SalePage/Index/549694,,2026-03-09 05:50:37
549125,莢米花,45.0,HKD,1扎,白色,1扎,50-70cm,雲南,1. 剪腳：沿花梗底部向上2cm位置斜剪，剪後立即插水，避免在空氣中暴露時間過長，令鮮花重新分泌粘液阻塞吸水口,https://cms-static.cdn.91app.hk/images/original/67/410bf00c-2a34-46b8-84e7-71bbf6309319-1706089188-i345hgvyir_d.gif,,https://www.brighten.hk/SalePage/Index/549125,,2026-03-09 05:50:45
549124,觀果 - 帶果尤加利（可選）,95.0,HKD,1札,"3一5支
染紅3一5支",1札,30-50cm,廣州/雲南,1. 剪腳：沿花梗底部向上2cm位置斜剪，剪後立即插水，避免在空氣中暴露時間過長，令鮮花重新分泌粘液阻塞吸水口,https://cms-static.cdn.91app.hk/images/original/67/410bf00c-2a34-46b8-84e7-71bbf6309319-1706089188-i345hgvyir_d.gif,,https://www.brighten.hk/SalePage/Index/549124,,2026-03-09 05:50:53
549122,橙菠蘿,110.0,HKD,1扎,橙色,1扎,50-70cm,雲南,1. 剪腳：沿花梗底部向上2cm位置斜剪，剪後立即插水，避免在空氣中暴露時間過長，令鮮花重新分泌粘液阻塞吸水口,https://cms-static.cdn.91app.hk/images/original/67/410bf00c-2a34-46b8-84e7-71bbf6309319-1706089188-i345hgvyir_d.gif,,https://www.brighten.hk/SalePage/Index/549122,,2026-03-09 05:51:01
549119,愛麗絲（鳶尾）,100.0,HKD,,,,,,,https://cms-static.cdn.91app.hk/images/original/67/410bf00c-2a34-46b8-84e7-71bbf6309319-1706089188-i345hgvyir_d.gif,,https://www.brighten.hk/SalePage/Index/549119,,2026-03-09 04:24:02
542494,葉材 - 五針松,40.0,HKD,扎,綠色,扎,50-65cm,廣州,1. 剪腳：沿花梗底部向上2cm位置斜剪，剪後立即插水，避免在空氣中暴露時間過長，令鮮花重新分泌粘液阻塞吸水口,https://cms-static.cdn.91app.hk/images/original/67/410bf00c-2a34-46b8-84e7-71bbf6309319-1706089188-i345hgvyir_d.gif,,https://www.brighten.hk/SalePage/Index/542494,,2026-03-09 05:51:30
540197,大理花 - 梅根,95.0,HKD,1札 (5支),5支,1札 (5支),30-50cm,雲南,1.45°斜剪根，深水醒花，花頭10cm以下都浸在水中，但不要弄濕花頭。等待4-5小時，花材恢復新鮮後，水位以下的葉片修剪乾淨即可用花;脫水嚴重適當延長時間不要超過一個晚上。醒  花完成後加入保鮮劑效果更佳。,https://cms-static.cdn.91app.hk/images/original/67/410bf00c-2a34-46b8-84e7-71bbf6309319-1706089188-i345hgvyir_d.gif,,https://www.brighten.hk/SalePage/Index/540197,,2026-03-09 05:51:38
540196,大理花 - 綠野仙蹤,95.0,HKD,1札 (5支),5支,1札 (5支),30-50cm,雲南,1.45°斜剪根，深水醒花，花頭10cm以下都浸在水中，但不要弄濕花頭。等待4-5小時，花材恢復新鮮後，水位以下的葉片修剪乾淨即可用花;脫水嚴重適當延長時間不要超過一個晚上。醒  花完成後加入保鮮劑效果更佳。,https://cms-static.cdn.91app.hk/images/original/67/410bf00c-2a34-46b8-84e7-71bbf6309319-1706089188-i345hgvyir_d.gif,,https://www.brighten.hk/SalePage/Index/540196,,2026-03-09 05:51:45
540194,大理花 - 流螢,95.0,HKD,1札 (5支),5支,1札 (5支),30-50cm,雲南,1.45°斜剪根，深水醒花，花頭10cm以下都浸在水中，但不要弄濕花頭。等待4-5小時，花材恢復新鮮後，水位以下的葉片修剪乾淨即可用花;脫水嚴重適當延長時間不要超過一個晚上。醒  花完成後加入保鮮劑效果更佳。,https://cms-static.cdn.91app.hk/images/original/67/410bf00c-2a34-46b8-84e7-71bbf6309319-1706089188-i345hgvyir_d.gif,,https://www.brighten.hk/SalePage/Index/540194,,2026-03-09 05:51:54
540190,洋牡丹 - 河内,110.0,HKD,1札,粉色,1札,30-40cm,廣州,1. 剪腳：沿花梗底部向上2cm位置斜剪，剪後立即插水，避免在空氣中暴露時間過長，令鮮花重新分泌粘液阻塞吸水口,https://cms-static.cdn.91app.hk/images/original/67/410bf00c-2a34-46b8-84e7-71bbf6309319-1706089188-i345hgvyir_d.gif,,https://www.brighten.hk/SalePage/Index/540190,,2026-03-09 05:52:03
540187,洋牡丹（可選色）,70.0,HKD,1札,可選,1札,30-40cm,廣州,1. 剪腳：沿花梗底部向上2cm位置斜剪，剪後立即插水，避免在空氣中暴露時間過長，令鮮花重新分泌粘液阻塞吸水口,https://cms-static.cdn.91app.hk/images/original/67/410bf00c-2a34-46b8-84e7-71bbf6309319-1706089188-i345hgvyir_d.gif,,https://www.brighten.hk/SalePage/Index/540187,,2026-03-09 05:52:10
539531,葉類 - 黃金葉,70.0,HKD,3-5枝,黃色,3-5枝,40-70cm,廣州,1. 剪腳：沿花梗底部向上2cm位置斜剪，剪後立即插水，避免在空氣中暴露時間過長，令鮮花重新分泌粘液阻塞吸水口,https://cms-static.cdn.91app.hk/images/original/67/410bf00c-2a34-46b8-84e7-71bbf6309319-1706089188-i345hgvyir_d.gif,,https://www.brighten.hk/SalePage/Index/539531,,2026-03-09 05:52:19
537352,鮮花 - 牡丹菊（吸色薄荷綠）,100.0,HKD,5支/10支,绿色,5支/10支,50-70cm,雲南,1. 剪腳：沿花梗底部向上2cm位置斜剪，剪後立即插水，避免在空氣中暴露時間過長，令鮮花重新分泌粘液阻塞吸水口,https://cms-static.cdn.91app.hk/images/original/67/410bf00c-2a34-46b8-84e7-71bbf6309319-1706089188-i345hgvyir_d.gif,,https://www.brighten.hk/SalePage/Index/537352,,2026-03-09 05:52:27
537350,鮮花 - 牡丹菊（吸色珊瑚紅）,100.0,HKD,5支/10支,红色,5支/10支,50-70cm,雲南,1. 剪腳：沿花梗底部向上2cm位置斜剪，剪後立即插水，避免在空氣中暴露時間過長，令鮮花重新分泌粘液阻塞吸水口,https://cms-static.cdn.91app.hk/images/original/67/410bf00c-2a34-46b8-84e7-71bbf6309319-1706089188-i345hgvyir_d.gif,,https://www.brighten.hk/SalePage/Index/537350,,2026-03-09 05:52:34
537349,鮮花 - 牡丹菊白色,90.0,HKD,5支/10支,粉色,5支/10支,50-70cm,雲南,1. 剪腳：沿花梗底部向上2cm位置斜剪，剪後立即插水，避免在空氣中暴露時間過長，令鮮花重新分泌粘液阻塞吸水口,https://cms-static.cdn.91app.hk/images/original/67/410bf00c-2a34-46b8-84e7-71bbf6309319-1706089188-i345hgvyir_d.gif,,https://www.brighten.hk/SalePage/Index/537349,,2026-03-09 05:52:41
537347,鮮花 - 牡丹菊（吸色鮭魚粉）,100.0,HKD,5支/10支,粉色,5支/10支,50-70cm,雲南,1. 剪腳：沿花梗底部向上2cm位置斜剪，剪後立即插水，避免在空氣中暴露時間過長，令鮮花重新分泌粘液阻塞吸水口,https://cms-static.cdn.91app.hk/images/original/67/410bf00c-2a34-46b8-84e7-71bbf6309319-1706089188-i345hgvyir_d.gif,,https://www.brighten.hk/SalePage/Index/537347,,2026-03-09 05:52:49
537345,鮮花 - 牡丹菊（吸色檸檬黃）,100.0,HKD,5支/10支,黄色,5支/10支,50-70cm,雲南,1. 剪腳：沿花梗底部向上2cm位置斜剪，剪後立即插水，避免在空氣中暴露時間過長，令鮮花重新分泌粘液阻塞吸水口,https://cms-static.cdn.91app.hk/images/original/67/410bf00c-2a34-46b8-84e7-71bbf6309319-1706089188-i345hgvyir_d.gif,,https://www.brighten.hk/SalePage/Index/537345,,2026-03-09 05:52:58
537342,鮮花 - 牡丹菊（吸色彩虹）,100.0,HKD,5支/10支,彩色,5支/10支,50-70cm,雲南,1. 剪腳：沿花梗底部向上2cm位置斜剪，剪後立即插水，避免在空氣中暴露時間過長，令鮮花重新分泌粘液阻塞吸水口,https://cms-static.cdn.91app.hk/images/original/67/410bf00c-2a34-46b8-84e7-71bbf6309319-1706089188-i345hgvyir_d.gif,,https://www.brighten.hk/SalePage/Index/537342,,2026-03-09 05:53:06
537339,鮮花 - 牡丹菊（吸色雨墨藍）,100.0,HKD,5支/10支,蓝色,5支/10支,50-70cm,雲南,1. 剪腳：沿花梗底部向上2cm位置斜剪，剪後立即插水，避免在空氣中暴露時間過長，令鮮花重新分泌粘液阻塞吸水口,https://cms-static.cdn.91app.hk/images/original/67/410bf00c-2a34-46b8-84e7-71bbf6309319-1706089188-i345hgvyir_d.gif,,https://www.brighten.hk/SalePage/Index/537339,,2026-03-09 05:53:13
537338,鮮花 - 牡丹菊（吸色藍色）,100.0,HKD,5支/10支,蓝色,5支/10支,50-70cm,雲南,1. 剪腳：沿花梗底部向上2cm位置斜剪，剪後立即插水，避免在空氣中暴露時間過長，令鮮花重新分泌粘液阻塞吸水口,https://cms-static.cdn.91app.hk/images/original/67/410bf00c-2a34-46b8-84e7-71bbf6309319-1706089188-i345hgvyir_d.gif,,https://www.brighten.hk/SalePage/Index/537338,,2026-03-09 05:53:22
537134,星芹,70.0,HKD,5枝/3枝,白色,5枝/3枝,40-60cm,廣州,1. 剪腳：沿花梗底部向上2cm位置斜剪，剪後立即插水，避免在空氣中暴露時間過長，令鮮花重新分泌粘液阻塞吸水口,https://cms-static.cdn.91app.hk/images/original/67/410bf00c-2a34-46b8-84e7-71bbf6309319-1706089188-i345hgvyir_d.gif,,https://www.brighten.hk/SalePage/Index/537134,,2026-03-09 05:53:29
537132,新娘花,100.0,HKD,5枝/3枝,粉白色,5枝/3枝,40-60cm,廣州,1. 剪腳：沿花梗底部向上2cm位置斜剪，剪後立即插水，避免在空氣中暴露時間過長，令鮮花重新分泌粘液阻塞吸水口,https://cms-static.cdn.91app.hk/images/original/67/410bf00c-2a34-46b8-84e7-71bbf6309319-1706089188-i345hgvyir_d.gif,,https://www.brighten.hk/SalePage/Index/537132,,2026-03-09 05:53:36
537131,彩星（水晶草）,35.0,HKD,3枝/5枝,黃/白/粉/玫紅色,3枝/5枝,40-60cm,廣州,1. 剪腳：沿花梗底部向上2cm位置斜剪，剪後立即插水，避免在空氣中暴露時間過長，令鮮花重新分泌粘液阻塞吸水口,https://cms-static.cdn.91app.hk/images/original/67/410bf00c-2a34-46b8-84e7-71bbf6309319-1706089188-i345hgvyir_d.gif,,https://www.brighten.hk/SalePage/Index/537131,,2026-03-09 05:53:43
537130,地榆,90.0,HKD,5枝,紫色,5枝,40-60cm,廣州,1. 剪腳：沿花梗底部向上2cm位置斜剪，剪後立即插水，避免在空氣中暴露時間過長，令鮮花重新分泌粘液阻塞吸水口,https://cms-static.cdn.91app.hk/images/original/67/410bf00c-2a34-46b8-84e7-71bbf6309319-1706089188-i345hgvyir_d.gif,,https://www.brighten.hk/SalePage/Index/537130,,2026-03-09 05:53:50
537127,相思梅（石竹梅）,50.0,HKD,1札,白色,1札,60-70cm,廣州,1. 剪腳：沿花梗底部向上2cm位置斜剪，剪後立即插水，避免在空氣中暴露時間過長，令鮮花重新分泌粘液阻塞吸水口,https://cms-static.cdn.91app.hk/images/original/67/410bf00c-2a34-46b8-84e7-71bbf6309319-1706089188-i345hgvyir_d.gif,,https://www.brighten.hk/SalePage/Index/537127,,2026-03-09 05:53:59
537126,海星（情人草）,65.0,HKD,3枝/5枝,紫色,3枝/5枝,40-60cm,廣州,1. 剪腳：沿花梗底部向上2cm位置斜剪，剪後立即插水，避免在空氣中暴露時間過長，令鮮花重新分泌粘液阻塞吸水口,https://cms-static.cdn.91app.hk/images/original/67/410bf00c-2a34-46b8-84e7-71bbf6309319-1706089188-i345hgvyir_d.gif,,https://www.brighten.hk/SalePage/Index/537126,,2026-03-09 05:54:07
537116,鮮花 - 牡丹菊（吸色布朗尼）,100.0,HKD,5支/10支,紅色,5支/10支,50-70cm,雲南,1. 剪腳：沿花梗底部向上2cm位置斜剪，剪後立即插水，避免在空氣中暴露時間過長，令鮮花重新分泌粘液阻塞吸水口,https://cms-static.cdn.91app.hk/images/original/67/410bf00c-2a34-46b8-84e7-71bbf6309319-1706089188-i345hgvyir_d.gif,,https://www.brighten.hk/SalePage/Index/537116,,2026-03-09 05:54:14
537115,鮮花 - 牡丹菊（吸色淺咖）,100.0,HKD,5支/10支,咖色,5支/10支,50-70cm,雲南,1. 剪腳：沿花梗底部向上2cm位置斜剪，剪後立即插水，避免在空氣中暴露時間過長，令鮮花重新分泌粘液阻塞吸水口,https://cms-static.cdn.91app.hk/images/original/67/410bf00c-2a34-46b8-84e7-71bbf6309319-1706089188-i345hgvyir_d.gif,,https://www.brighten.hk/SalePage/Index/537115,,2026-03-09 05:54:22
537114,鮮花 - 牡丹菊（吸色青花瓷）,100.0,HKD,,,,,廣州,,https://cms-static.cdn.91app.hk/images/original/67/410bf00c-2a34-46b8-84e7-71bbf6309319-1706089188-i345hgvyir_d.gif,,https://www.brighten.hk/SalePage/Index/537114,,2026-03-09 05:54:29
537113,鮮花 - 牡丹菊（吸色抹茶綠）,100.0,HKD,,,,,廣州,,https://cms-static.cdn.91app.hk/images/original/67/410bf00c-2a34-46b8-84e7-71bbf6309319-1706089188-i345hgvyir_d.gif,,https://www.brighten.hk/SalePage/Index/537113,,2026-03-09 05:54:37
537112,鮮花 - 牡丹菊（吸色白橙）,100.0,HKD,,,,,廣州,,https://cms-static.cdn.91app.hk/images/original/67/410bf00c-2a34-46b8-84e7-71bbf6309319-1706089188-i345hgvyir_d.gif,,https://www.brighten.hk/SalePage/Index/537112,,2026-03-09 05:54:44
537111,鮮花 - 牡丹菊（吸色夢幻紫）,100.0,HKD,,,,,廣州,,https://cms-static.cdn.91app.hk/images/original/67/410bf00c-2a34-46b8-84e7-71bbf6309319-1706089188-i345hgvyir_d.gif,,https://www.brighten.hk/SalePage/Index/537111,,2026-03-09 05:54:52
537109,鮮花 - 牡丹菊（吸色葡萄紫）,100.0,HKD,,,,,廣州,,https://cms-static.cdn.91app.hk/images/original/67/410bf00c-2a34-46b8-84e7-71bbf6309319-1706089188-i345hgvyir_d.gif,,https://www.brighten.hk/SalePage/Index/537109,,2026-03-09 05:54:59
537108,鮮花 - 牡丹菊（吸色薰衣草紫）,100.0,HKD,,,,,廣州,,https://cms-static.cdn.91app.hk/images/original/67/410bf00c-2a34-46b8-84e7-71bbf6309319-1706089188-i345hgvyir_d.gif,,https://www.brighten.hk/SalePage/Index/537108,,2026-03-09 05:55:06
537106,鮮花 - 牡丹菊（吸色果綠）,100.0,HKD,,,,,廣州,,https://cms-static.cdn.91app.hk/images/original/67/410bf00c-2a34-46b8-84e7-71bbf6309319-1706089188-i345hgvyir_d.gif,,https://www.brighten.hk/SalePage/Index/537106,,2026-03-09 05:55:13
537105,鮮花 - 牡丹菊（吸色香芋紫）,100.0,HKD,,,,,廣州,,https://cms-static.cdn.91app.hk/images/original/67/410bf00c-2a34-46b8-84e7-71bbf6309319-1706089188-i345hgvyir_d.gif,,https://www.brighten.hk/SalePage/Index/537105,,2026-03-09 05:55:19
537104,鮮花 - 牡丹菊（吸色中國紅）,100.0,HKD,,,,,廣州,,https://cms-static.cdn.91app.hk/images/original/67/410bf00c-2a34-46b8-84e7-71bbf6309319-1706089188-i345hgvyir_d.gif,,https://www.brighten.hk/SalePage/Index/537104,,2026-03-09 05:55:26
537103,鮮花 - 牡丹菊（吸色芒果色）,100.0,HKD,,,,,廣州,,https://cms-static.cdn.91app.hk/images/original/67/410bf00c-2a34-46b8-84e7-71bbf6309319-1706089188-i345hgvyir_d.gif,,https://www.brighten.hk/SalePage/Index/537103,,2026-03-09 05:55:33
537079,單頭菊花 - 紫色乒乓菊,55.0,HKD,"5枝
10枝",,"5枝
10枝",,廣州,,https://cms-static.cdn.91app.hk/images/original/67/410bf00c-2a34-46b8-84e7-71bbf6309319-1706089188-i345hgvyir_d.gif,,https://www.brighten.hk/SalePage/Index/537079,,2026-03-09 05:55:41
537078,單頭菊花 - 綠色乒乓菊,55.0,HKD,"5枝
10枝",,"5枝
10枝",,廣州,,https://cms-static.cdn.91app.hk/images/original/67/410bf00c-2a34-46b8-84e7-71bbf6309319-1706089188-i345hgvyir_d.gif,,https://www.brighten.hk/SalePage/Index/537078,,2026-03-09 05:55:48
537077,麵包菊 - 伊特斯科,50.0,HKD,,,,,廣州,,https://cms-static.cdn.91app.hk/images/original/67/410bf00c-2a34-46b8-84e7-71bbf6309319-1706089188-i345hgvyir_d.gif,,https://www.brighten.hk/SalePage/Index/537077,,2026-03-09 05:55:55
537075,安娜菊 - 俄斯安娜深粉,60.0,HKD,,,,,廣州,,https://cms-static.cdn.91app.hk/images/original/67/410bf00c-2a34-46b8-84e7-71bbf6309319-1706089188-i345hgvyir_d.gif,,https://www.brighten.hk/SalePage/Index/537075,,2026-03-09 05:56:04
537073,安娜菊 - 粉綠,60.0,HKD,,,,,廣州,,https://cms-static.cdn.91app.hk/images/original/67/410bf00c-2a34-46b8-84e7-71bbf6309319-1706089188-i345hgvyir_d.gif,,https://www.brighten.hk/SalePage/Index/537073,,2026-03-09 05:56:11
537072,安娜菊 - 奧利粉,60.0,HKD,,,,,廣州,,https://cms-static.cdn.91app.hk/images/original/67/410bf00c-2a34-46b8-84e7-71bbf6309319-1706089188-i345hgvyir_d.gif,,https://www.brighten.hk/SalePage/Index/537072,,2026-03-09 05:56:20
537070,安娜菊 （吸色夢幻紫）,60.0,HKD,,,,,廣州,,https://cms-static.cdn.91app.hk/images/original/67/410bf00c-2a34-46b8-84e7-71bbf6309319-1706089188-i345hgvyir_d.gif,,https://www.brighten.hk/SalePage/Index/537070,,2026-03-09 05:56:27
537069,安娜菊 （吸色玫紅）,60.0,HKD,,,,,廣州,,https://cms-static.cdn.91app.hk/images/original/67/410bf00c-2a34-46b8-84e7-71bbf6309319-1706089188-i345hgvyir_d.gif,,https://www.brighten.hk/SalePage/Index/537069,,2026-03-09 05:56:34
537067,安娜菊 （吸色橙）,60.0,HKD,,,,,廣州,,https://cms-static.cdn.91app.hk/images/original/67/410bf00c-2a34-46b8-84e7-71bbf6309319-1706089188-i345hgvyir_d.gif,,https://www.brighten.hk/SalePage/Index/537067,,2026-03-09 05:56:41
537043,安娜菊 （吸色桃妝）,60.0,HKD,,,,,廣州,,https://cms-static.cdn.91app.hk/images/original/67/410bf00c-2a34-46b8-84e7-71bbf6309319-1706089188-i345hgvyir_d.gif,,https://www.brighten.hk/SalePage/Index/537043,,2026-03-09 05:56:49
536563,烟花菊 - 璀璨,60.0,HKD,,,,,廣州,,https://cms-static.cdn.91app.hk/images/original/67/410bf00c-2a34-46b8-84e7-71bbf6309319-1706089188-i345hgvyir_d.gif,,https://www.brighten.hk/SalePage/Index/536563,,2026-03-09 05:56:56
536561,烟花菊 - 傲月粉,60.0,HKD,,,,,廣州,,https://cms-static.cdn.91app.hk/images/original/67/410bf00c-2a34-46b8-84e7-71bbf6309319-1706089188-i345hgvyir_d.gif,,https://www.brighten.hk/SalePage/Index/536561,,2026-03-09 05:57:03
536558,烟花菊 - 蒼翠,60.0,HKD,,,,,廣州,,https://cms-static.cdn.91app.hk/images/original/67/410bf00c-2a34-46b8-84e7-71bbf6309319-1706089188-i345hgvyir_d.gif,,https://www.brighten.hk/SalePage/Index/536558,,2026-03-09 05:57:10
536555,烟花菊 - 燿陽,60.0,HKD,,,,,廣州,,https://cms-static.cdn.91app.hk/images/original/67/410bf00c-2a34-46b8-84e7-71bbf6309319-1706089188-i345hgvyir_d.gif,,https://www.brighten.hk/SalePage/Index/536555,,2026-03-09 05:57:21
536534,烟花菊 - 愛神,60.0,HKD,,,,,廣州,,https://cms-static.cdn.91app.hk/images/original/67/410bf00c-2a34-46b8-84e7-71bbf6309319-1706089188-i345hgvyir_d.gif,,https://www.brighten.hk/SalePage/Index/536534,,2026-03-09 05:57:27
536533,烟花菊 - 紫霞,60.0,HKD,,,,,廣州,,https://cms-static.cdn.91app.hk/images/original/67/410bf00c-2a34-46b8-84e7-71bbf6309319-1706089188-i345hgvyir_d.gif,,https://www.brighten.hk/SalePage/Index/536533,,2026-03-09 05:57:34
536532,烟花菊 - 卡普瑞,60.0,HKD,,,,,廣州,,https://cms-static.cdn.91app.hk/images/original/67/410bf00c-2a34-46b8-84e7-71bbf6309319-1706089188-i345hgvyir_d.gif,,https://www.brighten.hk/SalePage/Index/536532,,2026-03-09 05:57:41
536530,烟花菊 - 薩弗拉紅,60.0,HKD,,,,,廣州,,https://cms-static.cdn.91app.hk/images/original/67/410bf00c-2a34-46b8-84e7-71bbf6309319-1706089188-i345hgvyir_d.gif,,https://www.brighten.hk/SalePage/Index/536530,,2026-03-09 05:57:50
536499,烟花菊 - 綠安娜,60.0,HKD,,,,,廣州,,https://cms-static.cdn.91app.hk/images/original/67/410bf00c-2a34-46b8-84e7-71bbf6309319-1706089188-i345hgvyir_d.gif,,https://www.brighten.hk/SalePage/Index/536499,,2026-03-09 05:57:57
536420,小菊 - 紫丹特,35.0,HKD,,,,,廣州,,https://cms-static.cdn.91app.hk/images/original/67/410bf00c-2a34-46b8-84e7-71bbf6309319-1706089188-i345hgvyir_d.gif,,https://www.brighten.hk/SalePage/Index/536420,,2026-03-09 05:58:04
536419,小菊 - 檸檬黃,35.0,HKD,,,,,廣州,,https://cms-static.cdn.91app.hk/images/original/67/410bf00c-2a34-46b8-84e7-71bbf6309319-1706089188-i345hgvyir_d.gif,,https://www.brighten.hk/SalePage/Index/536419,,2026-03-09 05:58:14
536417,小菊 - 粉丹特,35.0,HKD,,,,,廣州,,https://cms-static.cdn.91app.hk/images/original/67/410bf00c-2a34-46b8-84e7-71bbf6309319-1706089188-i345hgvyir_d.gif,,https://www.brighten.hk/SalePage/Index/536417,,2026-03-09 05:58:20
536415,小菊 - 瑞白,35.0,HKD,,,,,廣州,,https://cms-static.cdn.91app.hk/images/original/67/410bf00c-2a34-46b8-84e7-71bbf6309319-1706089188-i345hgvyir_d.gif,,https://www.brighten.hk/SalePage/Index/536415,,2026-03-09 05:58:27
536414,小菊 - 瑞黃,35.0,HKD,,,,,廣州,,https://cms-static.cdn.91app.hk/images/original/67/410bf00c-2a34-46b8-84e7-71bbf6309319-1706089188-i345hgvyir_d.gif,,https://www.brighten.hk/SalePage/Index/536414,,2026-03-09 05:58:37
536413,小菊 - 紅丹特,35.0,HKD,,,,,廣州,,https://cms-static.cdn.91app.hk/images/original/67/410bf00c-2a34-46b8-84e7-71bbf6309319-1706089188-i345hgvyir_d.gif,,https://www.brighten.hk/SalePage/Index/536413,,2026-03-09 05:58:44
536411,小菊 - 卡明淺粉,35.0,HKD,,,,,廣州,,https://cms-static.cdn.91app.hk/images/original/67/410bf00c-2a34-46b8-84e7-71bbf6309319-1706089188-i345hgvyir_d.gif,,https://www.brighten.hk/SalePage/Index/536411,,2026-03-09 05:58:53
536410,小菊 - 三文魚,35.0,HKD,,,,,廣州,,https://cms-static.cdn.91app.hk/images/original/67/410bf00c-2a34-46b8-84e7-71bbf6309319-1706089188-i345hgvyir_d.gif,,https://www.brighten.hk/SalePage/Index/536410,,2026-03-09 05:59:00
536409,小菊 - 科隆香水,35.0,HKD,,,,,廣州,,https://cms-static.cdn.91app.hk/images/original/67/410bf00c-2a34-46b8-84e7-71bbf6309319-1706089188-i345hgvyir_d.gif,,https://www.brighten.hk/SalePage/Index/536409,,2026-03-09 05:59:09
536408,小菊 - 條紋,35.0,HKD,,,,,廣州,,https://cms-static.cdn.91app.hk/images/original/67/410bf00c-2a34-46b8-84e7-71bbf6309319-1706089188-i345hgvyir_d.gif,,https://www.brighten.hk/SalePage/Index/536408,,2026-03-09 05:59:16
536270,蝴蝶洋牡丹,110.0,HKD,,,,,廣州,,https://cms-static.cdn.91app.hk/images/original/67/410bf00c-2a34-46b8-84e7-71bbf6309319-1706089188-i345hgvyir_d.gif,,https://www.brighten.hk/SalePage/Index/536270,,2026-03-09 05:59:23
536259,小菊 - 金星,35.0,HKD,,,,,廣州,,https://cms-static.cdn.91app.hk/images/original/67/410bf00c-2a34-46b8-84e7-71bbf6309319-1706089188-i345hgvyir_d.gif,,https://www.brighten.hk/SalePage/Index/536259,,2026-03-09 05:59:30
536258,小菊 - 綠精靈,35.0,HKD,,,,,廣州,,https://cms-static.cdn.91app.hk/images/original/67/410bf00c-2a34-46b8-84e7-71bbf6309319-1706089188-i345hgvyir_d.gif,,https://www.brighten.hk/SalePage/Index/536258,,2026-03-09 05:59:36
536257,小菊 - 凱蒂白,35.0,HKD,,,,,廣州,,https://cms-static.cdn.91app.hk/images/original/67/410bf00c-2a34-46b8-84e7-71bbf6309319-1706089188-i345hgvyir_d.gif,,https://www.brighten.hk/SalePage/Index/536257,,2026-03-09 05:59:43
536256,小菊 - 漢城,35.0,HKD,,,,,廣州,,https://cms-static.cdn.91app.hk/images/original/67/410bf00c-2a34-46b8-84e7-71bbf6309319-1706089188-i345hgvyir_d.gif,,https://www.brighten.hk/SalePage/Index/536256,,2026-03-09 05:59:50
536255,小菊 - 馬蒂斯,35.0,HKD,,,,,廣州,,https://cms-static.cdn.91app.hk/images/original/67/410bf00c-2a34-46b8-84e7-71bbf6309319-1706089188-i345hgvyir_d.gif,,https://www.brighten.hk/SalePage/Index/536255,,2026-03-09 05:59:57
536254,小菊 - 橙饅頭,35.0,HKD,,,,,廣州,,https://cms-static.cdn.91app.hk/images/original/67/410bf00c-2a34-46b8-84e7-71bbf6309319-1706089188-i345hgvyir_d.gif,,https://www.brighten.hk/SalePage/Index/536254,,2026-03-09 06:00:04
536253,小菊 - 羅西粉,35.0,HKD,,,,,廣州,,https://cms-static.cdn.91app.hk/images/original/67/410bf00c-2a34-46b8-84e7-71bbf6309319-1706089188-i345hgvyir_d.gif,,https://www.brighten.hk/SalePage/Index/536253,,2026-03-09 06:00:12
536252,小菊 - 綠森林,35.0,HKD,,,,,廣州,,https://cms-static.cdn.91app.hk/images/original/67/410bf00c-2a34-46b8-84e7-71bbf6309319-1706089188-i345hgvyir_d.gif,,https://www.brighten.hk/SalePage/Index/536252,,2026-03-09 06:00:20
536251,小菊 - 卡庫,35.0,HKD,,,,,廣州,,https://cms-static.cdn.91app.hk/images/original/67/410bf00c-2a34-46b8-84e7-71bbf6309319-1706089188-i345hgvyir_d.gif,,https://www.brighten.hk/SalePage/Index/536251,,2026-03-09 06:00:28
536250,小菊 - 少女粉,35.0,HKD,,,,,廣州,,https://cms-static.cdn.91app.hk/images/original/67/410bf00c-2a34-46b8-84e7-71bbf6309319-1706089188-i345hgvyir_d.gif,,https://www.brighten.hk/SalePage/Index/536250,,2026-03-09 06:00:35
536249,小菊 - 布魯諾,35.0,HKD,,,,,廣州,,https://cms-static.cdn.91app.hk/images/original/67/410bf00c-2a34-46b8-84e7-71bbf6309319-1706089188-i345hgvyir_d.gif,,https://www.brighten.hk/SalePage/Index/536249,,2026-03-09 06:00:42
536248,小菊 - 索芙特,35.0,HKD,,,,,廣州,,https://cms-static.cdn.91app.hk/images/original/67/410bf00c-2a34-46b8-84e7-71bbf6309319-1706089188-i345hgvyir_d.gif,,https://www.brighten.hk/SalePage/Index/536248,,2026-03-09 06:00:49
536247,小菊 - 精幻粉,35.0,HKD,,,,,廣州,,https://cms-static.cdn.91app.hk/images/original/67/410bf00c-2a34-46b8-84e7-71bbf6309319-1706089188-i345hgvyir_d.gif,,https://www.brighten.hk/SalePage/Index/536247,,2026-03-09 06:00:56
536246,小菊 - 肯尼迪,35.0,HKD,,,,,廣州,,https://cms-static.cdn.91app.hk/images/original/67/410bf00c-2a34-46b8-84e7-71bbf6309319-1706089188-i345hgvyir_d.gif,,https://www.brighten.hk/SalePage/Index/536246,,2026-03-09 06:01:04
536244,小菊 - 浦山,35.0,HKD,,,,,廣州,,https://cms-static.cdn.91app.hk/images/original/67/410bf00c-2a34-46b8-84e7-71bbf6309319-1706089188-i345hgvyir_d.gif,,https://www.brighten.hk/SalePage/Index/536244,,2026-03-09 06:01:12
536243,小菊 - 魯一尼,35.0,HKD,,,,,廣州,,https://cms-static.cdn.91app.hk/images/original/67/410bf00c-2a34-46b8-84e7-71bbf6309319-1706089188-i345hgvyir_d.gif,,https://www.brighten.hk/SalePage/Index/536243,,2026-03-09 06:01:20
536242,小菊 - 愛之綠,35.0,HKD,,,,,廣州,,https://cms-static.cdn.91app.hk/images/original/67/410bf00c-2a34-46b8-84e7-71bbf6309319-1706089188-i345hgvyir_d.gif,,https://www.brighten.hk/SalePage/Index/536242,,2026-03-09 06:01:28
536241,小菊 - 羅馬假日,35.0,HKD,,,,,廣州,,https://cms-static.cdn.91app.hk/images/original/67/410bf00c-2a34-46b8-84e7-71bbf6309319-1706089188-i345hgvyir_d.gif,,https://www.brighten.hk/SalePage/Index/536241,,2026-03-09 06:01:36
536240,小菊 - 稻豐年,35.0,HKD,,,,,廣州,,https://cms-static.cdn.91app.hk/images/original/67/410bf00c-2a34-46b8-84e7-71bbf6309319-1706089188-i345hgvyir_d.gif,,https://www.brighten.hk/SalePage/Index/536240,,2026-03-09 06:01:43
536239,小菊 - 檸檬戀,35.0,HKD,,,,,廣州,,https://cms-static.cdn.91app.hk/images/original/67/410bf00c-2a34-46b8-84e7-71bbf6309319-1706089188-i345hgvyir_d.gif,,https://www.brighten.hk/SalePage/Index/536239,,2026-03-09 06:01:50
536236,觀果 - 小南瓜,45.0,HKD,,"3支
5支",,,廣州,,https://cms-static.cdn.91app.hk/images/original/67/410bf00c-2a34-46b8-84e7-71bbf6309319-1706089188-i345hgvyir_d.gif,,https://www.brighten.hk/SalePage/Index/536236,,2026-03-09 06:01:58
536234,觀果 - 山歸來,95.0,HKD,,2一3支,,,廣州,,https://cms-static.cdn.91app.hk/images/original/67/410bf00c-2a34-46b8-84e7-71bbf6309319-1706089188-i345hgvyir_d.gif,,https://www.brighten.hk/SalePage/Index/536234,,2026-03-09 06:02:05
536232,柔麗絲（可選色）,45.0,HKD,,,,,廣州,,https://cms-static.cdn.91app.hk/images/original/67/410bf00c-2a34-46b8-84e7-71bbf6309319-1706089188-i345hgvyir_d.gif,,https://www.brighten.hk/SalePage/Index/536232,,2026-03-09 06:02:12
536075,葉類 - 貫衆蕨,95.0,HKD,,,,,廣州,,https://cms-static.cdn.91app.hk/images/original/67/410bf00c-2a34-46b8-84e7-71bbf6309319-1706089188-i345hgvyir_d.gif,,https://www.brighten.hk/SalePage/Index/536075,,2026-03-09 06:02:19
536026,觀果 - 迷你楊果,40.0,HKD,,"3支
5一7支",,,廣州,,https://cms-static.cdn.91app.hk/images/original/67/410bf00c-2a34-46b8-84e7-71bbf6309319-1706089188-i345hgvyir_d.gif,,https://www.brighten.hk/SalePage/Index/536026,,2026-03-09 06:02:26
536011,葉類 - 蘆筍草,35.0,HKD,,,,,廣州,,https://cms-static.cdn.91app.hk/images/original/67/410bf00c-2a34-46b8-84e7-71bbf6309319-1706089188-i345hgvyir_d.gif,,https://www.brighten.hk/SalePage/Index/536011,,2026-03-09 06:02:32
536005,葉類 - 墨西哥橘葉,60.0,HKD,,,,,廣州,,https://cms-static.cdn.91app.hk/images/original/67/410bf00c-2a34-46b8-84e7-71bbf6309319-1706089188-i345hgvyir_d.gif,,https://www.brighten.hk/SalePage/Index/536005,,2026-03-09 06:02:39
535536,鮮花-迷你小菊（可選色）,45.0,HKD,"粉色5一7支
白色5一7支
紫色5一7支
紅色5一7支
粉色3支
白色3支
紫色3支
紅色3支",,"粉色5一7支
白色5一7支
紫色5一7支
紅色5一7支
粉色3支
白色3支
紫色3支
紅色3支",,廣州,,https://cms-static.cdn.91app.hk/images/original/67/410bf00c-2a34-46b8-84e7-71bbf6309319-1706089188-i345hgvyir_d.gif,,https://www.brighten.hk/SalePage/Index/535536,,2026-03-09 06:02:48
529471,單頭玫瑰 - 驕傲,140.0,HKD,"10枝
20支",,"10枝
20支",,廣州,,https://cms-static.cdn.91app.hk/images/original/67/410bf00c-2a34-46b8-84e7-71bbf6309319-1706089188-i345hgvyir_d.gif,,https://www.brighten.hk/SalePage/Index/529471,,2026-03-09 06:02:56
525221,葉類 - 春羽葉,45.0,HKD,,,,,廣州,,https://cms-static.cdn.91app.hk/images/original/67/410bf00c-2a34-46b8-84e7-71bbf6309319-1706089188-i345hgvyir_d.gif,,https://www.brighten.hk/SalePage/Index/525221,,2026-03-09 06:03:02
525186,【進口次日】外國進口 小百合 (盲盒),50.0,HKD,隨機5支一同色,隨機5支一同色,隨機5支一同色,,外國進口,,https://cms-static.cdn.91app.hk/images/original/67/410bf00c-2a34-46b8-84e7-71bbf6309319-1706089188-i345hgvyir_d.gif,,https://www.brighten.hk/SalePage/Index/525186,,2026-03-09 06:03:16
524929,多頭玫瑰 -小仙女,90.0,HKD,"3枝
5支
10支",,"3枝
5支
10支",,廣州,,https://cms-static.cdn.91app.hk/images/original/67/410bf00c-2a34-46b8-84e7-71bbf6309319-1706089188-i345hgvyir_d.gif,,https://www.brighten.hk/SalePage/Index/524929,,2026-03-09 06:03:24
524928,多頭玫瑰 -卓夫特,80.0,HKD,"3枝
5支
10支",,"3枝
5支
10支",,廣州,,https://cms-static.cdn.91app.hk/images/original/67/410bf00c-2a34-46b8-84e7-71bbf6309319-1706089188-i345hgvyir_d.gif,,https://www.brighten.hk/SalePage/Index/524928,,2026-03-09 06:03:31
524925,多頭玫瑰 -繁星,80.0,HKD,"3枝
5支
10支",,"3枝
5支
10支",,廣州,,https://cms-static.cdn.91app.hk/images/original/67/410bf00c-2a34-46b8-84e7-71bbf6309319-1706089188-i345hgvyir_d.gif,,https://www.brighten.hk/SalePage/Index/524925,,2026-03-09 06:03:39
524924,多頭玫瑰 -暖暖,70.0,HKD,"3枝
5支
10支",,"3枝
5支
10支",,廣州,,https://cms-static.cdn.91app.hk/images/original/67/410bf00c-2a34-46b8-84e7-71bbf6309319-1706089188-i345hgvyir_d.gif,,https://www.brighten.hk/SalePage/Index/524924,,2026-03-09 06:03:46
524923,鮮花-鐵鏈連,110.0,HKD,"5支
10支",,"5支
10支",,廣州,,https://cms-static.cdn.91app.hk/images/original/67/410bf00c-2a34-46b8-84e7-71bbf6309319-1706089188-i345hgvyir_d.gif,,https://www.brighten.hk/SalePage/Index/524923,,2026-03-09 06:03:53
524921,鮮花-多頭鼠尾草,35.0,HKD,"藍色5支
藍色10支",,"藍色5支
藍色10支",,廣州,,https://cms-static.cdn.91app.hk/images/original/67/410bf00c-2a34-46b8-84e7-71bbf6309319-1706089188-i345hgvyir_d.gif,,https://www.brighten.hk/SalePage/Index/524921,,2026-03-09 06:04:01
524916,鮮花-紫苑,50.0,HKD,"淺紫5支
淺紫9一12支
白色5支
白色9一12支
淺粉5支
淺粉9一12支",,"淺紫5支
淺紫9一12支
白色5支
白色9一12支
淺粉5支
淺粉9一12支",,廣州,,https://cms-static.cdn.91app.hk/images/original/67/410bf00c-2a34-46b8-84e7-71bbf6309319-1706089188-i345hgvyir_d.gif,,https://www.brighten.hk/SalePage/Index/524916,,2026-03-09 06:04:18
518198,非洲菊 - 空氣卷系列 -香格里拉,55.0,HKD,,,,,廣州,,https://cms-static.cdn.91app.hk/images/original/67/410bf00c-2a34-46b8-84e7-71bbf6309319-1706089188-i345hgvyir_d.gif,,https://www.brighten.hk/SalePage/Index/518198,,2026-03-09 06:04:25
518194,葉類 - 龜背葉/龜背竹葉,45.0,HKD,,,,,廣州,,https://cms-static.cdn.91app.hk/images/original/67/410bf00c-2a34-46b8-84e7-71bbf6309319-1706089188-i345hgvyir_d.gif,,https://www.brighten.hk/SalePage/Index/518194,,2026-03-09 06:04:32
518192,配花-白飛香,70.0,HKD,4一6支,,4一6支,,廣州,,https://cms-static.cdn.91app.hk/images/original/67/410bf00c-2a34-46b8-84e7-71bbf6309319-1706089188-i345hgvyir_d.gif,,https://www.brighten.hk/SalePage/Index/518192,,2026-03-09 06:04:40
518189,鮮花-格桑花,75.0,HKD,5一7支,,5一7支,,廣州,,https://cms-static.cdn.91app.hk/images/original/67/410bf00c-2a34-46b8-84e7-71bbf6309319-1706089188-i345hgvyir_d.gif,,https://www.brighten.hk/SalePage/Index/518189,,2026-03-09 06:04:49
518188,配花-銀葉菊,45.0,HKD,"5支
10支",,"5支
10支",,廣州,,https://cms-static.cdn.91app.hk/images/original/67/410bf00c-2a34-46b8-84e7-71bbf6309319-1706089188-i345hgvyir_d.gif,,https://www.brighten.hk/SalePage/Index/518188,,2026-03-09 06:04:56
518187,郁金香,120.0,HKD,"紫色5支
紫色10支
黃色5支
黃色10支
粉白5支
粉白10支
橙色5支
橙色10支
白色5支
白色10支",,"紫色5支
紫色10支
黃色5支
黃色10支
粉白5支
粉白10支
橙色5支
橙色10支
白色5支
白色10支",,廣州,,https://cms-static.cdn.91app.hk/images/original/67/410bf00c-2a34-46b8-84e7-71bbf6309319-1706089188-i345hgvyir_d.gif,,https://www.brighten.hk/SalePage/Index/518187,,2026-03-09 06:05:06
518182,多頭玫瑰 - 午夜魔法,70.0,HKD,"3枝
5支
10支",,"3枝
5支
10支",,廣州,,https://cms-static.cdn.91app.hk/images/original/67/410bf00c-2a34-46b8-84e7-71bbf6309319-1706089188-i345hgvyir_d.gif,,https://www.brighten.hk/SalePage/Index/518182,,2026-03-09 06:05:15
518172,多頭玫瑰 - 蜜柚果汁,80.0,HKD,"3枝
5支
10支",,"3枝
5支
10支",,廣州,,https://cms-static.cdn.91app.hk/images/original/67/410bf00c-2a34-46b8-84e7-71bbf6309319-1706089188-i345hgvyir_d.gif,,https://www.brighten.hk/SalePage/Index/518172,,2026-03-09 06:05:23
518171,多頭玫瑰 - 絕色果汁,80.0,HKD,"3枝
5支
10支",,"3枝
5支
10支",,廣州,,https://cms-static.cdn.91app.hk/images/original/67/410bf00c-2a34-46b8-84e7-71bbf6309319-1706089188-i345hgvyir_d.gif,,https://www.brighten.hk/SalePage/Index/518171,,2026-03-09 06:05:32
518170,多頭玫瑰 - 和風,80.0,HKD,"3枝
5支
10支",,"3枝
5支
10支",,廣州,,https://cms-static.cdn.91app.hk/images/original/67/410bf00c-2a34-46b8-84e7-71bbf6309319-1706089188-i345hgvyir_d.gif,,https://www.brighten.hk/SalePage/Index/518170,,2026-03-09 06:05:46
518168,鮮花 - 小飛燕,40.0,HKD,,,,,廣州,,https://cms-static.cdn.91app.hk/images/original/67/410bf00c-2a34-46b8-84e7-71bbf6309319-1706089188-i345hgvyir_d.gif,,https://www.brighten.hk/SalePage/Index/518168,,2026-03-09 06:05:54
518163,鮮花 - 大飛燕,90.0,HKD,"白色3支
白色5支
粉色3支
粉色5支
淺藍3支
淺藍5支
深藍3支
深藍5支
淺紫3支
淺紫5支",,"白色3支
白色5支
粉色3支
粉色5支
淺藍3支
淺藍5支
深藍3支
深藍5支
淺紫3支
淺紫5支",,廣州,,https://cms-static.cdn.91app.hk/images/original/67/410bf00c-2a34-46b8-84e7-71bbf6309319-1706089188-i345hgvyir_d.gif,,https://www.brighten.hk/SalePage/Index/518163,,2026-03-09 06:06:03
518160,單頭玫瑰 - 小喬,140.0,HKD,"10枝
20支",,"10枝
20支",,廣州,,https://cms-static.cdn.91app.hk/images/original/67/410bf00c-2a34-46b8-84e7-71bbf6309319-1706089188-i345hgvyir_d.gif,,https://www.brighten.hk/SalePage/Index/518160,,2026-03-09 06:06:11
518159,多頭玫瑰 - 心情,60.0,HKD,"3枝
5支
10支",,"3枝
5支
10支",,廣州,,https://cms-static.cdn.91app.hk/images/original/67/410bf00c-2a34-46b8-84e7-71bbf6309319-1706089188-i345hgvyir_d.gif,,https://www.brighten.hk/SalePage/Index/518159,,2026-03-09 06:06:18
518158,多頭玫瑰 - 薄荷茶,80.0,HKD,"3枝
5支
10支",,"3枝
5支
10支",,廣州,,https://cms-static.cdn.91app.hk/images/original/67/410bf00c-2a34-46b8-84e7-71bbf6309319-1706089188-i345hgvyir_d.gif,,https://www.brighten.hk/SalePage/Index/518158,,2026-03-09 06:06:25
518156,鮮花 -枸骨葉,50.0,HKD,,,,,廣州,,https://cms-static.cdn.91app.hk/images/original/67/410bf00c-2a34-46b8-84e7-71bbf6309319-1706089188-i345hgvyir_d.gif,,https://www.brighten.hk/SalePage/Index/518156,,2026-03-09 06:06:33
518153,非洲菊 - 蛋卷系列 -布拉格,50.0,HKD,,,,,廣州,,https://cms-static.cdn.91app.hk/images/original/67/410bf00c-2a34-46b8-84e7-71bbf6309319-1706089188-i345hgvyir_d.gif,,https://www.brighten.hk/SalePage/Index/518153,,2026-03-09 06:06:40
518152,非洲菊 - 巨型系列 -愛琴海,65.0,HKD,,,,,廣州,,https://cms-static.cdn.91app.hk/images/original/67/410bf00c-2a34-46b8-84e7-71bbf6309319-1706089188-i345hgvyir_d.gif,,https://www.brighten.hk/SalePage/Index/518152,,2026-03-09 06:06:48
518151,非洲菊 - 迷你系列 -櫻桃小丸子,50.0,HKD,,,,,廣州,,https://cms-static.cdn.91app.hk/images/original/67/410bf00c-2a34-46b8-84e7-71bbf6309319-1706089188-i345hgvyir_d.gif,,https://www.brighten.hk/SalePage/Index/518151,,2026-03-09 06:06:55
518150,非洲菊 - 空氣卷系列 -亞丁,50.0,HKD,,,,,廣州,,https://cms-static.cdn.91app.hk/images/original/67/410bf00c-2a34-46b8-84e7-71bbf6309319-1706089188-i345hgvyir_d.gif,,https://www.brighten.hk/SalePage/Index/518150,,2026-03-09 06:07:02
518149,非洲菊 - 迷你系列 -西西里,50.0,HKD,,,,,廣州,,https://cms-static.cdn.91app.hk/images/original/67/410bf00c-2a34-46b8-84e7-71bbf6309319-1706089188-i345hgvyir_d.gif,,https://www.brighten.hk/SalePage/Index/518149,,2026-03-09 06:07:10
518147,鮮花 -紅柳枝,75.0,HKD,,,,,廣州,,https://cms-static.cdn.91app.hk/images/original/67/410bf00c-2a34-46b8-84e7-71bbf6309319-1706089188-i345hgvyir_d.gif,,https://www.brighten.hk/SalePage/Index/518147,,2026-03-09 06:07:22
518146,鮮花 -一葉蘭,40.0,HKD,,,,,廣州,,https://cms-static.cdn.91app.hk/images/original/67/410bf00c-2a34-46b8-84e7-71bbf6309319-1706089188-i345hgvyir_d.gif,,https://www.brighten.hk/SalePage/Index/518146,,2026-03-09 06:07:31
518145,鮮花 -新菖蒲,45.0,HKD,,,,,廣州,,https://cms-static.cdn.91app.hk/images/original/67/410bf00c-2a34-46b8-84e7-71bbf6309319-1706089188-i345hgvyir_d.gif,,https://www.brighten.hk/SalePage/Index/518145,,2026-03-09 06:07:39
518144,鮮花 -黃楊葉,65.0,HKD,,,,,廣州,,https://cms-static.cdn.91app.hk/images/original/67/410bf00c-2a34-46b8-84e7-71bbf6309319-1706089188-i345hgvyir_d.gif,,https://www.brighten.hk/SalePage/Index/518144,,2026-03-09 06:07:48
518142,葉材 -清香木,65.0,HKD,,,,,廣州,,https://cms-static.cdn.91app.hk/images/original/67/410bf00c-2a34-46b8-84e7-71bbf6309319-1706089188-i345hgvyir_d.gif,,https://www.brighten.hk/SalePage/Index/518142,,2026-03-09 06:07:55
518141,鮮花 -萬年青,65.0,HKD,,,,,廣州,,https://cms-static.cdn.91app.hk/images/original/67/410bf00c-2a34-46b8-84e7-71bbf6309319-1706089188-i345hgvyir_d.gif,,https://www.brighten.hk/SalePage/Index/518141,,2026-03-09 06:08:02
518140,鮮花 -斑春蘭,55.0,HKD,,,,,廣州,,https://cms-static.cdn.91app.hk/images/original/67/410bf00c-2a34-46b8-84e7-71bbf6309319-1706089188-i345hgvyir_d.gif,,https://www.brighten.hk/SalePage/Index/518140,,2026-03-09 06:08:09
518139,鮮花 -春蘭葉,40.0,HKD,,,,,廣州,,https://cms-static.cdn.91app.hk/images/original/67/410bf00c-2a34-46b8-84e7-71bbf6309319-1706089188-i345hgvyir_d.gif,,https://www.brighten.hk/SalePage/Index/518139,,2026-03-09 06:08:16
518137,葉材 -天竺少女,55.0,HKD,,,,,廣州,,https://cms-static.cdn.91app.hk/images/original/67/410bf00c-2a34-46b8-84e7-71bbf6309319-1706089188-i345hgvyir_d.gif,,https://www.brighten.hk/SalePage/Index/518137,,2026-03-09 06:08:24
518132,鮮花 -紅葉石楠,65.0,HKD,,,,,廣州,,https://cms-static.cdn.91app.hk/images/original/67/410bf00c-2a34-46b8-84e7-71bbf6309319-1706089188-i345hgvyir_d.gif,,https://www.brighten.hk/SalePage/Index/518132,,2026-03-09 06:08:31
518121,鮮花 -南天竺,55.0,HKD,,,,,廣州,,https://cms-static.cdn.91app.hk/images/original/67/410bf00c-2a34-46b8-84e7-71bbf6309319-1706089188-i345hgvyir_d.gif,,https://www.brighten.hk/SalePage/Index/518121,,2026-03-09 06:08:38
518118,鮮花 -山蘇葉,45.0,HKD,,,,,廣州,,https://cms-static.cdn.91app.hk/images/original/67/410bf00c-2a34-46b8-84e7-71bbf6309319-1706089188-i345hgvyir_d.gif,,https://www.brighten.hk/SalePage/Index/518118,,2026-03-09 06:08:46
518117,鮮花 -情人果,55.0,HKD,,,,,廣州,,https://cms-static.cdn.91app.hk/images/original/67/410bf00c-2a34-46b8-84e7-71bbf6309319-1706089188-i345hgvyir_d.gif,,https://www.brighten.hk/SalePage/Index/518117,,2026-03-09 06:08:53
518116,鮮花 -瑪格麗特,120.0,HKD,,,,,廣州,,https://cms-static.cdn.91app.hk/images/original/67/410bf00c-2a34-46b8-84e7-71bbf6309319-1706089188-i345hgvyir_d.gif,,https://www.brighten.hk/SalePage/Index/518116,,2026-03-09 06:09:00
518115,鮮花 -油畫小菊,75.0,HKD,,,,,廣州,,https://cms-static.cdn.91app.hk/images/original/67/410bf00c-2a34-46b8-84e7-71bbf6309319-1706089188-i345hgvyir_d.gif,,https://www.brighten.hk/SalePage/Index/518115,,2026-03-09 06:09:08
518114,鮮花 -銀葉菊,40.0,HKD,,,,,廣州,,https://cms-static.cdn.91app.hk/images/original/67/410bf00c-2a34-46b8-84e7-71bbf6309319-1706089188-i345hgvyir_d.gif,,https://www.brighten.hk/SalePage/Index/518114,,2026-03-09 06:09:25
518113,鮮花 -孔雀草,110.0,HKD,,,,,廣州,,https://cms-static.cdn.91app.hk/images/original/67/410bf00c-2a34-46b8-84e7-71bbf6309319-1706089188-i345hgvyir_d.gif,,https://www.brighten.hk/SalePage/Index/518113,,2026-03-09 06:09:32
518110,鮮花 -菟葵,85.0,HKD,,,,,廣州,,https://cms-static.cdn.91app.hk/images/original/67/410bf00c-2a34-46b8-84e7-71bbf6309319-1706089188-i345hgvyir_d.gif,,https://www.brighten.hk/SalePage/Index/518110,,2026-03-09 06:09:42
518108,鮮花 -柔絲,80.0,HKD,,,,,廣州,,https://cms-static.cdn.91app.hk/images/original/67/410bf00c-2a34-46b8-84e7-71bbf6309319-1706089188-i345hgvyir_d.gif,,https://www.brighten.hk/SalePage/Index/518108,,2026-03-09 06:09:51
518107,鮮花 -復古蕾絲,45.0,HKD,,,,,廣州,,https://cms-static.cdn.91app.hk/images/original/67/410bf00c-2a34-46b8-84e7-71bbf6309319-1706089188-i345hgvyir_d.gif,,https://www.brighten.hk/SalePage/Index/518107,,2026-03-09 06:10:00
518104,鮮花 -商陸,50.0,HKD,,,,,廣州,,https://cms-static.cdn.91app.hk/images/original/67/410bf00c-2a34-46b8-84e7-71bbf6309319-1706089188-i345hgvyir_d.gif,,https://www.brighten.hk/SalePage/Index/518104,,2026-03-09 06:10:07
518098,非洲菊 - 重瓣系列 -姑蘇,55.0,HKD,,,,,廣州,,https://cms-static.cdn.91app.hk/images/original/67/410bf00c-2a34-46b8-84e7-71bbf6309319-1706089188-i345hgvyir_d.gif,,https://www.brighten.hk/SalePage/Index/518098,,2026-03-09 06:10:15
518097,廣州非洲菊 - 迷你系列 -聖托里尼,80.0,HKD,,,,,廣州,,https://cms-static.cdn.91app.hk/images/original/67/410bf00c-2a34-46b8-84e7-71bbf6309319-1706089188-i345hgvyir_d.gif,,https://www.brighten.hk/SalePage/Index/518097,,2026-03-09 06:10:27
517835,非洲菊 - 迷你系列 -都靈,55.0,HKD,,,,,廣州,,https://cms-static.cdn.91app.hk/images/original/67/410bf00c-2a34-46b8-84e7-71bbf6309319-1706089188-i345hgvyir_d.gif,,https://www.brighten.hk/SalePage/Index/517835,,2026-03-09 06:10:34
517750,非洲菊 - 迷你系列 -沙華,85.0,HKD,,,,,廣州,,https://cms-static.cdn.91app.hk/images/original/67/410bf00c-2a34-46b8-84e7-71bbf6309319-1706089188-i345hgvyir_d.gif,,https://www.brighten.hk/SalePage/Index/517750,,2026-03-09 06:10:41
517748,非洲菊 - 迷你系列 -悉尼,55.0,HKD,,,,,廣州,,https://cms-static.cdn.91app.hk/images/original/67/410bf00c-2a34-46b8-84e7-71bbf6309319-1706089188-i345hgvyir_d.gif,,https://www.brighten.hk/SalePage/Index/517748,,2026-03-09 06:10:48
517693,非洲菊 - 重瓣系列 -愛爾蘭,55.0,HKD,,,,,廣州,,https://cms-static.cdn.91app.hk/images/original/67/410bf00c-2a34-46b8-84e7-71bbf6309319-1706089188-i345hgvyir_d.gif,,https://www.brighten.hk/SalePage/Index/517693,,2026-03-09 06:10:58
517684,多頭玫瑰 - 萊拉,70.0,HKD,"3枝
5支
10支",,"3枝
5支
10支",,廣州,,https://cms-static.cdn.91app.hk/images/original/67/410bf00c-2a34-46b8-84e7-71bbf6309319-1706089188-i345hgvyir_d.gif,,https://www.brighten.hk/SalePage/Index/517684,,2026-03-09 06:11:08
517681,多頭玫瑰 - 紅蕾絲,75.0,HKD,"3枝
5支
10支",,"3枝
5支
10支",,廣州,,https://cms-static.cdn.91app.hk/images/original/67/410bf00c-2a34-46b8-84e7-71bbf6309319-1706089188-i345hgvyir_d.gif,,https://www.brighten.hk/SalePage/Index/517681,,2026-03-09 06:11:16
517679,多頭玫瑰 - 仙子之吻,115.0,HKD,"3枝
5支
10支",,"3枝
5支
10支",,廣州,,https://cms-static.cdn.91app.hk/images/original/67/410bf00c-2a34-46b8-84e7-71bbf6309319-1706089188-i345hgvyir_d.gif,,https://www.brighten.hk/SalePage/Index/517679,,2026-03-09 06:11:23
517678,多頭玫瑰 - 猩紅泡泡,90.0,HKD,"3枝
5支
10支",,"3枝
5支
10支",,廣州,,https://cms-static.cdn.91app.hk/images/original/67/410bf00c-2a34-46b8-84e7-71bbf6309319-1706089188-i345hgvyir_d.gif,,https://www.brighten.hk/SalePage/Index/517678,,2026-03-09 06:11:35
517676,多頭玫瑰 - 米奇,70.0,HKD,"3枝
5支
10支",,"3枝
5支
10支",,廣州,,https://cms-static.cdn.91app.hk/images/original/67/410bf00c-2a34-46b8-84e7-71bbf6309319-1706089188-i345hgvyir_d.gif,,https://www.brighten.hk/SalePage/Index/517676,,2026-03-09 06:11:44
517675,多頭玫瑰 - 諾拉,70.0,HKD,"3枝
5支
10支",,"3枝
5支
10支",,廣州,,https://cms-static.cdn.91app.hk/images/original/67/410bf00c-2a34-46b8-84e7-71bbf6309319-1706089188-i345hgvyir_d.gif,,https://www.brighten.hk/SalePage/Index/517675,,2026-03-09 06:11:52
517674,多頭玫瑰 - 白泡泡,90.0,HKD,"3枝
5支
10支",,"3枝
5支
10支",,廣州,,https://cms-static.cdn.91app.hk/images/original/67/410bf00c-2a34-46b8-84e7-71bbf6309319-1706089188-i345hgvyir_d.gif,,https://www.brighten.hk/SalePage/Index/517674,,2026-03-09 06:11:59
517672,多頭玫瑰 - 小可愛,70.0,HKD,"3枝
5支
10支",,"3枝
5支
10支",,廣州,,https://cms-static.cdn.91app.hk/images/original/67/410bf00c-2a34-46b8-84e7-71bbf6309319-1706089188-i345hgvyir_d.gif,,https://www.brighten.hk/SalePage/Index/517672,,2026-03-09 06:12:07
517670,多頭玫瑰 - 牛油果,90.0,HKD,"3枝
5支
10支",,"3枝
5支
10支",,廣州,,https://cms-static.cdn.91app.hk/images/original/67/410bf00c-2a34-46b8-84e7-71bbf6309319-1706089188-i345hgvyir_d.gif,,https://www.brighten.hk/SalePage/Index/517670,,2026-03-09 06:12:14
517669,多頭玫瑰 - 高盛,80.0,HKD,"3枝
5支
10支",,"3枝
5支
10支",,廣州,,https://cms-static.cdn.91app.hk/images/original/67/410bf00c-2a34-46b8-84e7-71bbf6309319-1706089188-i345hgvyir_d.gif,,https://www.brighten.hk/SalePage/Index/517669,,2026-03-09 06:12:22
517667,多頭玫瑰 - 人魚公主,100.0,HKD,"3枝
5支
10支",,"3枝
5支
10支",,廣州,,https://cms-static.cdn.91app.hk/images/original/67/410bf00c-2a34-46b8-84e7-71bbf6309319-1706089188-i345hgvyir_d.gif,,https://www.brighten.hk/SalePage/Index/517667,,2026-03-09 06:12:29
517665,多頭玫瑰 - 朱麗葉塔,80.0,HKD,"3枝
5支
10支",,"3枝
5支
10支",,廣州,,https://cms-static.cdn.91app.hk/images/original/67/410bf00c-2a34-46b8-84e7-71bbf6309319-1706089188-i345hgvyir_d.gif,,https://www.brighten.hk/SalePage/Index/517665,,2026-03-09 06:12:36
517663,多頭玫瑰 - 情迷羅拉,80.0,HKD,"3枝
5支
10支",,"3枝
5支
10支",,廣州,,https://cms-static.cdn.91app.hk/images/original/67/410bf00c-2a34-46b8-84e7-71bbf6309319-1706089188-i345hgvyir_d.gif,,https://www.brighten.hk/SalePage/Index/517663,,2026-03-09 06:12:45
517662,多頭玫瑰 - 卡布奇諾,55.0,HKD,"3枝
5支
10支",,"3枝
5支
10支",,廣州,,https://cms-static.cdn.91app.hk/images/original/67/410bf00c-2a34-46b8-84e7-71bbf6309319-1706089188-i345hgvyir_d.gif,,https://www.brighten.hk/SalePage/Index/517662,,2026-03-09 06:12:53
517660,多頭玫瑰 - 草莓杏仁餅,80.0,HKD,"3枝
5支
10支",,"3枝
5支
10支",,廣州,,https://cms-static.cdn.91app.hk/images/original/67/410bf00c-2a34-46b8-84e7-71bbf6309319-1706089188-i345hgvyir_d.gif,,https://www.brighten.hk/SalePage/Index/517660,,2026-03-09 06:13:00
517659,多頭玫瑰 - 粉色拉拉隊,80.0,HKD,"3枝
5支
10支",,"3枝
5支
10支",,廣州,,https://cms-static.cdn.91app.hk/images/original/67/410bf00c-2a34-46b8-84e7-71bbf6309319-1706089188-i345hgvyir_d.gif,,https://www.brighten.hk/SalePage/Index/517659,,2026-03-09 06:13:08
517656,多頭玫瑰 - 康斯坦茨,70.0,HKD,"3枝
5支
10支",,"3枝
5支
10支",,廣州,,https://cms-static.cdn.91app.hk/images/original/67/410bf00c-2a34-46b8-84e7-71bbf6309319-1706089188-i345hgvyir_d.gif,,https://www.brighten.hk/SalePage/Index/517656,,2026-03-09 06:13:15
517654,多頭玫瑰 - 大富貴,90.0,HKD,"3枝
5支
10支",,"3枝
5支
10支",,廣州,,https://cms-static.cdn.91app.hk/images/original/67/410bf00c-2a34-46b8-84e7-71bbf6309319-1706089188-i345hgvyir_d.gif,,https://www.brighten.hk/SalePage/Index/517654,,2026-03-09 06:13:26
517653,單頭玫瑰 -凱莉,145.0,HKD,"10枝
20支",,"10枝
20支",,廣州,,https://cms-static.cdn.91app.hk/images/original/67/410bf00c-2a34-46b8-84e7-71bbf6309319-1706089188-i345hgvyir_d.gif,,https://www.brighten.hk/SalePage/Index/517653,,2026-03-09 06:13:34
517652,單頭玫瑰 -苔絲,145.0,HKD,"10枝
20支",,"10枝
20支",,廣州,,https://cms-static.cdn.91app.hk/images/original/67/410bf00c-2a34-46b8-84e7-71bbf6309319-1706089188-i345hgvyir_d.gif,,https://www.brighten.hk/SalePage/Index/517652,,2026-03-09 06:13:42
517651,單頭玫瑰 -歡樂頌,140.0,HKD,"10枝
20支",,"10枝
20支",,廣州,,https://cms-static.cdn.91app.hk/images/original/67/410bf00c-2a34-46b8-84e7-71bbf6309319-1706089188-i345hgvyir_d.gif,,https://www.brighten.hk/SalePage/Index/517651,,2026-03-09 06:13:49
517650,單頭玫瑰 -維多利亞粉,145.0,HKD,"10枝
20支",,"10枝
20支",,廣州,,https://cms-static.cdn.91app.hk/images/original/67/410bf00c-2a34-46b8-84e7-71bbf6309319-1706089188-i345hgvyir_d.gif,,https://www.brighten.hk/SalePage/Index/517650,,2026-03-09 06:13:56
517649,單頭玫瑰 -莫泊,140.0,HKD,"10枝
20支",,"10枝
20支",,廣州,,https://cms-static.cdn.91app.hk/images/original/67/410bf00c-2a34-46b8-84e7-71bbf6309319-1706089188-i345hgvyir_d.gif,,https://www.brighten.hk/SalePage/Index/517649,,2026-03-09 06:14:03
517647,單頭玫瑰 -長相思,120.0,HKD,"10枝
20支",,"10枝
20支",,廣州,,https://cms-static.cdn.91app.hk/images/original/67/410bf00c-2a34-46b8-84e7-71bbf6309319-1706089188-i345hgvyir_d.gif,,https://www.brighten.hk/SalePage/Index/517647,,2026-03-09 06:14:11
517646,單頭玫瑰 -達西,145.0,HKD,"10枝
20支",,"10枝
20支",,廣州,,https://cms-static.cdn.91app.hk/images/original/67/410bf00c-2a34-46b8-84e7-71bbf6309319-1706089188-i345hgvyir_d.gif,,https://www.brighten.hk/SalePage/Index/517646,,2026-03-09 06:14:20
517644,單頭玫瑰 -流沙,140.0,HKD,"10枝
20支",,"10枝
20支",,廣州,,https://cms-static.cdn.91app.hk/images/original/67/410bf00c-2a34-46b8-84e7-71bbf6309319-1706089188-i345hgvyir_d.gif,,https://www.brighten.hk/SalePage/Index/517644,,2026-03-09 06:14:27
517641,單頭玫瑰 -草莓杏仁餅,145.0,HKD,,,,,,,https://cms-static.cdn.91app.hk/images/original/67/410bf00c-2a34-46b8-84e7-71bbf6309319-1706089188-i345hgvyir_d.gif,,https://www.brighten.hk/SalePage/Index/517641,,2026-03-09 06:14:34
517640,單頭玫瑰 -凱拉,140.0,HKD,"10枝
20支",,"10枝
20支",,廣州,,https://cms-static.cdn.91app.hk/images/original/67/410bf00c-2a34-46b8-84e7-71bbf6309319-1706089188-i345hgvyir_d.gif,,https://www.brighten.hk/SalePage/Index/517640,,2026-03-09 06:14:43
517638,單頭玫瑰 -微光,120.0,HKD,"10枝
20支",,"10枝
20支",,廣州,,https://cms-static.cdn.91app.hk/images/original/67/410bf00c-2a34-46b8-84e7-71bbf6309319-1706089188-i345hgvyir_d.gif,,https://www.brighten.hk/SalePage/Index/517638,,2026-03-09 06:14:50
517637,單頭玫瑰 -雙魚座,145.0,HKD,"10枝
20支",,"10枝
20支",,廣州,,https://cms-static.cdn.91app.hk/images/original/67/410bf00c-2a34-46b8-84e7-71bbf6309319-1706089188-i345hgvyir_d.gif,,https://www.brighten.hk/SalePage/Index/517637,,2026-03-09 06:14:59
517636,單頭玫瑰 -粉愛神,145.0,HKD,"10枝
20支",,"10枝
20支",,廣州,,https://cms-static.cdn.91app.hk/images/original/67/410bf00c-2a34-46b8-84e7-71bbf6309319-1706089188-i345hgvyir_d.gif,,https://www.brighten.hk/SalePage/Index/517636,,2026-03-09 06:15:07
517635,單頭玫瑰 -小粉兔,120.0,HKD,"10枝
20支",,"10枝
20支",,廣州,,https://cms-static.cdn.91app.hk/images/original/67/410bf00c-2a34-46b8-84e7-71bbf6309319-1706089188-i345hgvyir_d.gif,,https://www.brighten.hk/SalePage/Index/517635,,2026-03-09 06:15:13
517634,單頭玫瑰 -白荔枝,140.0,HKD,"10枝
20支",,"10枝
20支",,廣州,,https://cms-static.cdn.91app.hk/images/original/67/410bf00c-2a34-46b8-84e7-71bbf6309319-1706089188-i345hgvyir_d.gif,,https://www.brighten.hk/SalePage/Index/517634,,2026-03-09 06:15:22
517633,單頭玫瑰 -奶油杯,120.0,HKD,"10枝
20支",,"10枝
20支",,廣州,,https://cms-static.cdn.91app.hk/images/original/67/410bf00c-2a34-46b8-84e7-71bbf6309319-1706089188-i345hgvyir_d.gif,,https://www.brighten.hk/SalePage/Index/517633,,2026-03-09 06:15:29
517632,單頭玫瑰 -國王日,145.0,HKD,"10枝
20支",,"10枝
20支",,廣州,,https://cms-static.cdn.91app.hk/images/original/67/410bf00c-2a34-46b8-84e7-71bbf6309319-1706089188-i345hgvyir_d.gif,,https://www.brighten.hk/SalePage/Index/517632,,2026-03-09 06:15:36
517630,單頭玫瑰 -紫霞仙子,140.0,HKD,"10枝
20支",,"10枝
20支",,廣州,,https://cms-static.cdn.91app.hk/images/original/67/410bf00c-2a34-46b8-84e7-71bbf6309319-1706089188-i345hgvyir_d.gif,,https://www.brighten.hk/SalePage/Index/517630,,2026-03-09 06:15:44
517629,單頭玫瑰 -海洋之歌,140.0,HKD,"10枝
20支",,"10枝
20支",,廣州,,https://cms-static.cdn.91app.hk/images/original/67/410bf00c-2a34-46b8-84e7-71bbf6309319-1706089188-i345hgvyir_d.gif,,https://www.brighten.hk/SalePage/Index/517629,,2026-03-09 06:15:52
517628,單頭玫瑰 -雅致,140.0,HKD,"10枝
20支",,"10枝
20支",,廣州,,https://cms-static.cdn.91app.hk/images/original/67/410bf00c-2a34-46b8-84e7-71bbf6309319-1706089188-i345hgvyir_d.gif,,https://www.brighten.hk/SalePage/Index/517628,,2026-03-09 06:15:59
517627,單頭玫瑰 -凱瑟琳,140.0,HKD,"10枝
20支",,"10枝
20支",,廣州,,https://cms-static.cdn.91app.hk/images/original/67/410bf00c-2a34-46b8-84e7-71bbf6309319-1706089188-i345hgvyir_d.gif,,https://www.brighten.hk/SalePage/Index/517627,,2026-03-09 06:16:07
517625,單頭玫瑰 -粉梅拉,120.0,HKD,"10枝
20支",,"10枝
20支",,廣州,,https://cms-static.cdn.91app.hk/images/original/67/410bf00c-2a34-46b8-84e7-71bbf6309319-1706089188-i345hgvyir_d.gif,,https://www.brighten.hk/SalePage/Index/517625,,2026-03-09 06:16:14
517623,葉材 - 小天使,45.0,HKD,,,,,廣州,,https://cms-static.cdn.91app.hk/images/original/67/410bf00c-2a34-46b8-84e7-71bbf6309319-1706089188-i345hgvyir_d.gif,,https://www.brighten.hk/SalePage/Index/517623,,2026-03-09 06:16:21
517616,鮮花 - 大理花（可選色）,95.0,HKD,,,,,廣州,,https://cms-static.cdn.91app.hk/images/original/67/410bf00c-2a34-46b8-84e7-71bbf6309319-1706089188-i345hgvyir_d.gif,,https://www.brighten.hk/SalePage/Index/517616,,2026-03-09 06:16:28
517615,鮮花 - 蕾絲,80.0,HKD,,,,,廣州,,https://cms-static.cdn.91app.hk/images/original/67/410bf00c-2a34-46b8-84e7-71bbf6309319-1706089188-i345hgvyir_d.gif,,https://www.brighten.hk/SalePage/Index/517615,,2026-03-09 06:16:36
517613,鮮花 - 多頭鳳尾,60.0,HKD,,,,,廣州,,https://cms-static.cdn.91app.hk/images/original/67/410bf00c-2a34-46b8-84e7-71bbf6309319-1706089188-i345hgvyir_d.gif,,https://www.brighten.hk/SalePage/Index/517613,,2026-03-09 06:16:47
517611,鮮花 - 公主,150.0,HKD,,,,,廣州,,https://cms-static.cdn.91app.hk/images/original/67/410bf00c-2a34-46b8-84e7-71bbf6309319-1706089188-i345hgvyir_d.gif,,https://www.brighten.hk/SalePage/Index/517611,,2026-03-09 06:16:54
517610,鮮花 - 百合木,55.0,HKD,,,,,廣州,,https://cms-static.cdn.91app.hk/images/original/67/410bf00c-2a34-46b8-84e7-71bbf6309319-1706089188-i345hgvyir_d.gif,,https://www.brighten.hk/SalePage/Index/517610,,2026-03-09 06:17:01
517608,鮮花 - 牡丹菊（吸色）可選色,110.0,HKD,,,,,廣州,,https://cms-static.cdn.91app.hk/images/original/67/410bf00c-2a34-46b8-84e7-71bbf6309319-1706089188-i345hgvyir_d.gif,,https://www.brighten.hk/SalePage/Index/517608,,2026-03-09 06:17:09
517319,鮮花 - 單頭千日紅,55.0,HKD,,,,,廣州,,https://cms-static.cdn.91app.hk/images/original/67/410bf00c-2a34-46b8-84e7-71bbf6309319-1706089188-i345hgvyir_d.gif,,https://www.brighten.hk/SalePage/Index/517319,,2026-03-09 06:17:16
517312,煙花菊（針墊花）,75.0,HKD,,,,,廣州,,https://cms-static.cdn.91app.hk/images/original/67/410bf00c-2a34-46b8-84e7-71bbf6309319-1706089188-i345hgvyir_d.gif,,https://www.brighten.hk/SalePage/Index/517312,,2026-03-09 06:17:25
517308,多頭玫瑰 - 杏色啦啦隊,80.0,HKD,"3枝
5支
10支",,"3枝
5支
10支",,廣州,,https://cms-static.cdn.91app.hk/images/original/67/410bf00c-2a34-46b8-84e7-71bbf6309319-1706089188-i345hgvyir_d.gif,,https://www.brighten.hk/SalePage/Index/517308,,2026-03-09 06:17:32
517307,多頭玫瑰 - 星悅寶貝,80.0,HKD,"3枝
5支
10支",,"3枝
5支
10支",,廣州,,https://cms-static.cdn.91app.hk/images/original/67/410bf00c-2a34-46b8-84e7-71bbf6309319-1706089188-i345hgvyir_d.gif,,https://www.brighten.hk/SalePage/Index/517307,,2026-03-09 06:17:41
517306,多頭玫瑰 - 夢幻芭芘,70.0,HKD,"3枝
5支
10支",,"3枝
5支
10支",,廣州,,https://cms-static.cdn.91app.hk/images/original/67/410bf00c-2a34-46b8-84e7-71bbf6309319-1706089188-i345hgvyir_d.gif,,https://www.brighten.hk/SalePage/Index/517306,,2026-03-09 06:17:49
517305,多頭玫瑰 - 果汁陽臺,80.0,HKD,"3枝
5支
10支",,"3枝
5支
10支",,廣州,,https://cms-static.cdn.91app.hk/images/original/67/410bf00c-2a34-46b8-84e7-71bbf6309319-1706089188-i345hgvyir_d.gif,,https://www.brighten.hk/SalePage/Index/517305,,2026-03-09 06:17:56
517304,多頭玫瑰 - 巧克力泡泡,70.0,HKD,"3枝
5支
10支",,"3枝
5支
10支",,廣州,,https://cms-static.cdn.91app.hk/images/original/67/410bf00c-2a34-46b8-84e7-71bbf6309319-1706089188-i345hgvyir_d.gif,,https://www.brighten.hk/SalePage/Index/517304,,2026-03-09 06:18:04
517301,單頭玫瑰 -洛神,120.0,HKD,"10枝
20支",,"10枝
20支",,廣州,,https://cms-static.cdn.91app.hk/images/original/67/410bf00c-2a34-46b8-84e7-71bbf6309319-1706089188-i345hgvyir_d.gif,,https://www.brighten.hk/SalePage/Index/517301,,2026-03-09 06:18:11
517300,單頭玫瑰 -弗洛伊德,140.0,HKD,"10枝
20支",,"10枝
20支",,廣州,,https://cms-static.cdn.91app.hk/images/original/67/410bf00c-2a34-46b8-84e7-71bbf6309319-1706089188-i345hgvyir_d.gif,,https://www.brighten.hk/SalePage/Index/517300,,2026-03-09 06:18:18
517299,單頭玫瑰 -氣場,120.0,HKD,"10枝
20支",,"10枝
20支",,廣州,,https://cms-static.cdn.91app.hk/images/original/67/410bf00c-2a34-46b8-84e7-71bbf6309319-1706089188-i345hgvyir_d.gif,,https://www.brighten.hk/SalePage/Index/517299,,2026-03-09 06:18:25
517298,單頭玫瑰 -蔓塔,120.0,HKD,"10枝
20支",,"10枝
20支",,廣州,,https://cms-static.cdn.91app.hk/images/original/67/410bf00c-2a34-46b8-84e7-71bbf6309319-1706089188-i345hgvyir_d.gif,,https://www.brighten.hk/SalePage/Index/517298,,2026-03-09 06:18:34
517297,單頭玫瑰 -金枝玉葉,140.0,HKD,"10枝
20支",,"10枝
20支",,廣州,,https://cms-static.cdn.91app.hk/images/original/67/410bf00c-2a34-46b8-84e7-71bbf6309319-1706089188-i345hgvyir_d.gif,,https://www.brighten.hk/SalePage/Index/517297,,2026-03-09 06:18:42
517293,兩頭百合 單辦 ——品種隨機黃色,46.0,HKD,"2支
5支
10支",,"2支
5支
10支",,廣州,,https://cms-static.cdn.91app.hk/images/original/67/410bf00c-2a34-46b8-84e7-71bbf6309319-1706089188-i345hgvyir_d.gif,,https://www.brighten.hk/SalePage/Index/517293,,2026-03-09 06:18:56
517292,三頭百合 單辦 ——品種隨機黃色,54.0,HKD,"2支
5支
10支",,"2支
5支
10支",,廣州,,https://cms-static.cdn.91app.hk/images/original/67/410bf00c-2a34-46b8-84e7-71bbf6309319-1706089188-i345hgvyir_d.gif,,https://www.brighten.hk/SalePage/Index/517292,,2026-03-09 06:19:03
517291,兩頭百合 單辦 ——品種隨機白色,46.0,HKD,"2支
5支
10支",,"2支
5支
10支",,廣州,,https://cms-static.cdn.91app.hk/images/original/67/410bf00c-2a34-46b8-84e7-71bbf6309319-1706089188-i345hgvyir_d.gif,,https://www.brighten.hk/SalePage/Index/517291,,2026-03-09 06:19:10
517289,三頭百合 單辦 ——品種隨機白色,54.0,HKD,"2支
5支
10支",,"2支
5支
10支",,廣州,,https://cms-static.cdn.91app.hk/images/original/67/410bf00c-2a34-46b8-84e7-71bbf6309319-1706089188-i345hgvyir_d.gif,,https://www.brighten.hk/SalePage/Index/517289,,2026-03-09 06:19:17
517288,兩頭百合 單辦 ——品種隨機粉色,46.0,HKD,"2支
5支
10支",,"2支
5支
10支",,廣州,,https://cms-static.cdn.91app.hk/images/original/67/410bf00c-2a34-46b8-84e7-71bbf6309319-1706089188-i345hgvyir_d.gif,,https://www.brighten.hk/SalePage/Index/517288,,2026-03-09 06:19:24
517287,三頭百合 單辦 ——品種隨機粉色,54.0,HKD,"2支
5支
10支",,"2支
5支
10支",,廣州,,https://cms-static.cdn.91app.hk/images/original/67/410bf00c-2a34-46b8-84e7-71bbf6309319-1706089188-i345hgvyir_d.gif,,https://www.brighten.hk/SalePage/Index/517287,,2026-03-09 06:19:33
517284,葉類 -金邊百合竹,85.0,HKD,,,,,廣州,,https://cms-static.cdn.91app.hk/images/original/67/410bf00c-2a34-46b8-84e7-71bbf6309319-1706089188-i345hgvyir_d.gif,,https://www.brighten.hk/SalePage/Index/517284,,2026-03-09 06:19:40
517283,三頭百合 重辦 ——品種隨機白色,80.0,HKD,"2支
5支
10支",,"2支
5支
10支",,廣州,,https://cms-static.cdn.91app.hk/images/original/67/410bf00c-2a34-46b8-84e7-71bbf6309319-1706089188-i345hgvyir_d.gif,,https://www.brighten.hk/SalePage/Index/517283,,2026-03-09 06:19:48
517282,三頭百合 重辦 ——品種隨機粉色,90.0,HKD,"2支
5支
10支",,"2支
5支
10支",,廣州,,https://cms-static.cdn.91app.hk/images/original/67/410bf00c-2a34-46b8-84e7-71bbf6309319-1706089188-i345hgvyir_d.gif,,https://www.brighten.hk/SalePage/Index/517282,,2026-03-09 06:19:55
517281,多頭百合 重辦 ——品種隨機粉色,70.0,HKD,"2支
5支
10支",,"2支
5支
10支",,廣州,,https://cms-static.cdn.91app.hk/images/original/67/410bf00c-2a34-46b8-84e7-71bbf6309319-1706089188-i345hgvyir_d.gif,,https://www.brighten.hk/SalePage/Index/517281,,2026-03-09 06:20:04
517280,多頭百合 重辦 ——品種隨機白色,70.0,HKD,"2支
5支
10支",,"2支
5支
10支",,廣州,,https://cms-static.cdn.91app.hk/images/original/67/410bf00c-2a34-46b8-84e7-71bbf6309319-1706089188-i345hgvyir_d.gif,,https://www.brighten.hk/SalePage/Index/517280,,2026-03-09 06:20:11
517279,葉類 -魚尾葉,40.0,HKD,,,,,廣州,,https://cms-static.cdn.91app.hk/images/original/67/410bf00c-2a34-46b8-84e7-71bbf6309319-1706089188-i345hgvyir_d.gif,,https://www.brighten.hk/SalePage/Index/517279,,2026-03-09 06:20:18
517276,多頭百合 單辦 ——品種隨機粉色,70.0,HKD,"2支
5支
10支",,"2支
5支
10支",,廣州,,https://cms-static.cdn.91app.hk/images/original/67/410bf00c-2a34-46b8-84e7-71bbf6309319-1706089188-i345hgvyir_d.gif,,https://www.brighten.hk/SalePage/Index/517276,,2026-03-09 06:20:41
517274,多頭百合 單辦 ——品種隨機黃色,70.0,HKD,"2支
5支
10支",,"2支
5支
10支",,廣州,,https://cms-static.cdn.91app.hk/images/original/67/410bf00c-2a34-46b8-84e7-71bbf6309319-1706089188-i345hgvyir_d.gif,,https://www.brighten.hk/SalePage/Index/517274,,2026-03-09 06:20:49
517273,多頭百合 單辦 ——品種隨機白色,70.0,HKD,"2支
5支
10支",,"2支
5支
10支",,廣州,,https://cms-static.cdn.91app.hk/images/original/67/410bf00c-2a34-46b8-84e7-71bbf6309319-1706089188-i345hgvyir_d.gif,,https://www.brighten.hk/SalePage/Index/517273,,2026-03-09 06:20:57
517261,配花 - 多頭千日紅,55.0,HKD,,,,,廣州,,https://cms-static.cdn.91app.hk/images/original/67/410bf00c-2a34-46b8-84e7-71bbf6309319-1706089188-i345hgvyir_d.gif,,https://www.brighten.hk/SalePage/Index/517261,,2026-03-09 06:21:04
517257,龍柳,75.0,HKD,,,,,廣州,,https://cms-static.cdn.91app.hk/images/original/67/410bf00c-2a34-46b8-84e7-71bbf6309319-1706089188-i345hgvyir_d.gif,,https://www.brighten.hk/SalePage/Index/517257,,2026-03-09 06:21:11
517256,玉蘭枝 約1m,120.0,HKD,,,,,廣州,,https://cms-static.cdn.91app.hk/images/original/67/410bf00c-2a34-46b8-84e7-71bbf6309319-1706089188-i345hgvyir_d.gif,,https://www.brighten.hk/SalePage/Index/517256,,2026-03-09 06:21:19
517252,單頭玫瑰 - 豬豬小姐,120.0,HKD,"10枝
20支",,"10枝
20支",,廣州,,https://cms-static.cdn.91app.hk/images/original/67/410bf00c-2a34-46b8-84e7-71bbf6309319-1706089188-i345hgvyir_d.gif,,https://www.brighten.hk/SalePage/Index/517252,,2026-03-09 06:21:26
517251,鮮花 - 唐菖蒲（劍蘭）-白色,90.0,HKD,,,,,廣州,,https://cms-static.cdn.91app.hk/images/original/67/410bf00c-2a34-46b8-84e7-71bbf6309319-1706089188-i345hgvyir_d.gif,,https://www.brighten.hk/SalePage/Index/517251,,2026-03-09 06:21:34
516946,鮮花 - 唐菖蒲（劍蘭）-黃色,90.0,HKD,,,,,,,https://cms-static.cdn.91app.hk/images/original/67/410bf00c-2a34-46b8-84e7-71bbf6309319-1706089188-i345hgvyir_d.gif,,https://www.brighten.hk/SalePage/Index/516946,,2026-03-09 06:21:41
516917,多頭玫瑰 - 折射,70.0,HKD,"3枝
5支
10支",,"3枝
5支
10支",,廣州,,https://cms-static.cdn.91app.hk/images/original/67/410bf00c-2a34-46b8-84e7-71bbf6309319-1706089188-i345hgvyir_d.gif,,https://www.brighten.hk/SalePage/Index/516917,,2026-03-09 06:21:48
516915,葉材- 八角金盤,55.0,HKD,,,,,廣州,,https://cms-static.cdn.91app.hk/images/original/67/410bf00c-2a34-46b8-84e7-71bbf6309319-1706089188-i345hgvyir_d.gif,,https://www.brighten.hk/SalePage/Index/516915,,2026-03-09 06:21:55
516912,單頭玫瑰 - 荔枝,140.0,HKD,"10枝
20支",,"10枝
20支",,廣州,,https://cms-static.cdn.91app.hk/images/original/67/410bf00c-2a34-46b8-84e7-71bbf6309319-1706089188-i345hgvyir_d.gif,,https://www.brighten.hk/SalePage/Index/516912,,2026-03-09 06:22:02
516903,配花 - 重瓣 洋甘菊,45.0,HKD,"5枝
10枝",,"5枝
10枝",,廣州,,https://cms-static.cdn.91app.hk/images/original/67/410bf00c-2a34-46b8-84e7-71bbf6309319-1706089188-i345hgvyir_d.gif,,https://www.brighten.hk/SalePage/Index/516903,,2026-03-09 06:22:09
516895,鮮花 - 天鵝絨,80.0,HKD,,,,,廣州,,https://cms-static.cdn.91app.hk/images/original/67/410bf00c-2a34-46b8-84e7-71bbf6309319-1706089188-i345hgvyir_d.gif,,https://www.brighten.hk/SalePage/Index/516895,,2026-03-09 06:22:16
516892,鮮花 - 較剪蘭（香雪蘭）,75.0,HKD,,,,,廣州,,https://cms-static.cdn.91app.hk/images/original/67/410bf00c-2a34-46b8-84e7-71bbf6309319-1706089188-i345hgvyir_d.gif,,https://www.brighten.hk/SalePage/Index/516892,,2026-03-09 06:22:23
516890,商品 516890,,HKD,,,,,,,https://cms-static.cdn.91app.hk/images/original/67/410bf00c-2a34-46b8-84e7-71bbf6309319-1706089188-i345hgvyir_d.gif,,https://www.brighten.hk/SalePage/Index/516890,,2026-03-09 06:22:31
516875,富貴竹,65.0,HKD,,,,,廣州,,https://cms-static.cdn.91app.hk/images/original/67/410bf00c-2a34-46b8-84e7-71bbf6309319-1706089188-i345hgvyir_d.gif,,https://www.brighten.hk/SalePage/Index/516875,,2026-03-09 06:22:37
516871,鮮花 - 雪柳（重瓣/單辦）,50.0,HKD,,,,,廣州,,https://cms-static.cdn.91app.hk/images/original/67/410bf00c-2a34-46b8-84e7-71bbf6309319-1706089188-i345hgvyir_d.gif,,https://www.brighten.hk/SalePage/Index/516871,,2026-03-09 06:22:44
516855,鮮花 - 葉牡丹,45.0,HKD,,,,,廣州,,https://cms-static.cdn.91app.hk/images/original/67/410bf00c-2a34-46b8-84e7-71bbf6309319-1706089188-i345hgvyir_d.gif,,https://www.brighten.hk/SalePage/Index/516855,,2026-03-09 06:22:51
516850,鮮花 - 鳶尾,85.0,HKD,,,,,廣州,,https://cms-static.cdn.91app.hk/images/original/67/410bf00c-2a34-46b8-84e7-71bbf6309319-1706089188-i345hgvyir_d.gif,,https://www.brighten.hk/SalePage/Index/516850,,2026-03-09 06:22:58
516848,鮮花 - 水仙百合,55.0,HKD,,,,,廣州,,https://cms-static.cdn.91app.hk/images/original/67/410bf00c-2a34-46b8-84e7-71bbf6309319-1706089188-i345hgvyir_d.gif,,https://www.brighten.hk/SalePage/Index/516848,,2026-03-09 06:23:05
516844,單頭玫瑰 - 碎冰藍,135.0,HKD,"10枝
20支",,"10枝
20支",,廣州,,https://cms-static.cdn.91app.hk/images/original/67/410bf00c-2a34-46b8-84e7-71bbf6309319-1706089188-i345hgvyir_d.gif,,https://www.brighten.hk/SalePage/Index/516844,,2026-03-09 06:23:12
516843,單頭玫瑰 - 黃色（隨機）,120.0,HKD,"10枝
20支",,"10枝
20支",,廣州,,https://cms-static.cdn.91app.hk/images/original/67/410bf00c-2a34-46b8-84e7-71bbf6309319-1706089188-i345hgvyir_d.gif,,https://www.brighten.hk/SalePage/Index/516843,,2026-03-09 06:23:19
516841,配花 - 噴泉草,35.0,HKD,,,,,廣州,,https://cms-static.cdn.91app.hk/images/original/67/410bf00c-2a34-46b8-84e7-71bbf6309319-1706089188-i345hgvyir_d.gif,,https://www.brighten.hk/SalePage/Index/516841,,2026-03-09 06:23:26
516839,葉材- 蘋果桉,55.0,HKD,,,,,廣州,,https://cms-static.cdn.91app.hk/images/original/67/410bf00c-2a34-46b8-84e7-71bbf6309319-1706089188-i345hgvyir_d.gif,,https://www.brighten.hk/SalePage/Index/516839,,2026-03-09 06:23:34
516833,葉材- 桔葉,55.0,HKD,,,,,廣州,,https://cms-static.cdn.91app.hk/images/original/67/410bf00c-2a34-46b8-84e7-71bbf6309319-1706089188-i345hgvyir_d.gif,,https://www.brighten.hk/SalePage/Index/516833,,2026-03-09 06:23:40
516832,香橼,50.0,HKD,,,,,廣州,,https://cms-static.cdn.91app.hk/images/original/67/410bf00c-2a34-46b8-84e7-71bbf6309319-1706089188-i345hgvyir_d.gif,,https://www.brighten.hk/SalePage/Index/516832,,2026-03-09 06:23:47
516830,鮮花 - 帝王花,250.0,HKD,,,,,廣州,,https://cms-static.cdn.91app.hk/images/original/67/410bf00c-2a34-46b8-84e7-71bbf6309319-1706089188-i345hgvyir_d.gif,,https://www.brighten.hk/SalePage/Index/516830,,2026-03-09 06:23:54
516829,鮮花 - 霧中情人,75.0,HKD,,,,,廣州,,https://cms-static.cdn.91app.hk/images/original/67/410bf00c-2a34-46b8-84e7-71bbf6309319-1706089188-i345hgvyir_d.gif,,https://www.brighten.hk/SalePage/Index/516829,,2026-03-09 06:24:01
516370,鮮花 - 馬蹄蓮,170.0,HKD,,,,,廣州,,https://cms-static.cdn.91app.hk/images/original/67/410bf00c-2a34-46b8-84e7-71bbf6309319-1706089188-i345hgvyir_d.gif,,https://www.brighten.hk/SalePage/Index/516370,,2026-03-09 06:24:09
516354,單頭玫瑰 - 紫色（品種隨機）,130.0,HKD,"10枝
20支",,"10枝
20支",,廣州,,https://cms-static.cdn.91app.hk/images/original/67/410bf00c-2a34-46b8-84e7-71bbf6309319-1706089188-i345hgvyir_d.gif,,https://www.brighten.hk/SalePage/Index/516354,,2026-03-09 06:24:16
516353,單頭玫瑰 - 蘋果傑克,140.0,HKD,"10枝
20支",,"10枝
20支",,廣州,,https://cms-static.cdn.91app.hk/images/original/67/410bf00c-2a34-46b8-84e7-71bbf6309319-1706089188-i345hgvyir_d.gif,,https://www.brighten.hk/SalePage/Index/516353,,2026-03-09 06:24:24
516352,非洲菊 - 粉色,40.0,HKD,,,,,廣州,,https://cms-static.cdn.91app.hk/images/original/67/410bf00c-2a34-46b8-84e7-71bbf6309319-1706089188-i345hgvyir_d.gif,,https://www.brighten.hk/SalePage/Index/516352,,2026-03-09 06:24:30
516351,鮮花 - 松蟲草,95.0,HKD,"白色5支
粉色5支
淺藍色5支
紅色5支",,"白色5支
粉色5支
淺藍色5支
紅色5支",,廣州,,https://cms-static.cdn.91app.hk/images/original/67/410bf00c-2a34-46b8-84e7-71bbf6309319-1706089188-i345hgvyir_d.gif,,https://www.brighten.hk/SalePage/Index/516351,,2026-03-09 06:24:37
516349,葉材- 九星葉,75.0,HKD,,,,,廣州,,https://cms-static.cdn.91app.hk/images/original/67/410bf00c-2a34-46b8-84e7-71bbf6309319-1706089188-i345hgvyir_d.gif,,https://www.brighten.hk/SalePage/Index/516349,,2026-03-09 06:24:44
516348,觀果-燈臺,75.0,HKD,,,,,廣州,,https://cms-static.cdn.91app.hk/images/original/67/410bf00c-2a34-46b8-84e7-71bbf6309319-1706089188-i345hgvyir_d.gif,,https://www.brighten.hk/SalePage/Index/516348,,2026-03-09 06:24:51
516347,配花 - 千層金,75.0,HKD,,,,,廣州,,https://cms-static.cdn.91app.hk/images/original/67/410bf00c-2a34-46b8-84e7-71bbf6309319-1706089188-i345hgvyir_d.gif,,https://www.brighten.hk/SalePage/Index/516347,,2026-03-09 06:24:59
516344,觀果 - 黃金球,45.0,HKD,,,,,廣州,,https://cms-static.cdn.91app.hk/images/original/67/410bf00c-2a34-46b8-84e7-71bbf6309319-1706089188-i345hgvyir_d.gif,,https://www.brighten.hk/SalePage/Index/516344,,2026-03-09 06:25:06
516343,觀果 - 山裏紅,45.0,HKD,,,,,廣州,,https://cms-static.cdn.91app.hk/images/original/67/410bf00c-2a34-46b8-84e7-71bbf6309319-1706089188-i345hgvyir_d.gif,,https://www.brighten.hk/SalePage/Index/516343,,2026-03-09 06:25:13
516342,鮮花 - 綉球花-（可選色）,60.0,HKD,"紫色1支
藍色1支
粉色1支
綠色1支",,"紫色1支
藍色1支
粉色1支
綠色1支",,廣州,,https://cms-static.cdn.91app.hk/images/original/67/410bf00c-2a34-46b8-84e7-71bbf6309319-1706089188-i345hgvyir_d.gif,,https://www.brighten.hk/SalePage/Index/516342,,2026-03-09 06:25:20
516341,鮮花-藍星花,45.0,HKD,,"白色5支
白色10支
藍色5支
藍色10支
粉色5支
粉色10支",,,廣州,,https://cms-static.cdn.91app.hk/images/original/67/410bf00c-2a34-46b8-84e7-71bbf6309319-1706089188-i345hgvyir_d.gif,,https://www.brighten.hk/SalePage/Index/516341,,2026-03-09 06:25:27
516339,配花-滿天星,40.0,HKD,,"白色3支
白色9一12支
七彩3支
七彩9一12支
西瓜紅3支
西瓜紅9一12支
桃紅色3支
桃紅色9一12支
粉色3支
粉色9一12支
紫色3支
紫色9一12支
橙色3支
橙色9一12支
藍色3支
藍色9一12支",,,廣州,,https://cms-static.cdn.91app.hk/images/original/67/410bf00c-2a34-46b8-84e7-71bbf6309319-1706089188-i345hgvyir_d.gif,,https://www.brighten.hk/SalePage/Index/516339,,2026-03-09 06:25:35
516251,配花-勿忘我,30.0,HKD,,"白色3支
白色10一15支
粉紅色3支
粉紅色10一15支
深紫3支
深紫10一15支
淺紫3支
淺紫10一15支
黃色3支
黃色10一15支",,,廣州,,https://cms-static.cdn.91app.hk/images/original/67/410bf00c-2a34-46b8-84e7-71bbf6309319-1706089188-i345hgvyir_d.gif,,https://www.brighten.hk/SalePage/Index/516251,,2026-03-09 06:25:42
516249,配花 - 夕霧草,50.0,HKD,,,,,廣州,,https://cms-static.cdn.91app.hk/images/original/67/410bf00c-2a34-46b8-84e7-71bbf6309319-1706089188-i345hgvyir_d.gif,,https://www.brighten.hk/SalePage/Index/516249,,2026-03-09 06:25:50
516247,鮮花-洋桔梗,50.0,HKD,,"深紫3支
深紫10一12支
白色3支
白色10一12支
白色紫邊3支
白色紫邊10一12支
粉色3支
粉色10一12支
綠色3支
綠色10一12支
香檳色3支
香檳色10一12支
深茶色3支
深茶色10一12支
白色粉邊3支
白色粉邊10一12支",,,廣州,,https://cms-static.cdn.91app.hk/images/original/67/410bf00c-2a34-46b8-84e7-71bbf6309319-1706089188-i345hgvyir_d.gif,,https://www.brighten.hk/SalePage/Index/516247,,2026-03-09 06:25:57
516244,鮮花 - 風鈴花,45.0,HKD,,,,,廣州,,https://cms-static.cdn.91app.hk/images/original/67/410bf00c-2a34-46b8-84e7-71bbf6309319-1706089188-i345hgvyir_d.gif,,https://www.brighten.hk/SalePage/Index/516244,,2026-03-09 06:26:05
516242,觀果-火龍珠,50.0,HKD,,"紅色3支
紅色7一10支",,,廣州,,https://cms-static.cdn.91app.hk/images/original/67/410bf00c-2a34-46b8-84e7-71bbf6309319-1706089188-i345hgvyir_d.gif,,https://www.brighten.hk/SalePage/Index/516242,,2026-03-09 06:26:12
516222,配花 - 綠鈴草,45.0,HKD,,,,,廣州,,https://cms-static.cdn.91app.hk/images/original/67/410bf00c-2a34-46b8-84e7-71bbf6309319-1706089188-i345hgvyir_d.gif,,https://www.brighten.hk/SalePage/Index/516222,,2026-03-09 06:26:20
516221,配花 - 綠毛球,50.0,HKD,,,,,廣州,,https://cms-static.cdn.91app.hk/images/original/67/410bf00c-2a34-46b8-84e7-71bbf6309319-1706089188-i345hgvyir_d.gif,,https://www.brighten.hk/SalePage/Index/516221,,2026-03-09 06:26:27
516220,廣州觀果 - 桉果,75.0,HKD,,,,,廣州,,https://cms-static.cdn.91app.hk/images/original/67/410bf00c-2a34-46b8-84e7-71bbf6309319-1706089188-i345hgvyir_d.gif,,https://www.brighten.hk/SalePage/Index/516220,,2026-03-09 06:26:34
516219,多頭玫瑰 - 橙色芭比,70.0,HKD,"3枝
5支
10支",,"3枝
5支
10支",,廣州,,https://cms-static.cdn.91app.hk/images/original/67/410bf00c-2a34-46b8-84e7-71bbf6309319-1706089188-i345hgvyir_d.gif,,https://www.brighten.hk/SalePage/Index/516219,,2026-03-09 06:26:41
516217,多頭玫瑰 - 火焰,70.0,HKD,"3枝
5支
10支",,"3枝
5支
10支",,廣州,,https://cms-static.cdn.91app.hk/images/original/67/410bf00c-2a34-46b8-84e7-71bbf6309319-1706089188-i345hgvyir_d.gif,,https://www.brighten.hk/SalePage/Index/516217,,2026-03-09 06:26:47
516216,多頭玫瑰 - 霓虹泡泡,80.0,HKD,"3枝
5支
10支",,"3枝
5支
10支",,廣州,,https://cms-static.cdn.91app.hk/images/original/67/410bf00c-2a34-46b8-84e7-71bbf6309319-1706089188-i345hgvyir_d.gif,,https://www.brighten.hk/SalePage/Index/516216,,2026-03-09 06:26:54
516215,多頭玫瑰 - 蘇菲寶貝,100.0,HKD,"3枝
5支
10支",,"3枝
5支
10支",,廣州,,https://cms-static.cdn.91app.hk/images/original/67/410bf00c-2a34-46b8-84e7-71bbf6309319-1706089188-i345hgvyir_d.gif,,https://www.brighten.hk/SalePage/Index/516215,,2026-03-09 06:27:01
516214,單頭玫瑰 - 朱麗葉,145.0,HKD,"10枝
20支",,"10枝
20支",,廣州,,https://cms-static.cdn.91app.hk/images/original/67/410bf00c-2a34-46b8-84e7-71bbf6309319-1706089188-i345hgvyir_d.gif,,https://www.brighten.hk/SalePage/Index/516214,,2026-03-09 06:27:10
516212,單頭玫瑰 - 高原紅,140.0,HKD,"10枝
20支",,"10枝
20支",,廣州,,https://cms-static.cdn.91app.hk/images/original/67/410bf00c-2a34-46b8-84e7-71bbf6309319-1706089188-i345hgvyir_d.gif,,https://www.brighten.hk/SalePage/Index/516212,,2026-03-09 06:27:16
516211,單頭玫瑰 - 蜜桃雪山,115.0,HKD,"10枝
20支",,"10枝
20支",,廣州,,https://cms-static.cdn.91app.hk/images/original/67/410bf00c-2a34-46b8-84e7-71bbf6309319-1706089188-i345hgvyir_d.gif,,https://www.brighten.hk/SalePage/Index/516211,,2026-03-09 06:27:23
515219,單頭玫瑰 - 粉紅雪山,120.0,HKD,"10枝
20支",,"10枝
20支",,廣州,,https://cms-static.cdn.91app.hk/images/original/67/410bf00c-2a34-46b8-84e7-71bbf6309319-1706089188-i345hgvyir_d.gif,,https://www.brighten.hk/SalePage/Index/515219,,2026-03-09 06:27:33
515194,廣州單頭玫瑰 - 雪山,115.0,HKD,"10枝
20支",,"10枝
20支",,廣州,,https://cms-static.cdn.91app.hk/images/original/67/410bf00c-2a34-46b8-84e7-71bbf6309319-1706089188-i345hgvyir_d.gif,,https://www.brighten.hk/SalePage/Index/515194,,2026-03-09 06:27:40
515193,非洲菊 - 紅色,40.0,HKD,,,,,廣州,,https://cms-static.cdn.91app.hk/images/original/67/410bf00c-2a34-46b8-84e7-71bbf6309319-1706089188-i345hgvyir_d.gif,,https://www.brighten.hk/SalePage/Index/515193,,2026-03-09 06:27:48
515189,鮮花 - 唐菖蒲（劍蘭）-玫紅,45.0,HKD,,,,,,,https://cms-static.cdn.91app.hk/images/original/67/410bf00c-2a34-46b8-84e7-71bbf6309319-1706089188-i345hgvyir_d.gif,,https://www.brighten.hk/SalePage/Index/515189,,2026-03-09 06:27:55
515175,向日葵 -多頭向日葵-泰迪,45.0,HKD,"1枝
5枝",,"1枝
5枝",,廣州,,https://cms-static.cdn.91app.hk/images/original/67/410bf00c-2a34-46b8-84e7-71bbf6309319-1706089188-i345hgvyir_d.gif,,https://www.brighten.hk/SalePage/Index/515175,,2026-03-09 06:28:02
515157,廣州鮮花 - 唐菖蒲（劍蘭）-紫色,70.0,HKD,,,,,廣州,,https://cms-static.cdn.91app.hk/images/original/67/410bf00c-2a34-46b8-84e7-71bbf6309319-1706089188-i345hgvyir_d.gif,,https://www.brighten.hk/SalePage/Index/515157,,2026-03-09 06:28:09
515154,尤加利 - 中葉多枝尤加利,45.0,HKD,,,,,廣州,,https://cms-static.cdn.91app.hk/images/original/67/410bf00c-2a34-46b8-84e7-71bbf6309319-1706089188-i345hgvyir_d.gif,,https://www.brighten.hk/SalePage/Index/515154,,2026-03-09 06:28:16
515152,多頭百合 重瓣 白星,65.0,HKD,"1支
5支",,"1支
5支",,廣州,,https://cms-static.cdn.91app.hk/images/original/67/410bf00c-2a34-46b8-84e7-71bbf6309319-1706089188-i345hgvyir_d.gif,,https://www.brighten.hk/SalePage/Index/515152,,2026-03-09 06:28:23
515142,單頭玫瑰 - 影星,115.0,HKD,"10枝
20支",,"10枝
20支",,廣州,,https://cms-static.cdn.91app.hk/images/original/67/410bf00c-2a34-46b8-84e7-71bbf6309319-1706089188-i345hgvyir_d.gif,,https://www.brighten.hk/SalePage/Index/515142,,2026-03-09 06:28:31
515139,單頭玫瑰 - 戴安娜,115.0,HKD,"10枝
20支",,"10枝
20支",,廣州,,https://cms-static.cdn.91app.hk/images/original/67/410bf00c-2a34-46b8-84e7-71bbf6309319-1706089188-i345hgvyir_d.gif,,https://www.brighten.hk/SalePage/Index/515139,,2026-03-09 06:28:38
515137,單頭玫瑰 - 香檳,115.0,HKD,"10枝
20支",,"10枝
20支",,廣州,,https://cms-static.cdn.91app.hk/images/original/67/410bf00c-2a34-46b8-84e7-71bbf6309319-1706089188-i345hgvyir_d.gif,,https://www.brighten.hk/SalePage/Index/515137,,2026-03-09 06:28:46
515134,多頭單瓣 百合 - 金百合,90.0,HKD,"3枝
5枝
10枝",,"3枝
5枝
10枝",,廣州,,https://cms-static.cdn.91app.hk/images/original/67/410bf00c-2a34-46b8-84e7-71bbf6309319-1706089188-i345hgvyir_d.gif,,https://www.brighten.hk/SalePage/Index/515134,,2026-03-09 06:28:53
515124,多頭百合 - 木門,110.0,HKD,"3枝
5枝
10枝",,"3枝
5枝
10枝",,廣州,,https://cms-static.cdn.91app.hk/images/original/67/410bf00c-2a34-46b8-84e7-71bbf6309319-1706089188-i345hgvyir_d.gif,,https://www.brighten.hk/SalePage/Index/515124,,2026-03-09 06:29:00
515117,掌類-紅掌-中小掌,55.0,HKD,,,,,廣州,,https://cms-static.cdn.91app.hk/images/original/67/410bf00c-2a34-46b8-84e7-71bbf6309319-1706089188-i345hgvyir_d.gif,,https://www.brighten.hk/SalePage/Index/515117,,2026-03-09 06:29:07
515116,單頭玫瑰 - 輝煌,140.0,HKD,"10枝
20支",,"10枝
20支",,廣州,,https://cms-static.cdn.91app.hk/images/original/67/410bf00c-2a34-46b8-84e7-71bbf6309319-1706089188-i345hgvyir_d.gif,,https://www.brighten.hk/SalePage/Index/515116,,2026-03-09 06:29:14
515113,單頭玫瑰 - 坦尼克,115.0,HKD,"10枝
20支",,"10枝
20支",,廣州,,https://cms-static.cdn.91app.hk/images/original/67/410bf00c-2a34-46b8-84e7-71bbf6309319-1706089188-i345hgvyir_d.gif,,https://www.brighten.hk/SalePage/Index/515113,,2026-03-09 06:29:21
515111,單頭玫瑰 - 艾莎,140.0,HKD,"10枝
20支",,"10枝
20支",,廣州,,https://cms-static.cdn.91app.hk/images/original/67/410bf00c-2a34-46b8-84e7-71bbf6309319-1706089188-i345hgvyir_d.gif,,https://www.brighten.hk/SalePage/Index/515111,,2026-03-09 06:29:28
515110,草花-紫羅蘭,50.0,HKD,,"白色5支
白色10支
粉色5支
粉色10支
香檳色5支
香檳色10支
紫色5支
紫色10支",,,廣州,,https://cms-static.cdn.91app.hk/images/original/67/410bf00c-2a34-46b8-84e7-71bbf6309319-1706089188-i345hgvyir_d.gif,,https://www.brighten.hk/SalePage/Index/515110,,2026-03-09 06:29:35
515107,草花-金魚草,45.0,HKD,,,,,,,https://cms-static.cdn.91app.hk/images/original/67/410bf00c-2a34-46b8-84e7-71bbf6309319-1706089188-i345hgvyir_d.gif,,https://www.brighten.hk/SalePage/Index/515107,,2026-03-09 05:30:09
515101,單頭菊花 - 彩色乒乓菊,70.0,HKD,,,,,,,https://cms-static.cdn.91app.hk/images/original/67/410bf00c-2a34-46b8-84e7-71bbf6309319-1706089188-i345hgvyir_d.gif,,https://www.brighten.hk/SalePage/Index/515101,,2026-03-09 05:30:17
515100,單頭康乃馨 - 黃色,70.0,HKD,"10枝
20枝",,"10枝
20枝",,廣州,,https://cms-static.cdn.91app.hk/images/original/67/410bf00c-2a34-46b8-84e7-71bbf6309319-1706089188-i345hgvyir_d.gif,,https://www.brighten.hk/SalePage/Index/515100,,2026-03-09 06:31:30
515098,單頭康乃馨 - 粉色,70.0,HKD,"10枝
20枝",,"10枝
20枝",,廣州,,https://cms-static.cdn.91app.hk/images/original/67/410bf00c-2a34-46b8-84e7-71bbf6309319-1706089188-i345hgvyir_d.gif,,https://www.brighten.hk/SalePage/Index/515098,,2026-03-09 06:31:36
515097,單頭康乃馨 - 橙色,70.0,HKD,"10枝
20枝",,"10枝
20枝",,廣州,,https://cms-static.cdn.91app.hk/images/original/67/410bf00c-2a34-46b8-84e7-71bbf6309319-1706089188-i345hgvyir_d.gif,,https://www.brighten.hk/SalePage/Index/515097,,2026-03-09 06:31:44
515096,單頭康乃馨 - 紫色,70.0,HKD,"10枝
20枝",,"10枝
20枝",,廣州,,https://cms-static.cdn.91app.hk/images/original/67/410bf00c-2a34-46b8-84e7-71bbf6309319-1706089188-i345hgvyir_d.gif,,https://www.brighten.hk/SalePage/Index/515096,,2026-03-09 06:31:51
515094,單頭康乃馨 - 白色紫邊-紫精靈,70.0,HKD,"10枝
20枝",,"10枝
20枝",,廣州,,https://cms-static.cdn.91app.hk/images/original/67/410bf00c-2a34-46b8-84e7-71bbf6309319-1706089188-i345hgvyir_d.gif,,https://www.brighten.hk/SalePage/Index/515094,,2026-03-09 06:31:59
515092,單頭康乃馨 - 白色,70.0,HKD,"10枝
20枝",,"10枝
20枝",,廣州,,https://cms-static.cdn.91app.hk/images/original/67/410bf00c-2a34-46b8-84e7-71bbf6309319-1706089188-i345hgvyir_d.gif,,https://www.brighten.hk/SalePage/Index/515092,,2026-03-09 06:32:06
515091,多頭康乃馨 - 黃色,70.0,HKD,"10枝
20枝",,"10枝
20枝",,廣州,,https://cms-static.cdn.91app.hk/images/original/67/410bf00c-2a34-46b8-84e7-71bbf6309319-1706089188-i345hgvyir_d.gif,,https://www.brighten.hk/SalePage/Index/515091,,2026-03-09 06:32:16
515090,多頭康乃馨 - 橙色,70.0,HKD,"10枝
20枝",,"10枝
20枝",,廣州,,https://cms-static.cdn.91app.hk/images/original/67/410bf00c-2a34-46b8-84e7-71bbf6309319-1706089188-i345hgvyir_d.gif,,https://www.brighten.hk/SalePage/Index/515090,,2026-03-09 06:32:23
515088,多頭康乃馨 - 粉色,80.0,HKD,"10枝
20枝",,"10枝
20枝",,廣州,,https://cms-static.cdn.91app.hk/images/original/67/410bf00c-2a34-46b8-84e7-71bbf6309319-1706089188-i345hgvyir_d.gif,,https://www.brighten.hk/SalePage/Index/515088,,2026-03-09 06:32:34
515086,多頭康乃馨 - 白色,70.0,HKD,"10枝
20枝",,"10枝
20枝",,廣州,,https://cms-static.cdn.91app.hk/images/original/67/410bf00c-2a34-46b8-84e7-71bbf6309319-1706089188-i345hgvyir_d.gif,,https://www.brighten.hk/SalePage/Index/515086,,2026-03-09 06:32:41
515085,配花 - 翠珠-可選色,40.0,HKD,,,,,廣州,,https://cms-static.cdn.91app.hk/images/original/67/410bf00c-2a34-46b8-84e7-71bbf6309319-1706089188-i345hgvyir_d.gif,,https://www.brighten.hk/SalePage/Index/515085,,2026-03-09 06:32:51
514721,配花 - 火焰蘭,40.0,HKD,,,,,廣州,,https://cms-static.cdn.91app.hk/images/original/67/410bf00c-2a34-46b8-84e7-71bbf6309319-1706089188-i345hgvyir_d.gif,,https://www.brighten.hk/SalePage/Index/514721,,2026-03-09 06:32:57
514720,配花 - 盼盼草,30.0,HKD,,,,,廣州,,https://cms-static.cdn.91app.hk/images/original/67/410bf00c-2a34-46b8-84e7-71bbf6309319-1706089188-i345hgvyir_d.gif,,https://www.brighten.hk/SalePage/Index/514720,,2026-03-09 06:33:05
514718,配花 - 單頭鼠尾草-藍色/粉色,40.0,HKD,,,,,廣州,,https://cms-static.cdn.91app.hk/images/original/67/410bf00c-2a34-46b8-84e7-71bbf6309319-1706089188-i345hgvyir_d.gif,,https://www.brighten.hk/SalePage/Index/514718,,2026-03-09 06:33:12
514717,配花 - 單瓣 洋甘菊,40.0,HKD,"5枝
10枝",,"5枝
10枝",,廣州,,https://cms-static.cdn.91app.hk/images/original/67/410bf00c-2a34-46b8-84e7-71bbf6309319-1706089188-i345hgvyir_d.gif,,https://www.brighten.hk/SalePage/Index/514717,,2026-03-09 06:33:18
514714,葉類 - 紅繼木葉/紅花繼木葉,45.0,HKD,,,,,廣州,,https://cms-static.cdn.91app.hk/images/original/67/410bf00c-2a34-46b8-84e7-71bbf6309319-1706089188-i345hgvyir_d.gif,,https://www.brighten.hk/SalePage/Index/514714,,2026-03-09 06:33:25
514713,百合 - 多頭單瓣-普拉芬多,60.0,HKD,,,,,廣州,,https://cms-static.cdn.91app.hk/images/original/67/410bf00c-2a34-46b8-84e7-71bbf6309319-1706089188-i345hgvyir_d.gif,,https://www.brighten.hk/SalePage/Index/514713,,2026-03-09 06:33:34
514712,百合 - 多頭單瓣-羅賓娜,60.0,HKD,,,,,廣州,,https://cms-static.cdn.91app.hk/images/original/67/410bf00c-2a34-46b8-84e7-71bbf6309319-1706089188-i345hgvyir_d.gif,,https://www.brighten.hk/SalePage/Index/514712,,2026-03-09 06:33:41
514710,百合 - 多頭單瓣-星光,80.0,HKD,,,,,廣州,,https://cms-static.cdn.91app.hk/images/original/67/410bf00c-2a34-46b8-84e7-71bbf6309319-1706089188-i345hgvyir_d.gif,,https://www.brighten.hk/SalePage/Index/514710,,2026-03-09 06:33:48
514708,百合 - 多頭單瓣-麥當娜-香水百合,80.0,HKD,,,,,廣州,,https://cms-static.cdn.91app.hk/images/original/67/410bf00c-2a34-46b8-84e7-71bbf6309319-1706089188-i345hgvyir_d.gif,,https://www.brighten.hk/SalePage/Index/514708,,2026-03-09 06:33:56
514707,百合 - 多頭單瓣-皇帝,80.0,HKD,,,,,廣州,,https://cms-static.cdn.91app.hk/images/original/67/410bf00c-2a34-46b8-84e7-71bbf6309319-1706089188-i345hgvyir_d.gif,,https://www.brighten.hk/SalePage/Index/514707,,2026-03-09 06:34:03
514706,單頭玫瑰 - 卡羅拉,115.0,HKD,"10枝
20支",,"10枝
20支",,廣州,,https://cms-static.cdn.91app.hk/images/original/67/410bf00c-2a34-46b8-84e7-71bbf6309319-1706089188-i345hgvyir_d.gif,,https://www.brighten.hk/SalePage/Index/514706,,2026-03-09 06:34:12
514704,葉材- 狐尾天門冬,45.0,HKD,,,,,廣州,,https://cms-static.cdn.91app.hk/images/original/67/410bf00c-2a34-46b8-84e7-71bbf6309319-1706089188-i345hgvyir_d.gif,,https://www.brighten.hk/SalePage/Index/514704,,2026-03-09 06:34:23
514703,葉類 - 梔子葉,40.0,HKD,,,,,廣州,,https://cms-static.cdn.91app.hk/images/original/67/410bf00c-2a34-46b8-84e7-71bbf6309319-1706089188-i345hgvyir_d.gif,,https://www.brighten.hk/SalePage/Index/514703,,2026-03-09 06:34:33
514702,葉類 - 米仔蘭葉/米蘭葉,40.0,HKD,,,,,廣州,,https://cms-static.cdn.91app.hk/images/original/67/410bf00c-2a34-46b8-84e7-71bbf6309319-1706089188-i345hgvyir_d.gif,,https://www.brighten.hk/SalePage/Index/514702,,2026-03-09 06:34:41
514700,葉類 - 散尾葵,40.0,HKD,,,,,廣州,,https://cms-static.cdn.91app.hk/images/original/67/410bf00c-2a34-46b8-84e7-71bbf6309319-1706089188-i345hgvyir_d.gif,,https://www.brighten.hk/SalePage/Index/514700,,2026-03-09 06:34:49
514699,葉類 - 蓬萊松,45.0,HKD,,,,,廣州,,https://cms-static.cdn.91app.hk/images/original/67/410bf00c-2a34-46b8-84e7-71bbf6309319-1706089188-i345hgvyir_d.gif,,https://www.brighten.hk/SalePage/Index/514699,,2026-03-09 06:34:57
514698,葉材- 天門冬,45.0,HKD,,,,,廣州,,https://cms-static.cdn.91app.hk/images/original/67/410bf00c-2a34-46b8-84e7-71bbf6309319-1706089188-i345hgvyir_d.gif,,https://www.brighten.hk/SalePage/Index/514698,,2026-03-09 06:35:07
514697,單頭菊花-黃/白菊-次日達,25.0,HKD,"黃色5支
黃色10支
白色5支
白色10支",,"黃色5支
黃色10支
白色5支
白色10支",,廣州,,https://cms-static.cdn.91app.hk/images/original/67/410bf00c-2a34-46b8-84e7-71bbf6309319-1706089188-i345hgvyir_d.gif,,https://www.brighten.hk/SalePage/Index/514697,,2026-03-09 06:35:15
514696,唐菖蒲（劍蘭）-粉色,55.0,HKD,,,,,廣州,,https://cms-static.cdn.91app.hk/images/original/67/410bf00c-2a34-46b8-84e7-71bbf6309319-1706089188-i345hgvyir_d.gif,,https://www.brighten.hk/SalePage/Index/514696,,2026-03-09 06:35:22
514694,唐菖蒲（劍蘭）-紅色,55.0,HKD,,,,,廣州,,https://cms-static.cdn.91app.hk/images/original/67/410bf00c-2a34-46b8-84e7-71bbf6309319-1706089188-i345hgvyir_d.gif,,https://www.brighten.hk/SalePage/Index/514694,,2026-03-09 06:35:29
514693,單頭菊花 - 白色乒乓菊,55.0,HKD,"5枝
10枝",,"5枝
10枝",,廣州,,https://cms-static.cdn.91app.hk/images/original/67/410bf00c-2a34-46b8-84e7-71bbf6309319-1706089188-i345hgvyir_d.gif,,https://www.brighten.hk/SalePage/Index/514693,,2026-03-09 06:35:47
514692,單頭菊花 - 黃色乒乓菊,55.0,HKD,"5枝
10枝",,"5枝
10枝",,廣州,,https://cms-static.cdn.91app.hk/images/original/67/410bf00c-2a34-46b8-84e7-71bbf6309319-1706089188-i345hgvyir_d.gif,,https://www.brighten.hk/SalePage/Index/514692,,2026-03-09 06:35:55
514691,頭菊花 - 粉色乒乓菊,55.0,HKD,"5枝
10枝",,"5枝
10枝",,廣州,,https://cms-static.cdn.91app.hk/images/original/67/410bf00c-2a34-46b8-84e7-71bbf6309319-1706089188-i345hgvyir_d.gif,,https://www.brighten.hk/SalePage/Index/514691,,2026-03-09 06:36:02
514690,向日葵 (橘黃黑心),30.0,HKD,"1枝
5枝",,"1枝
5枝",,廣州,,https://cms-static.cdn.91app.hk/images/original/67/410bf00c-2a34-46b8-84e7-71bbf6309319-1706089188-i345hgvyir_d.gif,,https://www.brighten.hk/SalePage/Index/514690,,2026-03-09 06:36:10
514689,天堂鳥,25.0,HKD,,,,,廣州,,https://cms-static.cdn.91app.hk/images/original/67/410bf00c-2a34-46b8-84e7-71bbf6309319-1706089188-i345hgvyir_d.gif,,https://www.brighten.hk/SalePage/Index/514689,,2026-03-09 06:36:18
511873,【進口次日】厄瓜多爾 美玫 (可選色),140.0,HKD,,"紅色Freedom
白色Candlelight
白色Playa Blanca
粉紅色Hermosa
粉紅色Jessica
粉紅色Pink Floyd
粉紅色PinkMondial
粉紅色Pink Xpression
粉紅色Rosita Vendela
粉紅色Shimmer
粉紅色Quicksand
粉紫色Cool Down
深粉色Saga
紫色Deep Purple
紫色Ocean Song",,,,,https://cms-static.cdn.91app.hk/images/original/67/410bf00c-2a34-46b8-84e7-71bbf6309319-1706089188-i345hgvyir_d.gif,,https://www.brighten.hk/SalePage/Index/511873,,2026-03-09 06:36:26
511859,【進口次日】荷蘭 鬱金香 Tulip (可選色),100.0,HKD,10枝,"橙色
粉紅色
紅色
黃色
深紫色
淺紫色",10枝,,,,https://cms-static.cdn.91app.hk/images/original/67/410bf00c-2a34-46b8-84e7-71bbf6309319-1706089188-i345hgvyir_d.gif,,https://www.brighten.hk/SalePage/Index/511859,,2026-03-09 06:36:32
511847,【進口次日】荷蘭 馬蹄蘭 Calla (可選色),105.0,HKD,5枝,"白色
黃色
橙紅色
紅色
粉紅色",5枝,,,,https://cms-static.cdn.91app.hk/images/original/67/410bf00c-2a34-46b8-84e7-71bbf6309319-1706089188-i345hgvyir_d.gif,,https://www.brighten.hk/SalePage/Index/511847,,2026-03-09 06:36:39
517295,單頭玫瑰 -火靈鳥,140.0,HKD,"10枝
20支",,"10枝
20支",,廣州,,https://cms-static.cdn.91app.hk/images/original/67/410bf00c-2a34-46b8-84e7-71bbf6309319-1706089188-i345hgvyir_d.gif,,https://www.brighten.hk/SalePage/Index/517295,,2026-03-09 06:18:49
517278,葉類 -朱蕉,40.0,HKD,,,,,廣州,,https://cms-static.cdn.91app.hk/images/original/67/410bf00c-2a34-46b8-84e7-71bbf6309319-1706089188-i345hgvyir_d.gif,,https://www.brighten.hk/SalePage/Index/517278,,2026-03-09 06:20:26
517277,葉類 -巴西葉,40.0,HKD,,,,,廣州,,https://cms-static.cdn.91app.hk/images/original/67/410bf00c-2a34-46b8-84e7-71bbf6309319-1706089188-i345hgvyir_d.gif,,https://www.brighten.hk/SalePage/Index/517277,,2026-03-09 06:20:33
